timer	pos	dir	vel	steering	steering_input	brake	brake_input	throttle	throttle_input	wheelspeed	vel_kmh	is_oob	oob_counter	max_oob_percentage	oob_distance
0	(2.0239598751068115, 2.480642318725586, -28)	(0.009620939381420612, 0.9999536871910095, 0)	(0, 0, 0)	0	None	0	None	0	None	0	0	False	0	nan	1.9979954041038714
0.20000000298023224	(2.024137020111084, 2.4823973178863525, -27.969350814819336)	(0.009599095210433006, 0.9999398589134216, -0.005308853927999735)	(-0.001950856065377593, 0.08989206701517105, 0.1642501950263977)	-3.6649883631614855	0.007186251692473888	0	0	0.9999483577866124	0.9999483577866124	0.06328405113582017	1	False	0	nan	1.998152686611923
0.4412500113248825	(2.0259618759155273, 2.6076109409332275, -27.852380752563477)	(0.010079550556838512, 0.999943733215332, -0.003292882815003395)	(0.01160578802227974, 0.8959072232246399, 0.9098443388938904)	4.885696610435649	-0.009579797275364399	0	0	0.9983082274841629	0.9983082274841629	2.9685520359470283	5	False	0	nan	1.9985580515969879
0.6677500195801258	(2.0258917808532715, 2.8327815532684326, -27.742334365844727)	(0.009579498320817947, 0.999954104423523, -0.00012674926256295294)	(-0.017414618283510208, 1.3533496856689453, 0.02685336396098137)	25.99438045173893	-0.05096937343478203	0	0	0.9574021229716657	0.9574021229716657	3.4000049993494788	5	False	0	nan	1.995592594620679
0.9000000283122063	(2.0271291732788086, 3.321392297744751, -27.757429122924805)	(0.005370619241148233, 0.999863862991333, 0.015601285733282566)	(0.018757643178105354, 2.8487560749053955, -0.04489460214972496)	10.744366161525313	-0.021067384630441666	0	0	0.959556165304833	0.959556165304833	3.6241024688504915	10	False	0	nan	1.9905470587707368
