{"archive_len": 2, "radius": 0.23274173533359693, "diameter_out": 0.2528926560136839, "diameter_in": 0.0028926560136838253}