{"archive_len": 2, "radius": 0.0, "diameter_out": 53.25415814320264, "diameter_in": 53.25415814320264}