{"archive_len": 24, "radius": 5.905457643516321, "diameter_out": 61.025902976915155, "diameter_in": 60.88015074689974}