{"archive_len": 24, "radius": 0.09375, "diameter_out": 0.24218963488296494, "diameter_in": 0.2595917113017171}