,archive_size,min_fog_failure,max_fog_failure,avg_fog_failure,std_fog_failure
0,12,0.16045668760121787,0.3948603135239197,0.28279685901681173,0.061088576568682516
