,Generation id,Number of archives,Average fog density,Standard deviation of fog density
0,0,6,0.23623564454063906,0.04131123612934723
1,1,8,0.2008629016983578,0.03380494427004971
2,2,12,0.19577723802948008,0.041294448262121114
3,3,12,0.19577723802948008,0.04242079398034751
4,4,12,0.19369390469614675,0.042898053556570316
5,5,12,0.19369390469614675,0.05073142302395819
