,archive_size,min_fog_failure,max_fog_failure,avg_fog_failure,std_fog_failure
0,6,0.07603420727825683,0.19920616090716542,0.14894602162122392,0.041626258567369234
