,run id,number of solutions,average fog density ,standard deviation of fog density
0,0,10,0.20724133951220275,0.11023415979420366
1,1,21,0.23225405003767802,0.10973187007895134
