,Seed id,Fog density of successful version,Fog density of failure version
0,0,0.125,0.140625
1,1,0.125,0.140625
2,2,0.15625,0.171875
3,3,0.15625,0.171875
4,4,0.28125,0.296875
5,5,0.09375,0.109375
6,6,0.15625,0.171875
7,7,0.15625,0.171875
8,8,0.15625,0.171875
9,9,0.15625,0.171875
