{"control_nodes": [[-4.592425496802574e-15, -25.0, -28.0, 8.0], [0.0, 0.0, -28.0, 8.0], [0.43631016093208996, 24.996192378909782, -28.0, 8.0], [0.8726203218641799, 49.992384757819565, -28.0, 8.0], [12.992860828022607, 71.85787743630446, -28.0, 8.0], [11.248948984419474, 96.79697869280007, -28.0, 8.0], [-6.734546024046807, 114.163437954275, -28.0, 8.0], [-7.170856184978894, 139.1596303331848, -28.0, 8.0], [-30.663171704626603, 147.71013391632653, -28.0, 8.0], [-49.24179234156146, 164.43839907529798, -28.0, 8.0], [-73.86198616686666, 168.77960351697124, -28.0, 8.0], [-98.48217999217187, 173.1208079586445, -28.0, 8.0]], "sample_nodes": [[0.0, 0.0, -28.0, 8.0], [0.012658656076029565, 1.3156790032662282, -28.0, 8.0], [0.02754370894935066, 2.6313385770619515, -28.0, 8.0], [0.044464324608766974, 3.9469803867703668, -28.0, 8.0], [0.06322966904308198, 5.262606097774648, -28.0, 8.0], [0.08364890824109937, 6.578217375457992, -28.0, 8.0], [0.10553120819162266, 7.893815885203578, -28.0, 8.0], [0.12868573488345536, 9.20940329239459, -28.0, 8.0], [0.15292165430540106, 10.524981262414212, -28.0, 8.0], [0.17804813244626355, 11.840551460645646, -28.0, 8.0], [0.20387433529484628, 13.156115552472063, -28.0, 8.0], [0.2302094288399526, 14.471675203276643, -28.0, 8.0], [0.2568625790703865, 15.78723207844259, -28.0, 8.0], [0.28364295197495115, 17.10278784335307, -28.0, 8.0], [0.31035971354245045, 18.418344163391282, -28.0, 8.0], [0.33682202976168785, 19.733902703940412, -28.0, 8.0], [0.36283906662146675, 21.049465130383634, -28.0, 8.0], [0.38821999011059116, 22.36503310810415, -28.0, 8.0], [0.41277396621786433, 23.68060830248514, -28.0, 8.0], [0.43631016093208996, 24.996192378909782, -28.0, 8.0], [0.4439428471821917, 26.315889382276204, -28.0, 8.0], [0.42432041088912054, 27.64288937371767, -28.0, 8.0], [0.38255318752972184, 28.975823042970127, -28.0, 8.0], [0.32375151258084006, 30.31332107976948, -28.0, 8.0], [0.2530257215193203, 31.654014173851685, -28.0, 8.0], [0.17548614982200714, 32.99653301495265, -28.0, 8.0], [0.09624313296574638, 34.339508292808304, -28.0, 8.0], [0.020407006427381746, 35.68157069715457, -28.0, 8.0], [-0.046911894316241765, 37.02135091772739, -28.0, 8.0], [-0.10060323378827857, 38.35747964426268, -28.0, 8.0], [-0.13555667651188402, 39.688587566496366, -28.0, 8.0], [-0.14666188701021382, 41.01330537416439, -28.0, 8.0], [-0.12880852980642227, 42.330263757002655, -28.0, 8.0], [-0.07688626942366503, 43.63809340474711, -28.0, 8.0], [0.01421522961490329, 44.935425007133674, -28.0, 8.0], [0.14960630278612602, 46.220889253898264, -28.0, 8.0], [0.33439728556685017, 47.493116834776835, -28.0, 8.0], [0.5736985134339199, 48.75073843950529, -28.0, 8.0], [0.8726203218641799, 49.992384757819565, -28.0, 8.0], [1.2527613741960626, 51.21310989722761, -28.0, 8.0], [1.7248639369054195, 52.41068993869673, -28.0, 8.0], [2.277753750175231, 53.587838532151906, -28.0, 8.0], [2.9002565541884686, 54.74726932751807, -28.0, 8.0], [3.581198089128115, 55.891695974720214, -28.0, 8.0], [4.309404095177143, 57.02383212368328, -28.0, 8.0], [5.073700312518527, 58.14639142433222, -28.0, 8.0], [5.862912481335246, 59.26208752659201, -28.0, 8.0], [6.665866341810281, 60.37363408038762, -28.0, 8.0], [7.471387634126605, 61.483744735644, -28.0, 8.0], [8.268302098467188, 62.5951331422861, -28.0, 8.0], [9.04543547501502, 63.710512950238886, -28.0, 8.0], [9.791613503953062, 64.83259780942733, -28.0, 8.0], [10.4956619254643, 65.96410136977637, -28.0, 8.0], [11.146406479731713, 67.107737281211, -28.0, 8.0], [11.732672906938273, 68.26621919365616, -28.0, 8.0], [12.243286947266958, 69.44226075703682, -28.0, 8.0], [12.667074340900745, 70.63857562127794, -28.0, 8.0], [12.992860828022607, 71.85787743630446, -28.0, 8.0], [13.249836590320964, 73.10780377278391, -28.0, 8.0], [13.473948669632893, 74.39107878576874, -28.0, 8.0], [13.664158096364403, 75.70304600176155, -28.0, 8.0], [13.819425900921479, 77.03904894726486, -28.0, 8.0], [13.938713113710106, 78.39443114878121, -28.0, 8.0], [14.020980765136283, 79.76453613281312, -28.0, 8.0], [14.065189885605996, 81.14470742586315, -28.0, 8.0], [14.070301505525242, 82.53028855443384, -28.0, 8.0], [14.03527665530001, 83.9166230450277, -28.0, 8.0], [13.95907636533629, 85.29905442414733, -28.0, 8.0], [13.840661666040074, 86.67292621829516, -28.0, 8.0], [13.678993587817352, 88.03358195397384, -28.0, 8.0], [13.47303316107412, 89.37636515768583, -28.0, 8.0], [13.221741416216362, 90.69661935593372, -28.0, 8.0], [12.924079383650078, 91.98968807522002, -28.0, 8.0], [12.579008093781258, 93.25091484204724, -28.0, 8.0], [12.185488577015889, 94.47564318291798, -28.0, 8.0], [11.742481863759965, 95.65921662433476, -28.0, 8.0], [11.248948984419474, 96.79697869280007, -28.0, 8.0], [10.662981075252496, 97.87984677831238, -28.0, 8.0], [9.953213724719316, 98.90627541205257, -28.0, 8.0], [9.134424641529257, 99.88291383229708, -28.0, 8.0], [8.221391534391628, 100.81641127732215, -28.0, 8.0], [7.228892112015743, 101.71341698540412, -28.0, 8.0], [6.171704083110922, 102.58058019481938, -28.0, 8.0], [5.064605156386477, 103.4245501438442, -28.0, 8.0], [3.9223730405517285, 104.25197607075495, -28.0, 8.0], [2.7597854443159795, 105.06950721382796, -28.0, 8.0], [1.5916200763885524, 105.88379281133955, -28.0, 8.0], [0.4326546454787673, 106.70148210156604, -28.0, 8.0], [-0.7023331397040756, 107.52922432278379, -28.0, 8.0], [-1.7985655704506387, 108.37366871326911, -28.0, 8.0], [-2.8412649380516273, 109.24146451129836, -28.0, 8.0], [-3.815653533797718, 110.13926095514785, -28.0, 8.0], [-4.706953648979592, 111.07370728309394, -28.0, 8.0], [-5.500387574887945, 112.05145273341294, -28.0, 8.0], [-6.181177602813455, 113.07914654438117, -28.0, 8.0], [-6.734546024046807, 114.163437954275, -28.0, 8.0], [-7.141696901021379, 115.32040250930109, -28.0, 8.0], [-7.405525492618614, 116.55466283336675, -28.0, 8.0], [-7.543790884801299, 117.85568878129932, -28.0, 8.0], [-7.574252163532219, 119.212950207926, -28.0, 8.0], [-7.514668414774165, 120.61591696807416, -28.0, 8.0], [-7.3827987244899145, 122.05405891657108, -28.0, 8.0], [-7.196402178642263, 123.51684590824406, -28.0, 8.0], [-6.973237863193988, 124.99374779792035, -28.0, 8.0], [-6.731064864107882, 126.47423444042727, -28.0, 8.0], [-6.487642267346727, 127.9477756905921, -28.0, 8.0], [-6.2607291588733105, 129.40384140324213, -28.0, 8.0], [-6.068084624650421, 130.83190143320468, -28.0, 8.0], [-5.927467750640839, 132.22142563530699, -28.0, 8.0], [-5.856637622807353, 133.56188386437637, -28.0, 8.0], [-5.873353327112753, 134.84274597524018, -28.0, 8.0], [-5.99537394951982, 136.0534818227256, -28.0, 8.0], [-6.240458575991344, 137.18356126165997, -28.0, 8.0], [-6.626366292490104, 138.22245414687063, -28.0, 8.0], [-7.170856184978894, 139.1596303331848, -28.0, 8.0], [-7.869190678115695, 139.9873506312233, -28.0, 8.0], [-8.696637185493408, 140.7120758435255, -28.0, 8.0], [-9.64096227647722, 141.34457581279665, -28.0, 8.0], [-10.68993252043228, 141.89562038174182, -28.0, 8.0], [-11.831314486723787, 142.37597939306625, -28.0, 8.0], [-13.052874744716894, 142.7964226894751, -28.0, 8.0], [-14.342379863776776, 143.16772011367354, -28.0, 8.0], [-15.687596413268603, 143.50064150836675, -28.0, 8.0], [-17.076290962557565, 143.8059567162599, -28.0, 8.0], [-18.49623008100881, 144.0944355800582, -28.0, 8.0], [-19.935180337987518, 144.3768479424667, -28.0, 8.0], [-21.380908302858867, 144.66396364619072, -28.0, 8.0], [-22.821180544988025, 144.96655253393538, -28.0, 8.0], [-24.243763633740166, 145.29538444840585, -28.0, 8.0], [-25.63642413848046, 145.66122923230728, -28.0, 8.0], [-26.98692862857409, 146.07485672834494, -28.0, 8.0], [-28.283043673386203, 146.5470367792239, -28.0, 8.0], [-29.51253584228198, 147.08853922764936, -28.0, 8.0], [-30.663171704626603, 147.71013391632653, -28.0, 8.0], [-31.74912103575908, 148.41367523336402, -28.0, 8.0], [-32.79590365280656, 149.18784122260305, -28.0, 8.0], [-33.8083111878165, 150.02363721034794, -28.0, 8.0], [-34.79113527283629, 