{"control_nodes": [[-4.592425496802574e-15, -25.0, -28.0, 8.0], [0.0, 0.0, -28.0, 8.0], [0.43631016093208996, 24.996192378909782, -28.0, 8.0], [0.8726203218641799, 49.992384757819565, -28.0, 8.0], [21.351421429088973, 64.33179566659572, -28.0, 8.0], [28.66071404715739, 88.23941456567161, -28.0, 8.0], [6.5870242256842175, 99.97620363531888, -28.0, 8.0], [-9.482666016479268, 119.12731471329333, -28.0, 8.0], [-21.21945508612654, 141.2010045347665, -28.0, 8.0], [-4.491189927155084, 159.77962517170135, -28.0, 8.0], [19.76620322974483, 165.82767256169305, -28.0, 8.0], [44.02359638664474, 171.87571995168474, -28.0, 8.0]], "sample_nodes": [[0.0, 0.0, -28.0, 8.0], [0.012658656076029565, 1.3156790032662282, -28.0, 8.0], [0.02754370894935066, 2.6313385770619515, -28.0, 8.0], [0.044464324608766974, 3.9469803867703668, -28.0, 8.0], [0.06322966904308198, 5.262606097774648, -28.0, 8.0], [0.08364890824109937, 6.578217375457992, -28.0, 8.0], [0.10553120819162266, 7.893815885203578, -28.0, 8.0], [0.12868573488345536, 9.20940329239459, -28.0, 8.0], [0.15292165430540106, 10.524981262414212, -28.0, 8.0], [0.17804813244626355, 11.840551460645646, -28.0, 8.0], [0.20387433529484628, 13.156115552472063, -28.0, 8.0], [0.2302094288399526, 14.471675203276643, -28.0, 8.0], [0.2568625790703865, 15.78723207844259, -28.0, 8.0], [0.28364295197495115, 17.10278784335307, -28.0, 8.0], [0.31035971354245045, 18.418344163391282, -28.0, 8.0], [0.33682202976168785, 19.733902703940412, -28.0, 8.0], [0.36283906662146675, 21.049465130383634, -28.0, 8.0], [0.38821999011059116, 22.36503310810415, -28.0, 8.0], [0.41277396621786433, 23.68060830248514, -28.0, 8.0], [0.43631016093208996, 24.996192378909782, -28.0, 8.0], [0.4329752067958966, 26.32576469003643, -28.0, 8.0], [0.38288710276311727, 27.68019609192296, -28.0, 8.0], [0.2948120644393619, 29.05482550505192, -28.0, 8.0], [0.17751630743024036, 30.444991849905804, -28.0, 8.0], [0.03976604734136224, 31.846034046967162, -28.0, 8.0], [-0.10967250022166258, 33.25329101671848, -28.0, 8.0], [-0.2620331196532231, 34.6621016796423, -28.0, 8.0], [-0.4085495953477106, 36.06780495622112, -28.0, 8.0], [-0.540455711699516, 37.46573976693749, -28.0, 8.0], [-0.6489852531030279, 38.851245032273894, -28.0, 8.0], [-0.7253720039526366, 40.21965967271287, -28.0, 8.0], [-0.760849748642733, 41.566322608736954, -28.0, 8.0], [-0.7466522715677062, 42.88657276082862, -28.0, 8.0], [-0.6740133571219474, 44.17574904947044, -28.0, 8.0], [-0.5341667896998459, 45.429190395144886, -28.0, 8.0], [-0.3183463536957934, 46.64223571833451, -28.0, 8.0], [-0.017785833504178103, 47.81022393952182, -28.0, 8.0], [0.3762809864806099, 48.92849397918933, -28.0, 8.0], [0.8726203218641799, 49.992384757819565, -28.0, 8.0], [1.4943566161944246, 50.986234016358296, -28.0, 8.0], [2.249085958920459, 51.903384240154416, -28.0, 8.0], [3.122282034499741, 52.75268146629519, -28.0, 8.0], [4.099418527389714, 53.5429717318678, -28.0, 8.0], [5.165969122047836, 54.28310107395952, -28.0, 8.0], [6.307407502931552, 54.981915529657556, -28.0, 8.0], [7.50920735449831, 55.64826113604913, -28.0, 8.0], [8.756842361205564, 56.290983930221486, -28.0, 8.0], [10.035786207510771, 56.91892994926182, -28.0, 8.0], [11.331512577871374, 57.540945230257414, -28.0, 8.0], [12.629495156744817, 58.16587581029545, -28.0, 8.0], [13.915207628588568, 58.80256772646318, -28.0, 8.0], [15.174123677860058, 59.45986701584782, -28.0, 8.0], [16.39171698901675, 60.146619715536616, -28.0, 8.0], [17.553461246516097, 60.871671862616765, -28.0, 8.0], [18.644830134815532, 61.64386949417553, -28.0, 8.0], [19.65129733837253, 62.47205864730014, -28.0, 8.0], [20.55833654164453, 63.36508535907779, -28.0, 8.0], [21.351421429088973, 64.33179566659572, -28.0, 8.0], [22.085721159708882, 65.38007357833253, -28.0, 8.0], [22.82136145337181, 66.50556690877923, -28.0, 8.0], [23.551250835832104, 67.69876740404185, -28.0, 8.0], [24.26829783284406, 68.95016681022628, -28.0, 8.0], [24.965410970161997, 70.25025687343857, -28.0, 8.0], [25.635498773540235, 71.58952933978463, -28.0, 8.0], [26.271469768733077, 72.95847595537043, -28.0, 8.0], [26.86623248149485, 74.34758846630194, -28.0, 8.0], [27.412695437579863, 75.74735861868513, -28.0, 8.0], [27.90376716274243, 77.14827815862597, -28.0, 8.0], [28.332356182736863, 78.54083883223039, -28.0, 8.0], [28.69137102331748, 79.91553238560442, -28.0, 8.0], [28.973720210238596, 81.26285056485396, -28.0, 8.0], [29.172312269254526, 82.573285116085, -28.0, 8.0], [29.280055726119585, 83.83732778540352, -28.0, 8.0], [29.289859106588082, 85.04547031891549, -28.0, 8.0], [29.19463093641435, 86.18820446272684, -28.0, 8.0], [28.987279741352673, 87.25602196294358, -28.0, 8.0], [28.66071404715739, 88.23941456567161, -28.0, 8.0], [28.18504778872907, 89.13486964490113, -28.0, 8.0], [27.54544095898526, 89.95092419983213, -28.0, 8.0], [26.757371170705753, 90.69614441438556, -28.0, 8.0], [25.836316036670333, 91.37909647248226, -28.0, 8.0], [24.79775316965879, 92.00834655804312, -28.0, 8.0], [23.657160182450905, 92.59246085498896, -28.0, 8.0], [22.430014687826468, 93.14000554724072, -28.0, 8.0], [21.131794298565268, 93.65954681871924, -28.0, 8.0], [19.777976627447078, 94.1596508533454, -28.0, 8.0], [18.384039287251696, 94.64888383504004, -28.0, 8.0], [16.965459890758908, 95.13581194772408, -28.0, 8.0], [15.537716050748486, 95.62900137531837, -28.0, 8.0], [14.116285380000246, 96.13701830174378, -28.0, 8.0], [12.716645491293942, 96.6684289109212, -28.0, 8.0], [11.35427399740938, 97.23179938677148, -28.0, 8.0], [10.044648511126345, 97.83569591321553, -28.0, 8.0], [8.803246645224611, 98.48868467417424, -28.0, 8.0], [7.645546012483975, 99.19933185356837, -28.0, 8.0], [6.5870242256842175, 99.97620363531888, -28.0, 8.0], [5.593759577802334, 100.80520607373678, -28.0, 8.0], [4.621024681562905, 101.6652246967873, -28.0, 8.0], [3.6680886293670945, 102.55429489887287, -28.0, 8.0], [2.7342205136160773, 103.47045207439571, -28.0, 8.0], [1.8186894267110172, 104.41173161775819, -28.0, 8.0], [0.920764461053087, 105.37616892336264, -28.0, 8.0], [0.039714709043456795, 106.36179938561132, -28.0, 8.0], [-0.8251907369167051, 107.36665839890662, -28.0, 8.0], [-1.6746827844262338, 108.38878135765084, -28.0, 8.0], [-2.5094923410839565, 109.42620365624626, -28.0, 8.0], [-3.3303503144887006, 110.47696068909525, -28.0, 8.0], [-4.137987612239307, 111.53908785060007, -28.0, 8.0], [-4.933135141934592, 112.61062053516312, -28.0, 8.0], [-5.716523811173398, 113.68959413718669, -28.0, 8.0], [-6.488884527554553, 114.77404405107308, -28.0, 8.0], [-7.250948198676883, 115.8620056712246, -28.0, 8.0], [-8.003445732139227, 116.9515143920436, -28.0, 8.0], [-8.747108035540412, 118.04060560793242, -28.0, 8.0], [-9.482666016479268, 119.12731471329333, -28.0, 8.0], [-10.24007909887435, 120.22464667010422, -28.0, 8.0], [-11.041782796026657, 121.34504487024141, -28.0, 8.0], [-11.8772221496087, 122.48570235295489, -28.0, 8.0], [-12.735842201292968, 123.64381215749472, -28.0, 8.0], [-13.607087992751982, 124.81656732311092, -28.0, 8.0], [-14.48040456565823, 126.0011608890535, -28.0, 8.0], [-15.345236961684215, 127.19478589457245, -28.0, 8.0], [-16.191030222502445, 128.39463537891785, -28.0, 8.0], [-17.007229389785415, 129.5979023813397, -28.0, 8.0], [-17.783279505205638, 130.801779941088, -28.0, 8.0], [-18.508625610435598, 132.00346109741272, -28.0, 8.0], [-19.17271274714782, 133.200138889564, -28.0, 8.0], [-19.764985957014787, 134.38900635679175, -28.0, 8.0], [-20.274890281709013, 135.56725653834607, -28.0, 8.0], [-20.691870762902997, 136.73208247347696, -28.0, 8.0], [-21.005372442269234, 137.88067720143442, -28.0, 8.0], [-21.204840361480244, 139.0102337614685, -28.0, 8.0], [-21.279719562208513, 140.1179451928292, -28.0, 8.0], [-21.21945508612654, 141.2010045347665, -28.0, 8.0], [-21.02120420620657, 142.27781725047598, -28.0, 8.0], [-20.695265492778088, 143.36602546851694, -28.0, 8.0], [-20.250795933549536, 144.46167722618551, -28.0, 8.0], [-19.696952516229334, 145.5608205607775, -28.0, 8.0],