{"control_nodes": [[-4.592425496802574e-15, -25.0, -28.0, 8.0], [0.0, 0.0, -28.0, 8.0], [0.43631016093208996, 24.996192378909782, -28.0, 8.0], [0.8726203218641799, 49.992384757819565, -28.0, 8.0], [24.212130984294223, 58.95158349645207, -28.0, 8.0], [47.850095374277146, 67.090787357881, -28.0, 8.0], [72.84628775318693, 66.65447719694892, -28.0, 8.0], [91.99739883116138, 82.72416743911239, -28.0, 8.0], [80.64763633767271, 104.99933054382159, -28.0, 8.0], [60.16883523044791, 119.33874145259773, -28.0, 8.0], [37.33019878938289, 109.17032537570273, -28.0, 8.0], [14.49156234831787, 99.00190929880772, -28.0, 8.0]], "sample_nodes": [[0.0, 0.0, -28.0, 8.0], [0.012658656076029565, 1.3156790032662282, -28.0, 8.0], [0.02754370894935066, 2.6313385770619515, -28.0, 8.0], [0.044464324608766974, 3.9469803867703668, -28.0, 8.0], [0.06322966904308198, 5.262606097774648, -28.0, 8.0], [0.08364890824109937, 6.578217375457992, -28.0, 8.0], [0.10553120819162266, 7.893815885203578, -28.0, 8.0], [0.12868573488345536, 9.20940329239459, -28.0, 8.0], [0.15292165430540106, 10.524981262414212, -28.0, 8.0], [0.17804813244626355, 11.840551460645646, -28.0, 8.0], [0.20387433529484628, 13.156115552472063, -28.0, 8.0], [0.2302094288399526, 14.471675203276643, -28.0, 8.0], [0.2568625790703865, 15.78723207844259, -28.0, 8.0], [0.28364295197495115, 17.10278784335307, -28.0, 8.0], [0.31035971354245045, 18.418344163391282, -28.0, 8.0], [0.33682202976168785, 19.733902703940412, -28.0, 8.0], [0.36283906662146675, 21.049465130383634, -28.0, 8.0], [0.38821999011059116, 22.36503310810415, -28.0, 8.0], [0.41277396621786433, 23.68060830248514, -28.0, 8.0], [0.43631016093208996, 24.996192378909782, -28.0, 8.0], [0.42922154212220553, 26.332824306530274, -28.0, 8.0], [0.3687065917736176, 27.706865754233046, -28.0, 8.0], [0.2647827470498332, 29.111302437002692, -28.0, 8.0], [0.1274674451143591, 30.53912006982376, -28.0, 8.0], [-0.03322187686929795, 31.983304367680844, -28.0, 8.0], [-0.20726778173763122, 33.43684104555849, -28.0, 8.0], [-0.3846528323271324, 34.89271581844128, -28.0, 8.0], [-0.5553595914742959, 36.34391440131378, -28.0, 8.0], [-0.7093706220156154, 37.78342250916057, -28.0, 8.0], [-0.8366684867875829, 39.20422585696622, -28.0, 8.0], [-0.9272357486266911, 40.59931015971529, -28.0, 8.0], [-0.9710549703694347, 41.96166113239235, -28.0, 8.0], [-0.9581087148523049, 43.28426448998197, -28.0, 8.0], [-0.8783795449117962, 44.56010594746874, -28.0, 8.0], [-0.7218500233844009, 45.78217121983721, -28.0, 8.0], [-0.47850271310661374, 46.94344602207195, -28.0, 8.0], [-0.13832017691492582, 48.036916069157556, -28.0, 8.0], [0.30871502235417003, 49.05556707607856, -28.0, 8.0], [0.8726203218641799, 49.992384757819565, -28.0, 8.0], [1.559682398602277, 50.84376887624297, -28.0, 8.0], [2.3629183721054363, 51.61523247281558, -28.0, 8.0], [3.272441343361879, 52.313431181928635, -28.0, 8.0], [4.278364413359813, 52.9450206379733, -28.0, 8.0], [5.37080068308746, 53.5166564753408, -28.0, 8.0], [6.539863253533031, 54.034994328422314, -28.0, 8.0], [7.7756652256847385, 54.50668983160902, -28.0, 8.0], [9.068319700530797, 54.938398619292165, -28.0, 8.0], [10.40793977905943, 55.336776325862914, -28.0, 8.0], [11.784638562258845, 55.70847858571244, -28.0, 8.0], [13.188529151117251, 56.06016103323199, -28.0, 8.0], [14.60972464662288, 56.39847930281274, -28.0, 8.0], [16.038338149763923, 56.730089028845875, -28.0, 8.0], [17.464482761528615, 57.06164584572261, -28.0, 8.0], [18.878271582905167, 57.39980538783413, -28.0, 8.0], [20.269817714881786, 57.751223289571634, -28.0, 8.0], [21.62923425844669, 58.122555185326334, -28.0, 8.0], [22.946634314588106, 58.52045670948942, -28.0, 8.0], [24.212130984294223, 58.95158349645207, -28.0, 8.0], [25.447403121489145, 59.410582095414625, -28.0, 8.0], [26.68102986323887, 59.885400552032145, -28.0, 8.0], [27.913474735244574, 60.372646745378105, -28.0, 8.0], [29.145201263207376, 60.868928554525894, -28.0, 8.0], [30.376672972828416, 61.3708538585489, -28.0, 8.0], [31.60835338980885, 61.875030536520555, -28.0, 8.0], [32.84070603984979, 62.37806646751427, -28.0, 8.0], [34.074194448652406, 62.87656953060346, -28.0, 8.0], [35.30928214191783, 63.36714760486153, -28.0, 8.0], [36.5464326453472, 63.846408569361884, -28.0, 8.0], [37.78610948464164, 64.31096030317794, -28.0, 8.0], [39.02877618550232, 64.75741068538312, -28.0, 8.0], [40.274896273630354, 65.1823675950508, -28.0, 8.0], [41.5249332747269, 65.58243891125441, -28.0, 8.0], [42.7793507144931, 65.9542325130674, -28.0, 8.0], [44.03861211863006, 66.29435627956313, -28.0, 8.0], [45.303181012838984, 66.59941808981503, -28.0, 8.0], [46.57352092282096, 66.86602582289653, -28.0, 8.0], [47.850095374277146, 67.090787357881, -28.0, 8.0], [49.14127459082311, 67.24870706919432, -28.0, 8.0], [50.45301938258808, 67.32436420619183, -28.0, 8.0], [51.782179155043835, 67.32872896034117, -28.0, 8.0], [53.125603313662026, 67.27277152310991, -28.0, 8.0], [54.480141263914355, 67.16746208596567, -28.0, 8.0], [55.84264241127256, 67.02377084037609, -28.0, 8.0], [57.20995616120831, 66.85266797780875, -28.0, 8.0], [58.57893191919332, 66.6651236897313, -28.0, 8.0], [59.94641909069931, 66.47210816761135, -28.0, 8.0], [61.30926708119796, 66.28459160291649, -28.0, 8.0], [62.66432529616097, 66.11354418711434, -28.0, 8.0], [64.00844314106007, 65.96993611167254, -28.0, 8.0], [65.33847002136693, 65.86473756805869, -28.0, 8.0], [66.6512553425533, 65.80891874774039, -28.0, 8.0], [67.94364851009085, 65.81344984218529, -28.0, 8.0], [69.21249892945127, 65.88930104286095, -28.0, 8.0], [70.45465600610629, 66.04744254123506, -28.0, 8.0], [71.66696914552762, 66.29884452877518, -28.0, 8.0], [72.84628775318693, 66.65447719694892, -28.0, 8.0], [74.03231518168137, 67.1022592142046, -28.0, 8.0], [75.25966585432377, 67.61979228092919, -28.0, 8.0], [76.51755578265929, 68.20257113649858, -28.0, 8.0], [77.79520097823308, 68.84609052028841, -28.0, 8.0], [79.08181745259037, 69.5458451716745, -28.0, 8.0], [80.36662121727633, 70.2973298300326, -28.0, 8.0], [81.63882828383615, 71.09603923473847, -28.0, 8.0], [82.887654663815, 71.93746812516787, -28.0, 8.0], [84.10231636875807, 72.81711124069658, -28.0, 8.0], [85.27202941021055, 73.73046332070034, -28.0, 8.0], [86.38600979971761, 74.6730191045549, -28.0, 8.0], [87.43347354882445, 75.64027333163605, -28.0, 8.0], [88.40363666907623, 76.62772074131955, -28.0, 8.0], [89.28571517201817, 77.63085607298115, -28.0, 8.0], [90.06892506919542, 78.64517406599661, -28.0, 8.0], [90.74248237215318, 79.66616945974171, -28.0, 8.0], [91.29560309243666, 80.6893369935922, -28.0, 8.0], [91.71750324159099, 81.71017140692385, -28.0, 8.0], [91.99739883116138, 82.72416743911239, -28.0, 8.0], [92.13240956245622, 83.76039269743445, -28.0, 8.0], [92.13307622651361, 84.84679488903016, -28.0, 8.0], [92.00874646947346, 85.97718890307064, -28.0, 8.0], [91.76876793747559, 87.14538962872699, -28.0, 8.0], [91.42248827665982, 88.34521195517027, -28.0, 8.0], [90.97925513316599, 89.57047077157162, -28.0, 8.0], [90.44841615313396, 90.8149809671021, -28.0, 8.0], [89.83931898270359, 92.07255743093285, -28.0, 8.0], [89.16131126801469, 93.33701505223493, -28.0, 8.0], [88.42374065520713, 94.60216872017946, -28.0, 8.0], [87.63595479042073, 95.86183332393753, -28.0, 8.0], [86.80730131979533, 97.10982375268026, -28.0, 8.0], [85.9471278894708, 98.33995489557873, -28.0, 8.0], [85.06478214558697, 99.54604164180404, -28.0, 8.0], [84.16961173428365, 100.72189888052729, -28.0, 8.0], [83.27096430170074, 101.86134150091956, -28.0, 8.0], [82.37818749397806, 102.95818439215199, -28.0, 8.0], [81.50062895725543, 104.00624244339562, -28.0, 8.0], [80.64763633767271, 104.9993305438216, -28.0, 8.0], [79.78851628718746, 105.97362557759917, -28.0, 8.0], [78.88831751004534, 106.96459562302755, -28.0, 8.0], [77.95000073081846, 107.96499236047288, -28.0, 8.0], [76.97652667407881, 108.96756747030113, -28.0, 8.0], [75.97085606439848, 109.96507263287837, -28.0, 8.0], [74.93594962634947, 110.95025952857071, -28.0, 8.0], 