{"control_nodes": [[-4.592425496802574e-15, -25.0, -28.0, 8.0], [0.0, 0.0, -28.0, 8.0], [0.43631016093208996, 24.996192378909782, -28.0, 8.0], [0.8726203218641799, 49.992384757819565, -28.0, 8.0], [6.920667711855872, 74.24977791471947, -28.0, 8.0], [31.374357730201012, 79.44757018516346, -28.0, 8.0], [52.803540247753816, 92.32352205791481, -28.0, 8.0], [54.547452091356945, 117.26262331441042, -28.0, 8.0], [37.180992829882015, 135.2461183228767, -28.0, 8.0], [47.34940890677702, 158.0847547639417, -28.0, 8.0], [63.08241868302296, 177.51340380036598, -28.0, 8.0], [78.8154284592689, 196.94205283679025, -28.0, 8.0]], "sample_nodes": [[0.0, 0.0, -28.0, 8.0], [0.012658656076029565, 1.3156790032662282, -28.0, 8.0], [0.02754370894935066, 2.6313385770619515, -28.0, 8.0], [0.044464324608766974, 3.9469803867703668, -28.0, 8.0], [0.06322966904308198, 5.262606097774648, -28.0, 8.0], [0.08364890824109937, 6.578217375457992, -28.0, 8.0], [0.10553120819162266, 7.893815885203578, -28.0, 8.0], [0.12868573488345536, 9.20940329239459, -28.0, 8.0], [0.15292165430540106, 10.524981262414212, -28.0, 8.0], [0.17804813244626355, 11.840551460645646, -28.0, 8.0], [0.20387433529484628, 13.156115552472063, -28.0, 8.0], [0.2302094288399526, 14.471675203276643, -28.0, 8.0], [0.2568625790703865, 15.78723207844259, -28.0, 8.0], [0.28364295197495115, 17.10278784335307, -28.0, 8.0], [0.31035971354245045, 18.418344163391282, -28.0, 8.0], [0.33682202976168785, 19.733902703940412, -28.0, 8.0], [0.36283906662146675, 21.049465130383634, -28.0, 8.0], [0.38821999011059116, 22.36503310810415, -28.0, 8.0], [0.41277396621786433, 23.68060830248514, -28.0, 8.0], [0.43631016093208996, 24.996192378909782, -28.0, 8.0], [0.45191044275669245, 26.312750862913944, -28.0, 8.0], [0.45442021639279, 27.6310327450158, -28.0, 8.0], [0.4462939521257278, 28.950714888072053, -28.0, 8.0], [0.42998612024085, 30.271474154939362, -28.0, 8.0], [0.4079511910235015, 31.59298740847443, -28.0, 8.0], [0.3826436347590267, 32.91493151153391, -28.0, 8.0], [0.35651792173277064, 34.2369833269745, -28.0, 8.0], [0.33202852223007745, 35.55881971765288, -28.0, 8.0], [0.3116299065362919, 36.88011754642574, -28.0, 8.0], [0.2977765449367588, 38.200553676149724, -28.0, 8.0], [0.2929229077168227, 39.519804969681545, -28.0, 8.0], [0.29952346516182815, 40.83754828987789, -28.0, 8.0], [0.3200326875571198, 42.15346049959539, -28.0, 8.0], [0.35690504518804234, 43.46721846169078, -28.0, 8.0], [0.41259500833994034, 44.778499039020716, -28.0, 8.0], [0.4895570472981582, 46.08697909444188, -28.0, 8.0], [0.5902456323480412, 47.39233549081096, -28.0, 8.0], [0.7171152337749335, 48.69424509098463, -28.0, 8.0], [0.8726203218641799, 49.992384757819565, -28.0, 8.0], [1.034246345048925, 51.31154801945896, -28.0, 8.0], [1.1815729836241677, 52.67140170848031, -28.0, 8.0], [1.320196055668039, 54.06393264439184, -28.0, 8.0], [1.455711379258664, 55.481127646701694, -28.0, 8.0], [1.5937147724741734, 56.91497353491812, -28.0, 8.0], [1.7398020533926946, 58.35745712854925, -28.0, 8.0], [1.8995690400923555, 59.80056524710329, -28.0, 8.0], [2.0786115506512832, 61.23628471008844, -28.0, 8.0], [2.2825254031476088, 62.656602337012885, -28.0, 8.0], [2.5169064156594594, 64.0535049473848, -28.0, 8.0], [2.787350406264961, 65.41897936071236, -28.0, 8.0], [3.0994531930422466, 66.7450123965038, -28.0, 8.0], [3.458810594069438, 68.02359087426726, -28.0, 8.0], [3.8710184274246684, 69.24670161351095, -28.0, 8.0], [4.341672511186065, 70.40633143374306, -28.0, 8.0], [4.8763686634317525, 71.49446715447179, -28.0, 8.0], [5.480702702239866, 72.50309559520531, -28.0, 8.0], [6.16027044568853, 73.42420357545181, -28.0, 8.0], [6.920667711855872, 74.24977791471947, -28.0, 8.0], [7.776957048251334, 74.96343222537925, -28.0, 8.0], [8.73422168891929, 75.56191864208029, -28.0, 8.0], [9.783088481740274, 76.05693176774815, -28.0, 8.0], [10.914184274594813, 76.46016620530838, -28.0, 8.0], [12.118135915363448, 76.7833165576865, -28.0, 8.0], [13.385570251926698, 77.0380774278081, -28.0, 8.0], [14.707114132165099, 77.23614341859866, -28.0, 8.0], [16.073394403959178, 77.38920913298377, -28.0, 8.0], [17.475037915189475, 77.50896917388893, -28.0, 8.0], [18.90267151373652, 77.6071181442397, -28.0, 8.0], [20.34692204748083, 77.6953506469616, -28.0, 8.0], [21.798416364302966, 77.78536128498021, -28.0, 8.0], [23.24778131208342, 77.88884466122107, -28.0, 8.0], [24.685643738702744, 78.0174953786097, -28.0, 8.0], [26.102630492041474, 78.18300804007166, -28.0, 8.0], [27.48936841998013, 78.39707724853244, -28.0, 8.0], [28.83648437039926, 78.67139760691765, -28.0, 8.0], [30.13460519117938, 79.01766371815283, -28.0, 8.0], [31.374357730201012, 79.44757018516346, -28.0, 8.0], [32.599474006630594, 79.92807586034, -28.0, 8.0], [33.85507673418357, 80.41962180318536, -28.0, 8.0], [35.13387880256409, 80.9241259272941, -28.0, 8.0], [36.42859310147623, 81.44350614626059, -28.0, 8.0], [37.73193252062414, 81.97968037367932, -28.0, 8.0], [39.036609949711924, 82.53456652314472, -28.0, 8.0], [40.33533827844368, 83.11008250825122, -28.0, 8.0], [41.620830396523544, 83.70814624259329, -28.0, 8.0], [42.885799193655636, 84.33067563976536, -28.0, 8.0], [44.122957559544055, 84.9795886133619, -28.0, 8.0], [45.325018383892896, 85.65680307697733, -28.0, 8.0], [46.48469455640635, 86.36423694420608, -28.0, 8.0], [47.59469896678845, 87.10380812864267, -28.0, 8.0], [48.64774450474334, 87.87743454388146, -28.0, 8.0], [49.63654405997515, 88.68703410351696, -28.0, 8.0], [50.55381052218799, 89.53452472114361, -28.0, 8.0], [51.392256781085976, 90.42182431035585, -28.0, 8.0], [52.14459572637322, 91.3508507847481, -28.0, 8.0], [52.803540247753816, 92.32352205791481, -28.0, 8.0], [53.38533925120422, 93.36031835615955, -28.0, 8.0], [53.911267349871544, 94.47489566160641, -28.0, 8.0], [54.38157599421605, 95.6589355215808, -28.0, 8.0], [54.79651663469792, 96.90411948340807, -28.0, 8.0], [55.15634072177738, 98.20212909441358, -28.0, 8.0], [55.46129970591464, 99.54464590192268, -28.0, 8.0], [55.71164503756992, 100.92335145326076, -28.0, 8.0], [55.907628167203434, 102.3299272957532, -28.0, 8.0], [56.04950054527541, 103.75605497672532, -28.0, 8.0], [56.13751362224603, 105.19341604350251, -28.0, 8.0], [56.171918848575515, 106.63369204341012, -28.0, 8.0], [56.15296767472411, 108.06856452377352, -28.0, 8.0], [56.08091155115201, 109.48971503191811, -28.0, 8.0], [55.956001928319445, 110.8888251151692, -28.0, 8.0], [55.77849025668661, 112.25757632085221, -28.0, 8.0], [55.54862798671373, 113.58765019629246, -28.0, 8.0], [55.26666656886101, 114.87072828881534, -28.0, 8.0], [54.93285745358869, 116.09849214574622, -28.0, 8.0], [54.547452091356945, 117.26262331441042, -28.0, 8.0], [54.04865845490628, 118.36703410859963, -28.0, 8.0], [53.38811806323011, 119.42462634591422, -28.0, 8.0], [52.586232686168145, 120.44056582939294, -28.0, 8.0], [51.663404093560025, 121.42001836207432, -28.0, 8.0], [50.640034055245444, 122.36814974699696, -28.0, 8.0], [49.53652434106408, 123.29012578719957, -28.0, 8.0], [48.373276720855614, 124.19111228572066, -28.0, 8.0], [47.17069296445973, 125.07627504559895, -28.0, 8.0], [45.94917484171607, 125.95077986987297, -28.0, 8.0], [44.72912412246435, 126.81979256158141, -28.0, 8.0], [43.53094257654421, 127.68847892376283, -28.0, 8.0], [42.37503197379536, 128.56200475945587, -28.0, 8.0], [41.281794084057466, 129.44553587169915, -28.0, 8.0], [40.2716306771702, 130.34423806353132, -28.0, 8.0], [39.364943522973235, 131.26327713799094, -28.0, 8.0], [38.582134391306255, 132.20781889811667, -28.0, 8.0], [37.943605052008955, 133.18302914694715, -28.0, 8.0], [37.46975727492098, 134.19407368752096, -28.0, 8.0], [37.180992829882015, 135.2461183228767, -28.0, 8.0], [37.05853577428339, 136.3379545569903, -28.0, 8.0], [37.06360272184168, 137.46252001527873, -28.0, 8.0], [37.18658427688449, 138.61619968294224, -28.0, 8.0], [37.4178710437394, 139.79537854518102, -28.0, 8.0], [37.747853626734, 140.99644158719525, -28.0, 8.0], [38.1669226301959, 