{"control_nodes": [[-4.592425496802574e-15, -25.0, -28.0, 8.0], [0.0, 0.0, -28.0, 8.0], [0.43631016093208996, 24.996192378909782, -28.0, 8.0], [0.8726203218641799, 49.992384757819565, -28.0, 8.0], [20.572889162032226, 65.38392164096102, -28.0, 8.0], [32.69312966819065, 87.24941431944592, -28.0, 8.0], [54.968292772899844, 98.59917681293459, -28.0, 8.0], [71.03798301506333, 79.44806573496014, -28.0, 8.0], [60.869566938168326, 56.60942929389512, -28.0, 8.0], [40.903679186986004, 41.56405371509391, -28.0, 8.0], [25.17066941074007, 22.135404678669637, -28.0, 8.0], [9.437659634494139, 2.706755642245362, -28.0, 8.0]], "sample_nodes": [[0.0, 0.0, -28.0, 8.0], [0.012658656076029565, 1.3156790032662282, -28.0, 8.0], [0.02754370894935066, 2.6313385770619515, -28.0, 8.0], [0.044464324608766974, 3.9469803867703668, -28.0, 8.0], [0.06322966904308198, 5.262606097774648, -28.0, 8.0], [0.08364890824109937, 6.578217375457992, -28.0, 8.0], [0.10553120819162266, 7.893815885203578, -28.0, 8.0], [0.12868573488345536, 9.20940329239459, -28.0, 8.0], [0.15292165430540106, 10.524981262414212, -28.0, 8.0], [0.17804813244626355, 11.840551460645646, -28.0, 8.0], [0.20387433529484628, 13.156115552472063, -28.0, 8.0], [0.2302094288399526, 14.471675203276643, -28.0, 8.0], [0.2568625790703865, 15.78723207844259, -28.0, 8.0], [0.28364295197495115, 17.10278784335307, -28.0, 8.0], [0.31035971354245045, 18.418344163391282, -28.0, 8.0], [0.33682202976168785, 19.733902703940412, -28.0, 8.0], [0.36283906662146675, 21.049465130383634, -28.0, 8.0], [0.38821999011059116, 22.36503310810415, -28.0, 8.0], [0.41277396621786433, 23.68060830248514, -28.0, 8.0], [0.43631016093208996, 24.996192378909782, -28.0, 8.0], [0.433996753727448, 26.324384148591715, -28.0, 8.0], [0.38674628006008904, 27.67498071313182, -28.0, 8.0], [0.3029844398917727, 29.043781173494217, -28.0, 8.0], [0.19113693318425845, 30.426584630642964, -28.0, 8.0], [0.059629459899305126, 31.819190185542183, -28.0, 8.0], [-0.08311228000132737, 33.21739693915594, -28.0, 8.0], [-0.22866258655587895, 34.61700399244833, -28.0, 8.0], [-0.3685957598025912, 36.013810446383445, -28.0, 8.0], [-0.49448609977970515, 37.40361540192539, -28.0, 8.0], [-0.5979079065254602, 38.78221796003824, -28.0, 8.0], [-0.670435480078097, 40.145417221686074, -28.0, 8.0], [-0.7036431204758573, 41.48901228783301, -28.0, 8.0], [-0.6891051277569802, 42.80880225944311, -28.0, 8.0], [-0.6183958019597074, 44.1005862374805, -28.0, 8.0], [-0.4830894431222782, 45.36016332290923, -28.0, 8.0], [-0.27476035128293574, 46.58333261669341, -28.0, 8.0], [0.015017173520082028, 47.76589321979714, -28.0, 8.0], [0.3946688312485343, 48.90364423318449, -28.0, 8.0], [0.8726203218641799, 49.992384757819565, -28.0, 8.0], [1.4644348721296025, 51.020819428029576, -28.0, 8.0], [2.1722311992017596, 51.98514180270416, -28.0, 8.0], [2.984268238633984, 52.8923843696511, -28.0, 8.0], [3.8888049259795934, 53.74957961667811, -28.0, 8.0], [4.8741001967919235, 54.563760031592956, -28.0, 8.0], [5.928412986624295, 55.34195810220338, -28.0, 8.0], [7.040002231030029, 56.09120631631711, -28.0, 8.0], [8.197126865562456, 56.81853716174193, -28.0, 8.0], [9.38804582577491, 57.530983126285555, -28.0, 8.0], [10.601018047220709, 58.23557669775576, -28.0, 8.0], [11.824302465453172, 58.93935036396024, -28.0, 8.0], [13.046158016025645, 59.649336612706804, -28.0, 8.0], [14.254843634491428, 60.37256793180317, -28.0, 8.0], [15.438618256403867, 61.11607680905708, -28.0, 8.0], [16.58574081731628, 61.88689573227629, -28.0, 8.0], [17.684470252782, 62.692057189268525, -28.0, 8.0], [18.723065498354345, 63.538593667841575, -28.0, 8.0], [19.689785489586647, 64.43353765580316, -28.0, 8.0], [20.572889162032226, 65.38392164096102, -28.0, 8.0], [21.376501512148252, 66.39562941027906, -28.0, 8.0], [22.117746206153, 67.46490244214219, -28.0, 8.0], [22.80438018424153, 68.58430976148982, -28.0, 8.0], [23.44416038660884, 69.74642039326125, -28.0, 8.0], [24.044843753449967, 70.94380336239581, -28.0, 8.0], [24.614187224959927, 72.16902769383292, -28.0, 8.0], [25.159947741333767, 73.41466241251186, -28.0, 8.0], [25.68988224276649, 74.67327654337198, -28.0, 8.0], [26.211747669453136, 75.93743911135267, -28.0, 8.0], [26.733300961588714, 77.19971914139326, -28.0, 8.0], [27.262299059368267, 78.45268565843307, -28.0, 8.0], [27.80649890298682, 79.6889076874115, -28.0, 8.0], [28.373657432639384, 80.90095425326783, -28.0, 8.0], [28.971531588520996, 82.08139438094145, -28.0, 8.0], [29.60787831082668, 83.22279709537169, -28.0, 8.0], [30.29045453975145, 84.31773142149791, -28.0, 8.0], [31.027017215490364, 85.35876638425947, -28.0, 8.0], [31.82532327823842, 86.3384710085957, -28.0, 8.0], [32.69312966819065, 87.24941431944592, -28.0, 8.0], [33.63380406323333, 88.13515865714268, -28.0, 8.0], [34.64077235778759, 89.03839292349788, -28.0, 8.0], [35.70687881685078, 89.95037598567018, -28.0, 8.0], [36.82496770542023, 90.86236671081805, -28.0, 8.0], [37.98788328849328, 91.76562396610012, -28.0, 8.0], [39.18846983106725, 92.65140661867495, -28.0, 8.0], [40.41957159813947, 93.51097353570108, -28.0, 8.0], [41.67403285470729, 94.33558358433709, -28.0, 8.0], [42.94469786576805, 95.11649563174153, -28.0, 8.0], [44.22441089631906, 95.84496854507299, -28.0, 8.0], [45.50601621135765, 96.51226119148998, -28.0, 8.0], [46.78235807588119, 97.10963243815115, -28.0, 8.0], [48.046280754886965, 97.62834115221501, -28.0, 8.0], [49.29062851337235, 98.05964620084013, -28.0, 8.0], [50.50824561633466, 98.3948064511851, -28.0, 8.0], [51.69197632877122, 98.62508077040846, -28.0, 8.0], [52.8346649156794, 98.7417280256688, -28.0, 8.0], [53.92915564205649, 98.73600708412465, -28.0, 8.0], [54.968292772899844, 98.59917681293459, -28.0, 8.0], [55.99505873558026, 98.31645019793184, -28.0, 8.0], [57.05136517805595, 97.88668608924314, -28.0, 8.0], [58.12845019620541, 97.32161215046747, -28.0, 8.0], [59.21755188590708, 96.63295604520374, -28.0, 8.0], [60.30990834303948, 95.83244543705092, -28.0, 8.0], [61.396757663481054, 94.9318079896079, -28.0, 8.0], [62.469337943110276, 93.94277136647366, -28.0, 8.0], [63.51888727780564, 92.87706323124715, -28.0, 8.0], [64.53664376344562, 91.74641124752728, -28.0, 8.0], [65.51384549590868, 90.56254307891294, -28.0, 8.0], [66.44173057107328, 89.33718638900316, -28.0, 8.0], [67.31153708481793, 88.08206884139682, -28.0, 8.0], [68.11450313302109, 86.80891809969289, -28.0, 8.0], [68.84186681156123, 85.52946182749028, -28.0, 8.0], [69.48486621631682, 84.25542768838794, -28.0, 8.0], [70.03473944316637, 82.99854334598484, -28.0, 8.0], [70.48272458798832, 81.77053646387988, -28.0, 8.0], [70.82005974666113, 80.58313470567201, -28.0, 8.0], [71.03798301506333, 79.44806573496014, -28.0, 8.0], [71.13536634572337, 78.32290055138176, -28.0, 8.0], [71.12171684734433, 77.16073936816719, -28.0, 8.0], [71.00422535006695, 75.96660366930485, -28.0, 8.0], [70.79008268403174, 74.74551493878302, -28.0, 8.0], [70.48647967937933, 73.50249466059009, -28.0, 8.0], [70.10060716625028, 72.24256431871437, -28.0, 8.0], [69.63965597478519, 70.97074539714424, -28.0, 8.0], [69.11081693512466, 69.69205937986803, -28.0, 8.0], [68.52128087740928, 68.41152775087409, -28.0, 8.0], [67.87823863177962, 67.13417199415073, -28.0, 8.0], [67.18888102837629, 65.86501359368634, -28.0, 8.0], [66.46039889733987, 64.60907403346926, -28.0, 8.0], [65.69998306881097, 63.37137479748781, -28.0, 8.0], [64.91482437293017, 62.15693736973036, -28.0, 8.0], [64.11211363983804, 60.97078323418525, -28.0, 8.0], [63.29904169967523, 59.81793387484082, -28.0, 8.0], [62.48279938258227, 58.70341077568544, -28.0, 8.0], [61.67057751869977, 57.632235420707424, -28.0, 8.0], [60.869566938168326, 56.60942929389512, -28.0, 8.0], [60.04457918941243, 55.63925297336511, -28.0, 8.0], [59.159723011410414, 54.719068853666286, -28.0, 8.0], [58.221135020133694, 53.84355114343555, -28.0, 8.0], [57.23495183155361, 53.00737405130977, -28.0, 8.0], [56.20731006164154, 52.20521178592581, -28.0, 8.0], [55.144346326368876, 51.431738555920575, -28.0,