{"control_nodes": [[-4.592425496802574e-15, -25.0, -28.0, 8.0], [0.0, 0.0, -28.0, 8.0], [0.43631016093208996, 24.996192378909782, -28.0, 8.0], [0.8726203218641799, 49.992384757819565, -28.0, 8.0], [9.831819060496688, 73.33189542024961, -28.0, 8.0], [27.198278321971618, 91.31539042871589, -28.0, 8.0], [31.539482763644877, 115.93558425402108, -28.0, 8.0], [11.06068165642008, 130.27499516279724, -28.0, 8.0], [-13.878419600075524, 132.01890700640038, -28.0, 8.0], [-27.858242186844187, 111.29296769252434, -28.0, 8.0], [-50.515936862760434, 100.72751114900686, -28.0, 8.0], [-73.17363153867669, 90.16205460548937, -28.0, 8.0]], "sample_nodes": [[0.0, 0.0, -28.0, 8.0], [0.012658656076029565, 1.3156790032662282, -28.0, 8.0], [0.02754370894935066, 2.6313385770619515, -28.0, 8.0], [0.044464324608766974, 3.9469803867703668, -28.0, 8.0], [0.06322966904308198, 5.262606097774648, -28.0, 8.0], [0.08364890824109937, 6.578217375457992, -28.0, 8.0], [0.10553120819162266, 7.893815885203578, -28.0, 8.0], [0.12868573488345536, 9.20940329239459, -28.0, 8.0], [0.15292165430540106, 10.524981262414212, -28.0, 8.0], [0.17804813244626355, 11.840551460645646, -28.0, 8.0], [0.20387433529484628, 13.156115552472063, -28.0, 8.0], [0.2302094288399526, 14.471675203276643, -28.0, 8.0], [0.2568625790703865, 15.78723207844259, -28.0, 8.0], [0.28364295197495115, 17.10278784335307, -28.0, 8.0], [0.31035971354245045, 18.418344163391282, -28.0, 8.0], [0.33682202976168785, 19.733902703940412, -28.0, 8.0], [0.36283906662146675, 21.049465130383634, -28.0, 8.0], [0.38821999011059116, 22.36503310810415, -28.0, 8.0], [0.41277396621786433, 23.68060830248514, -28.0, 8.0], [0.43631016093208996, 24.996192378909782, -28.0, 8.0], [0.44809059115474353, 26.313955257497735, -28.0, 8.0], [0.4399896658965387, 27.635582680110126, -28.0, 8.0], [0.4157351393101368, 28.960350044742388, -28.0, 8.0], [0.37905476554819834, 30.287532749389918, -28.0, 8.0], [0.33367629876338445, 31.61640619204816, -28.0, 8.0], [0.2833274931083558, 32.9462457707125, -28.0, 8.0], [0.23173610273577397, 34.276326883378374, -28.0, 8.0], [0.18262988179829928, 35.60592492804118, -28.0, 8.0], [0.13973658444859252, 36.93431530269636, -28.0, 8.0], [0.1067839648393149, 38.26077340533932, -28.0, 8.0], [0.08749977712312768, 39.58457463396546, -28.0, 8.0], [0.08561177545269102, 40.90499438657023, -28.0, 8.0], [0.10484771398066639, 42.221308061148996, -28.0, 8.0], [0.14893534685971468, 43.53279105569723, -28.0, 8.0], [0.2216024282424966, 44.83871876821031, -28.0, 8.0], [0.32657671228167273, 46.13836659668367, -28.0, 8.0], [0.4675859531299048, 47.43100993911272, -28.0, 8.0], [0.6483579049398536, 48.71592419349288, -28.0, 8.0], [0.8726203218641799, 49.992384757819565, -28.0, 8.0], [1.131826831610978, 51.266936431254855, -28.0, 8.0], [1.4149121767352406, 52.54552840070801, -28.0, 8.0], [1.72182578365998, 53.82654264579527, -28.0, 8.0], [2.0525170788082034, 55.1083611461328, -28.0, 8.0], [2.4069354886029246, 56.38936588133684, -28.0, 8.0], [2.785030439467151, 57.66793883102356, -28.0, 8.0], [3.1867513578238924, 58.94246197480919, -28.0, 8.0], [3.6120476700961586, 60.21131729230993, -28.0, 8.0], [4.060868802706963, 61.472886763141986, -28.0, 8.0], [4.533164182079313, 62.72555236692155, -28.0, 8.0], [5.028883234636218, 63.967696083264826, -28.0, 8.0], [5.547975386800692, 65.19769989178805, -28.0, 8.0], [6.090390064995736, 66.41394577210735, -28.0, 8.0], [6.656076695644371, 67.61481570383904, -28.0, 8.0], [7.244984705169602, 68.79869166659927, -28.0, 8.0], [7.857063519994435, 69.9639556400042, -28.0, 8.0], [8.492262566541891, 71.10898960367012, -28.0, 8.0], [9.150531271234971, 72.23217553721321, -28.0, 8.0], [9.831819060496688, 73.33189542024961, -28.0, 8.0], [10.56436649920061, 74.39618845781294, -28.0, 8.0], [11.370198410191495, 75.41766946316193, -28.0, 8.0], [12.239940606849157, 76.40158382825058, -28.0, 8.0], [13.164218902553387, 77.35317694503287, -28.0, 8.0], [14.133659110683999, 78.27769420546277, -28.0, 8.0], [15.138887044620787, 79.1803810014943, -28.0, 8.0], [16.170528517743556, 80.06648272508141, -28.0, 8.0], [17.21920934343211, 80.94124476817814, -28.0, 8.0], [18.275555335066255, 81.80991252273844, -28.0, 8.0], [19.330192306025786, 82.67773138071632, -28.0, 8.0], [20.373746069690508, 83.54994673406574, -28.0, 8.0], [21.396842439440235, 84.43180397474072, -28.0, 8.0], [22.390107228654752, 85.32854849469521, -28.0, 8.0], [23.344166250713876, 86.24542568588325, -28.0, 8.0], [24.249645318997402, 87.18768094025879, -28.0, 8.0], [25.09717024688513, 88.16055964977585, -28.0, 8.0], [25.877366847756882, 89.16930720638837, -28.0, 8.0], [26.580860934992444, 90.21916900205042, -28.0, 8.0], [27.198278321971618, 91.31539042871589, -28.0, 8.0], [27.766968529610054, 92.46793042125942, -28.0, 8.0], [28.32709133239198, 93.67831805708238, -28.0, 8.0], [28.87348792405015, 94.9391539419291, -28.0, 8.0], [29.400999498317248, 96.2430386815438, -28.0, 8.0], [29.90446724892601, 97.58257288167076, -28.0, 8.0], [30.378732369609157, 98.9503571480542, -28.0, 8.0], [30.818636054099386, 100.33899208643842, -28.0, 8.0], [31.219019496129437, 101.7410783025677, -28.0, 8.0], [31.574723889432015, 103.14921640218628, -28.0, 8.0], [31.880590427739847, 104.5560069910384, -28.0, 8.0], [32.131460304785634, 105.95405067486834, -28.0, 8.0], [32.32217471430211, 107.33594805942039, -28.0, 8.0], [32.447574850021994, 108.69429975043874, -28.0, 8.0], [32.50250190567799, 110.02170635366774, -28.0, 8.0], [32.48179707500282, 111.31076847485163, -28.0, 8.0], [32.380301551729204, 112.55408671973461, -28.0, 8.0], [32.19285652958987, 113.74426169406102, -28.0, 8.0], [31.914303202317516, 114.8738940035751, -28.0, 8.0], [31.539482763644877, 115.93558425402108, -28.0, 8.0], [31.053717550138064, 116.949634941021, -28.0, 8.0], [30.45170574210973, 117.9406065469543, -28.0, 8.0], [29.742352298912394, 118.90748665770153, -28.0, 8.0], [28.934562179898556, 119.84926285914307, -28.0, 8.0], [28.037240344420756, 120.7649227371594, -28.0, 8.0], [27.059291751831466, 121.65345387763095, -28.0, 8.0], [26.00962136148322, 122.51384386643818, -28.0, 8.0], [24.89713413272853, 123.3450802894616, -28.0, 8.0], [23.730735024919905, 124.14615073258165, -28.0, 8.0], [22.519328997409865, 124.91604278167877, -28.0, 8.0], [21.27182100955092, 125.65374402263342, -28.0, 8.0], [19.99711602069557, 126.3582420413261, -28.0, 8.0], [18.704118990196342, 127.02852442363724, -28.0, 8.0], [17.401734877405737, 127.66357875544726, -28.0, 8.0], [16.098868641676276, 128.2623926226367, -28.0, 8.0], [14.804425242360471, 128.82395361108593, -28.0, 8.0], [13.527309638810825, 129.34724930667545, -28.0, 8.0], [12.276426790379858, 129.83126729528573, -28.0, 8.0], [11.06068165642008, 130.27499516279727, -28.0, 8.0], [9.839063280936687, 130.69375178687017, -28.0, 8.0], [8.569120227812224, 131.1006517483448, -28.0, 8.0], [7.257596736215225, 131.4913761878719, -28.0, 8.0], [5.911237045314231, 131.86160624610213, -28.0, 8.0], [4.536785394277771, 132.20702306368617, -28.0, 8.0], [3.140986022274388, 132.52330778127475, -28.0, 8.0], [1.7305831684726207, 132.8061415395185, -28.0, 8.0], [0.31232107204100273, 133.0512054790682, -28.0, 8.0], [-1.1070560278519364, 133.25418074057444, -28.0, 8.0], [-2.520803892037653, 133.4107484646879, -28.0, 8.0], [-3.9221782813476036, 133.5165897920594, -28.0, 8.0], [-5.30443495661327, 133.56738586333947, -28.0, 8.0], [-6.660829678666091, 133.5588178191789, -28.0, 8.0], [-7.984618208337549, 133.4865668002284, -28.0, 8.0], [-9.269056306459106, 133.34631394713858, -28.0, 8.0], [-10.507399733862211, 133.1337404005602, -28.0, 8.0], [-11.692904251378344, 132.84452730114393, -28.0, 8.0], [-12.818825619838961, 132.47435578954045, -28.0, 8.0], [-13.878419600075524, 132.01890700640038, -28.0, 8.0], [-14.861655968280358, 131.44544257284875, -28.0, 8.0], [-15.76872661161759, 130.7336179534336, -28.0, 8.0], [-16.60822045737644, 129.89770505394063, -28.0, 8.0], [-17.388726432846095, 128.95197578015538, -28.0, 8.0], [-18.118833465315767,