{"control_nodes": [[-4.592425496802574e-15, -25.0, -28.0, 8.0], [0.0, 0.0, -28.0, 8.0], [0.43631016093208996, 24.996192378909782, -28.0, 8.0], [0.8726203218641799, 49.992384757819565, -28.0, 8.0], [-1.740591259827159, 74.8554321420264, -28.0, 8.0], [5.15034263559782, 98.88697454048437, -28.0, 8.0], [26.35154503950847, 112.1349561463145, -28.0, 8.0], [45.78019407593274, 96.40194637006856, -28.0, 8.0], [69.68781297500863, 89.09265375200013, -28.0, 8.0], [85.42082275125456, 69.66400471557586, -28.0, 8.0], [86.29331016881709, 44.679234040098464, -28.0, 8.0], [87.16579758637961, 19.694463364621072, -28.0, 8.0]], "sample_nodes": [[0.0, 0.0, -28.0, 8.0], [0.012658656076029565, 1.3156790032662282, -28.0, 8.0], [0.02754370894935066, 2.6313385770619515, -28.0, 8.0], [0.044464324608766974, 3.9469803867703668, -28.0, 8.0], [0.06322966904308198, 5.262606097774648, -28.0, 8.0], [0.08364890824109937, 6.578217375457992, -28.0, 8.0], [0.10553120819162266, 7.893815885203578, -28.0, 8.0], [0.12868573488345536, 9.20940329239459, -28.0, 8.0], [0.15292165430540106, 10.524981262414212, -28.0, 8.0], [0.17804813244626355, 11.840551460645646, -28.0, 8.0], [0.20387433529484628, 13.156115552472063, -28.0, 8.0], [0.2302094288399526, 14.471675203276643, -28.0, 8.0], [0.2568625790703865, 15.78723207844259, -28.0, 8.0], [0.28364295197495115, 17.10278784335307, -28.0, 8.0], [0.31035971354245045, 18.418344163391282, -28.0, 8.0], [0.33682202976168785, 19.733902703940412, -28.0, 8.0], [0.36283906662146675, 21.049465130383634, -28.0, 8.0], [0.38821999011059116, 22.36503310810415, -28.0, 8.0], [0.41277396621786433, 23.68060830248514, -28.0, 8.0], [0.43631016093208996, 24.996192378909782, -28.0, 8.0], [0.4632752671837441, 26.311956156973462, -28.0, 8.0], [0.4973539975616518, 27.62803052257398, -28.0, 8.0], [0.5372125475421411, 28.9443572405482, -28.0, 8.0], [0.5815171126015386, 30.26087807573294, -28.0, 8.0], [0.6289338882161726, 31.577534792965068, -28.0, 8.0], [0.6781290698623698, 32.894269157081396, -28.0, 8.0], [0.7277688530164579, 34.21102293291878, -28.0, 8.0], [0.7765194331547641, 35.527737885314046, -28.0, 8.0], [0.8230470057536163, 36.84435577910406, -28.0, 8.0], [0.8660177662893415, 38.16081837912566, -28.0, 8.0], [0.9040979102382669, 39.47706745021565, -28.0, 8.0], [0.9359536330767206, 40.79304475721092, -28.0, 8.0], [0.9602511302810295, 42.108692064948265, -28.0, 8.0], [0.9756565973275211, 43.42395113826457, -28.0, 8.0], [0.9808362296925228, 44.738763741996635, -28.0, 8.0], [0.9744562228523624, 46.05307164098134, -28.0, 8.0], [0.9551827722833668, 47.3668166000555, -28.0, 8.0], [0.9216820734618636, 48.67994038405596, -28.0, 8.0], [0.8726203218641799, 49.992384757819565, -28.0, 8.0], [0.794637501047789, 51.305201952704, -28.0, 8.0], [0.6789232924743374, 52.61927939032895, -28.0, 8.0], [0.5309684384764121, 53.93431162092436, -28.0, 8.0], [0.3562636813866019, 55.249993194720105, -28.0, 8.0], [0.16029976353749337, 56.56601866194609, -28.0, 8.0], [-0.05143257273832519, 57.88208257283219, -28.0, 8.0], [-0.27344258510826536, 59.19787947760832, -28.0, 8.0], [-0.50023953123974, 60.513103926504385, -28.0, 8.0], [-0.7263326688001625, 61.827450469750275, -28.0, 8.0], [-0.946231255456944, 63.140613657575855, -28.0, 8.0], [-1.154444548877496, 64.45228804021104, -28.0, 8.0], [-1.3454818067292333, 65.76216816788578, -28.0, 8.0], [-1.5138522866795643, 67.06994859082988, -28.0, 8.0], [-1.6540652463959047, 68.37532385927332, -28.0, 8.0], [-1.7606299435456658, 69.67798852344596, -28.0, 8.0], [-1.828055635796259, 70.97763713357766, -28.0, 8.0], [-1.850851580815098, 72.27396423989839, -28.0, 8.0], [-1.823527036269594, 73.56666439263802, -28.0, 8.0], [-1.740591259827159, 74.8554321420264, -28.0, 8.0], [-1.6211623121118646, 76.15403874075338, -28.0, 8.0], [-1.4866173422995739, 77.47355717767553, -28.0, 8.0], [-1.334854240885386, 78.80963460727305, -28.0, 8.0], [-1.1637708983644028, 80.15791818402604, -28.0, 8.0], [-0.9712652052317221, 81.5140550624147, -28.0, 8.0], [-0.7552350519824459, 82.87369239691918, -28.0, 8.0], [-0.5135783291116738, 84.23247734201959, -28.0, 8.0], [-0.24419292711450719, 85.58605705219611, -28.0, 8.0], [0.05502326351395696, 86.9300786819289, -28.0, 8.0], [0.38617235227861685, 88.26018938569811, -28.0, 8.0], [0.75135644868437, 89.57203631798384, -28.0, 8.0], [1.1526776622361226, 90.8612666332663, -28.0, 8.0], [1.5922381024387644, 92.12352748602565, -28.0, 8.0], [2.0721398787972043, 93.354466030742, -28.0, 8.0], [2.594485100816339, 94.54972942189552, -28.0, 8.0], [3.1613758780010643, 95.70496481396637, -28.0, 8.0], [3.774914319856289, 96.8158193614347, -28.0, 8.0], [4.437202535886908, 97.87794021878065, -28.0, 8.0], [5.15034263559782, 98.88697454048437, -28.0, 8.0], [5.930532685130472, 99.8769566268744, -28.0, 8.0], [6.787879791329801, 100.8795165284519, -28.0, 8.0], [7.71534962475597, 101.88669502495624, -28.0, 8.0], [8.705907855969125, 102.89053289612664, -28.0, 8.0], [9.752520155529421, 103.88307092170237, -28.0, 8.0], [10.848152193997013, 104.85634988142272, -28.0, 8.0], [11.985769641932041, 105.80241055502694, -28.0, 8.0], [13.158338169894666, 106.71329372225432, -28.0, 8.0], [14.358823448445047, 107.58104016284412, -28.0, 8.0], [15.580191148143328, 108.39769065653559, -28.0, 8.0], [16.815406939549653, 109.15528598306801, -28.0, 8.0], [18.0574364932242, 109.84586692218069, -28.0, 8.0], [19.299245479727084, 110.46147425361285, -28.0, 8.0], [20.53379956961848, 110.99414875710377, -28.0, 8.0], [21.754064433458552, 111.43593121239276, -28.0, 8.0], [22.953005741807424, 111.77886239921905, -28.0, 8.0], [24.12358916522527, 112.01498309732193, -28.0, 8.0], [25.258780374272238, 112.13633408644066, -28.0, 8.0], [26.35154503950847, 112.1349561463145, -28.0, 8.0], [27.410093693673524, 111.98034040353102, -28.0, 8.0], [28.449149289715738, 111.6581908842635, -28.0, 8.0], [29.471446128508518, 111.18486771763015, -28.0, 8.0], [30.479718510925192, 110.57673103274892, -28.0, 8.0], [31.476700737839145, 109.85014095873791, -28.0, 8.0], [32.46512711012374, 109.02145762471518, -28.0, 8.0], [33.44773192865232, 108.10704115979877, -28.0, 8.0], [34.42724949429828, 107.12325169310675, -28.0, 8.0], [35.40641410793498, 106.08644935375716, -28.0, 8.0], [36.38796007043578, 105.01299427086809, -28.0, 8.0], [37.37462168267403, 103.91924657355756, -28.0, 8.0], [38.36913324552313, 102.82156639094366, -28.0, 8.0], [39.37422905985641, 101.73631385214445, -28.0, 8.0], [40.39264342654727, 100.67984908627795, -28.0, 8.0], [41.42711064646904, 99.66853222246225, -28.0, 8.0], [42.48036502049511, 98.71872338981541, -28.0, 8.0], [43.55514084949884, 97.84678271745547, -28.0, 8.0], [44.6541724343536, 97.06907033450051, -28.0, 8.0], [45.78019407593274, 96.40194637006856, -28.0, 8.0], [46.9434290645495, 95.83419267317656, -28.0, 8.0], [48.148588195338284, 95.33769423262365, -28.0, 8.0], [49.390137026404346, 94.90346588720128, -28.0, 8.0], [50.662541115852825, 94.52252247570085, -28.0, 8.0], [51.96026602178898, 94.18587883691384, -28.0, 8.0], [53.27777730231797, 93.88454980963164, -28.0, 8.0], [54.60954051554498, 93.60955023264563, -28.0, 8.0], [55.950021219575234, 93.35189494474733, -28.0, 8.0], [57.29368497251395, 93.10259878472812, -28.0, 8.0], [58.634997332466284, 92.85267659137943, -28.0, 8.0], [59.968423857537445, 92.59314320349267, -28.0, 8.0], [61.28843010583266, 92.3150134598593, -28.0, 8.0], [62.589481635457076, 92.00930219927073, -28.0, 8.0], [63.86604400451593, 91.66702426051839, -28.0, 8.0], [65.11258277111443, 91.2791944823937, -28.0, 8.0], [66.32356349335772, 90.83682770368813, -28.0, 8.0], [67.4934517293511, 90.33093876319303, -28.0, 8.0], [68.61671303719964, 89.7525424996999, -28.0, 8.0], [69.68781297500863, 89.09265375200013, -28.0, 8.0], [70.72843812566492, 88.36362598299242, -28.0, 8.0], [71.7620151699558, 87.58571652154879, -28.0, 8.0], [72.78561981283721, 86.76179600542089, -28.0, 8.0], [73.79632775926501, 85.89473507236022, -28.0, 8.0], [74.79121471419512, 84.98740436011835, -28.0, 8.0], 