{"control_nodes": [[-4.592425496802574e-15, -25.0, -28.0, 8.0], [0.0, 0.0, -28.0, 8.0], [0.43631016093208996, 24.996192378909782, -28.0, 8.0], [0.8726203218641799, 49.992384757819565, -28.0, 8.0], [23.88524165817519, 59.76066297005141, -28.0, 8.0], [48.24449327780607, 54.13688661145479, -28.0, 8.0], [72.60374489743695, 59.76066297005141, -28.0, 8.0], [91.7548559754114, 43.69097272788793, -28.0, 8.0], [95.66571760141717, 18.998764213009487, -28.0, 8.0], [74.23653508386437, 6.122812340258127, -28.0, 8.0], [54.53626624369632, 21.514349223399584, -28.0, 8.0], [34.83599740352827, 36.90588610654105, -28.0, 8.0]], "sample_nodes": [[0.0, 0.0, -28.0, 8.0], [0.012658656076029565, 1.3156790032662282, -28.0, 8.0], [0.02754370894935066, 2.6313385770619515, -28.0, 8.0], [0.044464324608766974, 3.9469803867703668, -28.0, 8.0], [0.06322966904308198, 5.262606097774648, -28.0, 8.0], [0.08364890824109937, 6.578217375457992, -28.0, 8.0], [0.10553120819162266, 7.893815885203578, -28.0, 8.0], [0.12868573488345536, 9.20940329239459, -28.0, 8.0], [0.15292165430540106, 10.524981262414212, -28.0, 8.0], [0.17804813244626355, 11.840551460645646, -28.0, 8.0], [0.20387433529484628, 13.156115552472063, -28.0, 8.0], [0.2302094288399526, 14.471675203276643, -28.0, 8.0], [0.2568625790703865, 15.78723207844259, -28.0, 8.0], [0.28364295197495115, 17.10278784335307, -28.0, 8.0], [0.31035971354245045, 18.418344163391282, -28.0, 8.0], [0.33682202976168785, 19.733902703940412, -28.0, 8.0], [0.36283906662146675, 21.049465130383634, -28.0, 8.0], [0.38821999011059116, 22.36503310810415, -28.0, 8.0], [0.41277396621786433, 23.68060830248514, -28.0, 8.0], [0.43631016093208996, 24.996192378909782, -28.0, 8.0], [0.42965046819525865, 26.331762677245774, -28.0, 8.0], [0.3703269791607071, 27.70285515471382, -28.0, 8.0], [0.26821415563425804, 29.102809402726685, -28.0, 8.0], [0.13318645942173396, 30.524965012697077, -28.0, 8.0], [-0.02488164767104306, 31.96266157603776, -28.0, 8.0], [-0.19611570383825022, 33.40923868416145, -28.0, 8.0], [-0.3706412472740643, 34.8580359284809, -28.0, 8.0], [-0.5385838161726628, 36.30239290040884, -28.0, 8.0], [-0.6900689487282253, 37.73564919135802, -28.0, 8.0], [-0.8152221831349271, 39.15114439274116, -28.0, 8.0], [-0.9041690575869461, 40.542218095970995, -28.0, 8.0], [-0.94703511027846, 41.902209892460284, -28.0, 8.0], [-0.9339458794036462, 43.22445937362174, -28.0, 8.0], [-0.8550269031566824, 44.50230613086812, -28.0, 8.0], [-0.7004037197317453, 45.72908975561215, -28.0, 8.0], [-0.4602018673230144, 46.898149839266566, -28.0, 8.0], [-0.1245468841246646, 48.00282597324412, -28.0, 8.0], [0.3164356916691261, 49.03645774895754, -28.0, 8.0], [0.8726203218641799, 49.992384757819565, -28.0, 8.0], [1.5488230073062295, 50.886363329149944, -28.0, 8.0], [2.3370864605869035, 51.73854220333778, -28.0, 8.0], [3.228125211130879, 52.548849588399975, -28.0, 8.0], [4.212653788362823, 53.31721369235335, -28.0, 8.0], [5.2813867217074115, 54.04356272321477, -28.0, 8.0], [6.4250385405893145, 54.72782488900105, -28.0, 8.0], [7.6343237744332, 55.36992839772904, -28.0, 8.0], [8.89995695266374, 55.96980145741562, -28.0, 8.0], [10.212652604705614, 56.5273722760776, -28.0, 8.0], [11.56312525998349, 57.042569061731854, -28.0, 8.0], [12.942089447922031, 57.5153200223952, -28.0, 8.0], [14.340259697945928, 57.94555336608451, -28.0, 8.0], [15.748350539479823, 58.333197300816614, -28.0, 8.0], [17.157076501948417, 58.67818003460836, -28.0, 8.0], [18.55715211477637, 58.980429775476594, -28.0, 8.0], [19.93929190738834, 59.23987473143818, -28.0, 8.0], [21.29421040920903, 59.45644311050995, -28.0, 8.0], [22.61262214966309, 59.630063120708755, -28.0, 8.0], [23.88524165817519, 59.76066297005141, -28.0, 8.0], [25.135502006445922, 59.81345515558372, -28.0, 8.0], [26.39263391907241, 59.76146781735831, -28.0, 8.0], [27.65604840482418, 59.61635262790242, -28.0, 8.0], [28.925156472470718, 59.38976125974322, -28.0, 8.0], [30.199369130781548, 59.093345385407915, -28.0, 8.0], [31.478097388526166, 58.7387566774237, -28.0, 8.0], [32.76075225447407, 58.337646808317785, -28.0, 8.0], [34.046744737394775, 57.90166745061738, -28.0, 8.0], [35.33548584605779, 57.44247027684966, -28.0, 8.0], [36.626386589232624, 56.971706959541834, -28.0, 8.0], [37.918857975688766, 56.501029171221106, -28.0, 8.0], [39.21231101419575, 56.04208858441467, -28.0, 8.0], [40.50615671352303, 55.60653687164975, -28.0, 8.0], [41.79980608244017, 55.20602570545351, -28.0, 8.0], [43.09267012971664, 54.85220675835316, -28.0, 8.0], [44.384159864121955, 54.55673170287593, -28.0, 8.0], [45.673686294425636, 54.331252211548986, -28.0, 8.0], [46.960660429397166, 54.18741995689955, -28.0, 8.0], [48.24449327780607, 54.13688661145479, -28.0, 8.0], [49.53339298615447, 54.19568832084026, -28.0, 8.0], [50.834441732069045, 54.3624882531028, -28.0, 8.0], [52.14536157100617, 54.62287861440167, -28.0, 8.0], [53.463874558422155, 54.96245161089607, -28.0, 8.0], [54.78770274977335, 55.366799448745255, -28.0, 8.0], [56.1145682005161, 55.821514334108414, -28.0, 8.0], [57.442192966106724, 56.312188473144786, -28.0, 8.0], [58.76829910200159, 56.824414072013624, -28.0, 8.0], [60.090608663657015, 57.34378333687414, -28.0, 8.0], [61.406843706529344, 57.85588847388556, -28.0, 8.0], [62.71472628607491, 58.3463216892071, -28.0, 8.0], [64.01197845775008, 58.800675188998, -28.0, 8.0], [65.29632227701113, 59.204541179417475, -28.0, 8.0], [66.56547979931447, 59.54351186662478, -28.0, 8.0], [67.8171730801164, 59.80317945677911, -28.0, 8.0], [69.04912417487328, 59.969136156039724, -28.0, 8.0], [70.25905513904145, 60.02697417056583, -28.0, 8.0], [71.44468802807722, 59.962285706516646, -28.0, 8.0], [72.60374489743695, 59.76066297005141, -28.0, 8.0], [73.75470452886498, 59.438573172173676, -28.0, 8.0], [74.91463909428826, 59.02590004747522, -28.0, 8.0], [76.07916073443712, 58.528360587497744, -28.0, 8.0], [77.24388159004181, 57.95167178378282, -28.0, 8.0], [78.40441380183265, 57.30155062787216, -28.0, 8.0], [79.55636951053991, 56.58371411130736, -28.0, 8.0], [80.69536085689388, 55.803879225630084, -28.0, 8.0], [81.81699998162486, 54.967762962382, -28.0, 8.0], [82.91689902546315, 54.0810823131047, -28.0, 8.0], [83.99067012913903, 53.14955426933986, -28.0, 8.0], [85.03392543338276, 52.1788958226291, -28.0, 8.0], [86.04227707892471, 51.174823964514104, -28.0, 8.0], [87.0113372064951, 50.143055686536485, -28.0, 8.0], [87.93671795682422, 49.089307980237905, -28.0, 8.0], [88.81403147064242, 48.01929783715998, -28.0, 8.0], [89.63888988867994, 46.93874224884439, -28.0, 8.0], [90.40690535166709, 45.85335820683276, -28.0, 8.0], [91.11369000033416, 44.76886270266673, -28.0, 8.0], [91.7548559754114, 43.69097272788793, -28.0, 8.0], [92.35389400653825, 42.57953000686877, -28.0, 8.0], [92.93427508701309, 41.39652463155319, -28.0, 8.0], [93.49158175305485, 40.15089614484026, -28.0, 8.0], [94.02139654088235, 38.85158408962901, -28.0, 8.0], [94.5193019867145, 37.507528008818454, -28.0, 8.0], [94.9808806267701, 36.127667445307665, -28.0, 8.0], [95.40171499726809, 34.72094194199569, -28.0, 8.0], [95.7773876344273, 33.29629104178156, -28.0, 8.0], [96.10348107446666, 31.862654287564304, -28.0, 8.0], [96.37557785360497, 30.42897122224297, -28.0, 8.0], [96.58926050806107, 29.00418138871661, -28.0, 8.0], [96.74011157405397, 27.59722432988424, -28.0, 8.0], [96.82371358780242, 26.21703958864494, -28.0, 8.0], [96.8356490855253, 24.872566707897725, -28.0, 8.0], [96.77150060344154, 23.572745230541646, -28.0, 8.0], [96.62685067777, 22.32651469947574, -28.0, 8.0], [96.39728184472949, 21.142814657599054, -28.0, 8.0], [96.07837664053895, 20.030584647810624, -28.0, 8.0], [95.66571760141717, 18.998764213009487, -28.0, 8.0], [95.13409375527685, 18.00490802393078, -28.0, 8.0], [94.46913208090166, 17.005408032895538, -28.0, 8.0], [93.68267204081724, 16.007459705181695, -28.0, 8.0], [92.7865530975491, 15.01825850606718, -28.0, 8.0], [91.79261471362283, 14.044999900829907, -28.0, 8.0], [90.71269635156395, 13.094879354747816, -28.0,