{"control_nodes": [[-4.592425496802574e-15, -25.0, -28.0, 8.0], [0.0, 0.0, -28.0, 8.0], [0.43631016093208996, 24.996192378909782, -28.0, 8.0], [0.8726203218641799, 49.992384757819565, -28.0, 8.0], [14.488596197239856, 70.95914895645517, -28.0, 8.0], [16.667489765931307, 95.86401640874881, -28.0, 8.0], [24.392914625304993, 119.64042931612765, -28.0, 8.0], [42.070584154968685, 137.31809884579133, -28.0, 8.0], [38.59125663096705, 162.0748005643306, -28.0, 8.0], [13.652155374471448, 163.81871240793373, -28.0, 8.0], [-0.6872555343047058, 184.29751351515853, -28.0, 8.0], [-15.02666644308086, 204.77631462238332, -28.0, 8.0]], "sample_nodes": [[0.0, 0.0, -28.0, 8.0], [0.012658656076029565, 1.3156790032662282, -28.0, 8.0], [0.02754370894935066, 2.6313385770619515, -28.0, 8.0], [0.044464324608766974, 3.9469803867703668, -28.0, 8.0], [0.06322966904308198, 5.262606097774648, -28.0, 8.0], [0.08364890824109937, 6.578217375457992, -28.0, 8.0], [0.10553120819162266, 7.893815885203578, -28.0, 8.0], [0.12868573488345536, 9.20940329239459, -28.0, 8.0], [0.15292165430540106, 10.524981262414212, -28.0, 8.0], [0.17804813244626355, 11.840551460645646, -28.0, 8.0], [0.20387433529484628, 13.156115552472063, -28.0, 8.0], [0.2302094288399526, 14.471675203276643, -28.0, 8.0], [0.2568625790703865, 15.78723207844259, -28.0, 8.0], [0.28364295197495115, 17.10278784335307, -28.0, 8.0], [0.31035971354245045, 18.418344163391282, -28.0, 8.0], [0.33682202976168785, 19.733902703940412, -28.0, 8.0], [0.36283906662146675, 21.049465130383634, -28.0, 8.0], [0.38821999011059116, 22.36503310810415, -28.0, 8.0], [0.41277396621786433, 23.68060830248514, -28.0, 8.0], [0.43631016093208996, 24.996192378909782, -28.0, 8.0], [0.44198022605331644, 26.317068644022616, -28.0, 8.0], [0.4169060644022585, 27.64734436253745, -28.0, 8.0], [0.36685221849871996, 28.985257136941428, -28.0, 8.0], [0.29758323086250366, 30.32904456972165, -28.0, 8.0], [0.21486364401341293, 31.676944263365264, -28.0, 8.0], [0.12445800047125105, 33.02719382035937, -28.0, 8.0], [0.0321308427558219, 34.37803084319111, -28.0, 8.0], [-0.056353286613071873, 35.72769293434759, -28.0, 8.0], [-0.13522984511562725, 37.074417696315955, -28.0, 8.0], [-0.19873429023204037, 38.4164427315833, -28.0, 8.0], [-0.24110207944250772, 39.752005642636774, -28.0, 8.0], [-0.256568670227227, 41.079344031963494, -28.0, 8.0], [-0.23936952006639362, 42.39669550205056, -28.0, 8.0], [-0.18374008644020554, 43.702297655385124, -28.0, 8.0], [-0.08391582682885843, 44.994388094454294, -28.0, 8.0], [0.06586780128744935, 46.2712044217452, -28.0, 8.0], [0.2713753404285231, 47.53098423974497, -28.0, 8.0], [0.5383713331141656, 48.771965150940716, -28.0, 8.0], [0.8726203218641799, 49.992384757819565, -28.0, 8.0], [1.2929724411280552, 51.185900767679456, -28.0, 8.0], [1.807256856194884, 52.34966905361921, -28.0, 8.0], [2.4047066558438837, 53.487174466827334, -28.0, 8.0], [3.07455492885426, 54.60190185849228, -28.0, 8.0], [3.8060347640052328, 55.697336079802575, -28.0, 8.0], [4.5883792500760086, 56.776961981946656, -28.0, 8.0], [5.4108214758458, 57.84426441611303, -28.0, 8.0], [6.262594530093818, 58.90272823349017, -28.0, 8.0], [7.132931501599282, 59.955838285266566, -28.0, 8.0], [8.0110654791414, 61.00707942263069, -28.0, 8.0], [8.886229551499378, 62.05993649677101, -28.0, 8.0], [9.74765680745244, 63.11789435887605, -28.0, 8.0], [10.584580335779783, 64.18443786013425, -28.0, 8.0], [11.386233225260638, 65.26305185173412, -28.0, 8.0], [12.141848564674202, 66.3572211848641, -28.0, 8.0], [12.84065944279969, 67.47043071071273, -28.0, 8.0], [13.471898948416326, 68.60616528046847, -28.0, 8.0], [14.02480017030331, 69.76790974531978, -28.0, 8.0], [14.488596197239856, 70.95914895645517, -28.0, 8.0], [14.866124864737207, 72.17839965103015, -28.0, 8.0], [15.172354161862069, 73.42037798616444, -28.0, 8.0], [15.414712407726872, 74.68286794299303, -28.0, 8.0], [15.600627921444037, 75.96365350265079, -28.0, 8.0], [15.737529022125983, 77.26051864627257, -28.0, 8.0], [15.83284402888513, 78.57124735499337, -28.0, 8.0], [15.894001260833903, 79.893623609948, -28.0, 8.0], [15.928429037084722, 81.22543139227139, -28.0, 8.0], [15.943555676750007, 82.56445468309849, -28.0, 8.0], [15.946809498942184, 83.90847746356411, -28.0, 8.0], [15.945618822773666, 85.2552837148032, -28.0, 8.0], [15.947411967356883, 86.60265741795067, -28.0, 8.0], [15.959617251804252, 87.9483825541414, -28.0, 8.0], [15.989662995228198, 89.2902431045103, -28.0, 8.0], [16.044977516741138, 90.62602305019227, -28.0, 8.0], [16.1329891354555, 91.95350637232217, -28.0, 8.0], [16.261126170483703, 93.270477052035, -28.0, 8.0], [16.436816940938165, 94.57471907046558, -28.0, 8.0], [16.667489765931307, 95.86401640874881, -28.0, 8.0], [16.930030967726147, 97.15006151535904, -28.0, 8.0], [17.197659307653243, 98.4445749096163, -28.0, 8.0], [17.4723017634264, 99.74538267892434, -28.0, 8.0], [17.755885312759386, 101.05031091068676, -28.0, 8.0], [18.050336933365983, 102.35718569230723, -28.0, 8.0], [18.357583602959977, 103.66383311118935, -28.0, 8.0], [18.679552299255143, 104.96807925473681, -28.0, 8.0], [19.018169999965266, 106.26775021035321, -28.0, 8.0], [19.375363682804124, 107.56067206544225, -28.0, 8.0], [19.7530603254855, 108.8446709074075, -28.0, 8.0], [20.153186905723167, 110.11757282365267, -28.0, 8.0], [20.577670401230925, 111.37720390158137, -28.0, 8.0], [21.02843778972254, 112.62139022859726, -28.0, 8.0], [21.507416048911786, 113.84795789210398, -28.0, 8.0], [22.01653215651246, 115.0547329795052, -28.0, 8.0], [22.557713090238337, 116.23954157820451, -28.0, 8.0], [23.1328858278032, 117.40020977560562, -28.0, 8.0], [23.743977346920826, 118.53456365911211, -28.0, 8.0], [24.392914625304993, 119.64042931612765, -28.0, 8.0], [25.11602120601714, 120.70558806196505, -28.0, 8.0], [25.939264908222032, 121.72311296420392, -28.0, 8.0], [26.849039123788486, 122.69876773864833, -28.0, 8.0], [27.831737244585312, 123.6383161011023, -28.0, 8.0], [28.873752662481298, 124.54752176736983, -28.0, 8.0], [29.961478769345263, 125.43214845325497, -28.0, 8.0], [31.081308957046, 126.29795987456168, -28.0, 8.0], [32.21963661745233, 127.15071974709406, -28.0, 8.0], [33.362855142433034, 127.9961917866561, -28.0, 8.0], [34.49735792385695, 128.84013970905178, -28.0, 8.0], [35.60953835359285, 129.68832723008512, -28.0, 8.0], [36.685789823509566, 130.54651806556024, -28.0, 8.0], [37.71250572547588, 131.42047593128103, -28.0, 8.0], [38.67607945136062, 132.3159645430516, -28.0, 8.0], [39.562904393032575, 133.2387476166759, -28.0, 8.0], [40.35937394236055, 134.19458886795803, -28.0, 8.0], [41.05188149121336, 135.18925201270198, -28.0, 8.0], [41.626820431459805, 136.2285007667117, -28.0, 8.0], [42.070584154968685, 137.31809884579133, -28.0, 8.0], [42.4153187008386, 138.48408240238408, -28.0, 8.0], [42.70215289430166, 139.73987070669642, -28.0, 8.0], [42.9309543064271, 141.0723021511777, -28.0, 8.0], [43.10159050828408, 142.46821512827697, -28.0, 8.0], [43.21392907094179, 143.91444803044334, -28.0, 8.0], [43.26783756546939, 145.39783925012594, -28.0, 8.0], [43.26318356293609, 146.90522717977393, -28.0, 8.0], [43.19983463441106, 148.42345021183638, -28.0, 8.0], [43.07765835096346, 149.93934673876254, -28.0, 8.0], [42.89652228366249, 151.43975515300133, -28.0, 8.0], [42.656294003577344, 152.91151384700203, -28.0, 8.0], [42.35684108177718, 154.34146121321376, -28.0, 8.0], [41.9980310893312, 155.7164356440856, -28.0, 8.0], [41.579731597308566, 157.0232755320667, -28.0, 8.0], [41.101810176778464, 158.2488192696062, -28.0, 8.0], [40.56413439881008, 159.3799052491532, -28.0, 8.0], [39.9665718344726, 160.40337186315685, -28.0, 8.0], [39.3089900548352, 161.30605750406627, -28.0, 8.0], [38.59125663096705, 162.0748005643306, -28.0, 8.0], [37.77161391015347, 162.6855324686764, -28.0, 8.0], [36.81774067086768, 163.13513215639568, -28.0, 8.0], [35.74365913096081, 163.44185929178602, -28.0, 8.0], [34.56339150828391, 163.62397353914463, -28.0, 8.0], [33.29096002068808, 