{"control_nodes": [[-4.592425496802574e-15, -25.0, -28.0, 8.0], [0.0, 0.0, -28.0, 8.0], [0.43631016093208996, 24.996192378909782, -28.0, 8.0], [0.8726203218641799, 49.992384757819565, -28.0, 8.0], [-9.295795755030827, 72.83102119888459, -28.0, 8.0], [-27.27929076349711, 90.19748046035951, -28.0, 8.0], [-34.17022465892209, 114.22902285881749, -28.0, 8.0], [-48.86485596623391, 134.45444771819118, -28.0, 8.0], [-70.29403848378672, 147.33039959094253, -28.0, 8.0], [-89.99430732395477, 162.721936474084, -28.0, 8.0], [-114.02584972241274, 155.83100257865902, -28.0, 8.0], [-138.0573921208707, 148.94006868323405, -28.0, 8.0]], "sample_nodes": [[0.0, 0.0, -28.0, 8.0], [0.012658656076029565, 1.3156790032662282, -28.0, 8.0], [0.02754370894935066, 2.6313385770619515, -28.0, 8.0], [0.044464324608766974, 3.9469803867703668, -28.0, 8.0], [0.06322966904308198, 5.262606097774648, -28.0, 8.0], [0.08364890824109937, 6.578217375457992, -28.0, 8.0], [0.10553120819162266, 7.893815885203578, -28.0, 8.0], [0.12868573488345536, 9.20940329239459, -28.0, 8.0], [0.15292165430540106, 10.524981262414212, -28.0, 8.0], [0.17804813244626355, 11.840551460645646, -28.0, 8.0], [0.20387433529484628, 13.156115552472063, -28.0, 8.0], [0.2302094288399526, 14.471675203276643, -28.0, 8.0], [0.2568625790703865, 15.78723207844259, -28.0, 8.0], [0.28364295197495115, 17.10278784335307, -28.0, 8.0], [0.31035971354245045, 18.418344163391282, -28.0, 8.0], [0.33682202976168785, 19.733902703940412, -28.0, 8.0], [0.36283906662146675, 21.049465130383634, -28.0, 8.0], [0.38821999011059116, 22.36503310810415, -28.0, 8.0], [0.41277396621786433, 23.68060830248514, -28.0, 8.0], [0.43631016093208996, 24.996192378909782, -28.0, 8.0], [0.4731887881717647, 26.314612476916352, -28.0, 8.0], [0.5348050768497294, 27.638065509024894, -28.0, 8.0], [0.6165207154463056, 28.965607800091313, -28.0, 8.0], [0.7136973924418126, 30.29629567497146, -28.0, 8.0], [0.8216967963165723, 31.629185458521242, -28.0, 8.0], [0.9358806155509045, 32.963333475596514, -28.0, 8.0], [1.0516105386251293, 34.297796051053155, -28.0, 8.0], [1.164248254019568, 35.63162950974704, -28.0, 8.0], [1.2691554502145415, 36.96389017653408, -28.0, 8.0], [1.3616938156903695, 38.293634376270106, -28.0, 8.0], [1.4372250389273724, 39.61991843381102, -28.0, 8.0], [1.491110808405872, 40.94179867401271, -28.0, 8.0], [1.5187128126061877, 42.25833142173102, -28.0, 8.0], [1.5153927400086404, 43.56857300182186, -28.0, 8.0], [1.4765122790935505, 44.8715797391411, -28.0, 8.0], [1.3974331183412398, 46.1664079585446, -28.0, 8.0], [1.2735169462320273, 47.45211398488827, -28.0, 8.0], [1.100125451246234, 48.727754143027965, -28.0, 8.0], [0.8726203218641799, 49.992384757819565, -28.0, 8.0], [0.5981638642396035, 51.25255700038725, -28.0, 8.0], [0.28782401903392185, 52.5144846558502, -28.0, 8.0], [-0.05717907351102902, 53.776717970056964, -28.0, 8.0], [-0.43562527315340893, 55.03780718885598, -28.0, 8.0], [-0.8462944396513821, 56.296302558095775, -28.0, 8.0], [-1.2879664327631093, 57.55075432362482, -28.0, 8.0], [-1.7594211122467502, 58.79971273129158, -28.0, 8.0], [-2.2594383378604688, 60.041728026944554, -28.0, 8.0], [-2.7867979693624303, 61.27535045643225, -28.0, 8.0], [-3.3402798665107927, 62.49913026560312, -28.0, 8.0], [-3.918663889063715, 63.711617700305666, -28.0, 8.0], [-4.520729896779369, 64.91136300638838, -28.0, 8.0], [-5.145257749415902, 66.09691642969972, -28.0, 8.0], [-5.79102730673149, 67.26682821608821, -28.0, 8.0], [-6.456818428484288, 68.4196486114023, -28.0, 8.0], [-7.141410974432455, 69.5539278614905, -28.0, 8.0], [-7.843584804334163, 70.6682162122013, -28.0, 8.0], [-8.562119777947569, 71.76106390938317, -28.0, 8.0], [-9.295795755030827, 72.83102119888459, -28.0, 8.0], [-10.072269287784751, 73.86554499947552, -28.0, 8.0], [-10.914497120059542, 74.85659780845288, -28.0, 8.0], [-11.814209399087481, 75.80948823945569, -28.0, 8.0], [-12.763136272100835, 76.72952490612286, -28.0, 8.0], [-13.753007886331883, 77.62201642209341, -28.0, 8.0], [-14.775554389012894, 78.4922714010063, -28.0, 8.0], [-15.822505927376142, 79.34559845650048, -28.0, 8.0], [-16.885592648653898, 80.18730620221498, -28.0, 8.0], [-17.956544700078446, 81.02270325178873, -28.0, 8.0], [-19.027092228882047, 81.8570982188607, -28.0, 8.0], [-20.088965382296973, 82.69579971706986, -28.0, 8.0], [-21.13389430755551, 83.54411636005524, -28.0, 8.0], [-22.153609151889917, 84.40735676145573, -28.0, 8.0], [-23.13984006253248, 85.29082953491037, -28.0, 8.0], [-24.084317186715467, 86.1998432940581, -28.0, 8.0], [-24.978770671671146, 87.1397066525379, -28.0, 8.0], [-25.8149306646318, 88.11572822398878, -28.0, 8.0], [-26.584527312829703, 89.13321662204964, -28.0, 8.0], [-27.27929076349711, 90.19748046035951, -28.0, 8.0], [-27.89372271565546, 91.30987270347131, -28.0, 8.0], [-28.433348019972048, 92.46515396690964, -28.0, 8.0], [-28.90643155114797, 93.65874434077104, -28.0, 8.0], [-29.32123818388431, 94.88606391515191, -28.0, 8.0], [-29.686032792882166, 96.14253278014878, -28.0, 8.0], [-30.009080252842626, 97.42357102585818, -28.0, 8.0], [-30.298645438466785, 98.72459874237651, -28.0, 8.0], [-30.56299322445573, 100.04103601980032, -28.0, 8.0], [-30.810388485510547, 101.36830294822607, -28.0, 8.0], [-31.049096096332338, 102.70181961775026, -28.0, 8.0], [-31.287380931622188, 104.03700611846935, -28.0, 8.0], [-31.533507866081187, 105.36928254047987, -28.0, 8.0], [-31.795741774410427, 106.69406897387823, -28.0, 8.0], [-32.082347531311, 108.006785508761, -28.0, 8.0], [-32.401590011484004, 109.30285223522463, -28.0, 8.0], [-32.76173408963052, 110.57768924336561, -28.0, 8.0], [-33.17104464045165, 111.82671662328042, -28.0, 8.0], [-33.63778653864847, 113.04535446506556, -28.0, 8.0], [-34.17022465892209, 114.22902285881749, -28.0, 8.0], [-34.75047716808111, 115.39305765579158, -28.0, 8.0], [-35.354840566590205, 116.55481478166458, -28.0, 8.0], [-35.98284722963455, 117.71274443816532, -28.0, 8.0], [-36.63402953239931, 118.86529682702249, -28.0, 8.0], [-37.307919850069645, 120.01092214996484, -28.0, 8.0], [-38.00405055783073, 121.14807060872108, -28.0, 8.0], [-38.72195403086773, 122.27519240501994, -28.0, 8.0], [-39.461162644365814, 123.3907377405902, -28.0, 8.0], [-40.22120877351014, 124.49315681716055, -28.0, 8.0], [-41.00162479348589, 125.58089983645976, -28.0, 8.0], [-41.80194307947821, 126.6524170002165, -28.0, 8.0], [-42.62169600667229, 127.70615851015955, -28.0, 8.0], [-43.46041595025328, 128.74057456801765, -28.0, 8.0], [-44.31763528540636, 129.75411537551952, -28.0, 8.0], [-45.1928863873167, 130.74523113439392, -28.0, 8.0], [-46.08570163116945, 131.7123720463695, -28.0, 8.0], [-46.9956133921498, 132.65398831317515, -28.0, 8.0], [-47.9221540454429, 133.56853013653947, -28.0, 8.0], [-48.86485596623391, 134.45444771819118, -28.0, 8.0], [-49.8359155690731, 135.30241287124596, -28.0, 8.0], [-50.84537317616896, 136.10700713718913, -28.0, 8.0], [-51.889527024194095, 136.8725453103044, -28.0, 8.0], [-52.964675349821015, 137.60334218487526, -28.0, 8.0], [-54.06711638972233, 138.3037125551853, -28.0, 8.0], [-55.193148380570584, 138.97797121551815, -28.0, 8.0], [-56.33906955903834, 139.6304329601573, -28.0, 8.0], [-57.50117816179818, 140.2654125833864, -28.0, 8.0], [-58.67577242552265, 140.88722487948894, -28.0, 8.0], [-59.85915058688434, 141.50018464274854, -28.0, 8.0], [-61.04761088255576, 142.10860666744878, -28.0, 8.0], [-62.237451549209545, 142.71680574787325, -28.0, 8.0], [-63.42497082351821, 143.32909667830546, -28.0, 8.0], [-64.60646694215434, 143.94979425302907, -28.0, 8.0], [-65.7782381417905, 144.5832132663276, -28.0, 8.0], [-66.93658265909926, 145.23366851248463, -28.0, 8.0], [-68.07779873075317, 145.90547478578372, -28.0, 8.0], [-69.1981845934248, 146.60294688050854, -28.0, 8.0], [-70.29403848378672, 147.33039959094253, -28.0, 8.0], [-71.36604600748002, 148.1103036994333, -28.0, 8.0], [-72.41912768839141, 148.9550226508779, -28.0, 8.0], [-73.45593414056188, 149.85371023338448, -28.0, 8.0], [-74.47911597803237, 