{"control_nodes": [[-4.592425496802574e-15, -25.0, -28.0, 8.0], [0.0, 0.0, -28.0, 8.0], [0.43631016093208996, 24.996192378909782, -28.0, 8.0], [0.8726203218641799, 49.992384757819565, -28.0, 8.0], [21.598559635740223, 63.97220734458824, -28.0, 8.0], [26.368784520153845, 88.51288693077984, -28.0, 8.0], [49.70829518258389, 97.47208566941235, -28.0, 8.0], [74.6473964390795, 99.21599751301548, -28.0, 8.0], [87.89537804490962, 120.41719991692614, -28.0, 8.0], [93.0931703153536, 144.87088993527126, -28.0, 8.0], [81.74340782186493, 167.14605303998047, -28.0, 8.0], [70.39364532837627, 189.42121614468968, -28.0, 8.0]], "sample_nodes": [[0.0, 0.0, -28.0, 8.0], [0.012658656076029565, 1.3156790032662282, -28.0, 8.0], [0.02754370894935066, 2.6313385770619515, -28.0, 8.0], [0.044464324608766974, 3.9469803867703668, -28.0, 8.0], [0.06322966904308198, 5.262606097774648, -28.0, 8.0], [0.08364890824109937, 6.578217375457992, -28.0, 8.0], [0.10553120819162266, 7.893815885203578, -28.0, 8.0], [0.12868573488345536, 9.20940329239459, -28.0, 8.0], [0.15292165430540106, 10.524981262414212, -28.0, 8.0], [0.17804813244626355, 11.840551460645646, -28.0, 8.0], [0.20387433529484628, 13.156115552472063, -28.0, 8.0], [0.2302094288399526, 14.471675203276643, -28.0, 8.0], [0.2568625790703865, 15.78723207844259, -28.0, 8.0], [0.28364295197495115, 17.10278784335307, -28.0, 8.0], [0.31035971354245045, 18.418344163391282, -28.0, 8.0], [0.33682202976168785, 19.733902703940412, -28.0, 8.0], [0.36283906662146675, 21.049465130383634, -28.0, 8.0], [0.38821999011059116, 22.36503310810415, -28.0, 8.0], [0.41277396621786433, 23.68060830248514, -28.0, 8.0], [0.43631016093208996, 24.996192378909782, -28.0, 8.0], [0.43265092572579006, 26.32623652192126, -28.0, 8.0], [0.38166204094271455, 27.681978567932326, -28.0, 8.0], [0.29221781587850904, 29.05860016013058, -28.0, 8.0], [0.17319255982881895, 30.451282941703575, -28.0, 8.0], [0.033460582089289204, 31.855208555838907, -28.0, 8.0], [-0.11810380804443438, 33.26555864572413, -28.0, 8.0], [-0.2726263012767059, 34.67751485454683, -28.0, 8.0], [-0.4212325883118804, 36.08625882549457, -28.0, 8.0], [-0.5550483598543134, 37.48697220175495, -28.0, 8.0], [-0.6651993066083586, 38.87483662651553, -28.0, 8.0], [-0.7428111192783697, 40.24503374296388, -28.0, 8.0], [-0.7790094885687036, 41.59274519428759, -28.0, 8.0], [-0.7649201051837122, 42.91315262367419, -28.0, 8.0], [-0.691668659827752, 44.20143767431132, -28.0, 8.0], [-0.5503808432051767, 45.45278198938652, -28.0, 8.0], [-0.33218234602034236, 46.66236721208736, -28.0, 8.0], [-0.02819885897760145, 47.82537498560145, -28.0, 8.0], [0.370443927218691, 48.93698695311632, -28.0, 8.0], [0.8726203218641799, 49.992384757819565, -28.0, 8.0], [1.5051827361224535, 50.97449879006268, -28.0, 8.0], [2.2784986787703496, 51.87576333189674, -28.0, 8.0], [3.1767151055233978, 52.7056158640587, -28.0, 8.0], [4.1839789720971154, 53.473493867285484, -28.0, 8.0], [5.2844372342070365, 54.188834822314035, -28.0, 8.0], [6.462236847568677, 54.86107620988132, -28.0, 8.0], [7.701524767897562, 55.499655510724246, -28.0, 8.0], [8.986447950909213, 56.11401020557979, -28.0, 8.0], [10.301153352319169, 56.71357777518487, -28.0, 8.0], [11.629787927842942, 57.30779570027646, -28.0, 8.0], [12.956498633196048, 57.90610146159145, -28.0, 8.0], [14.265432424094037, 58.51793253986684, -28.0, 8.0], [15.540736256252405, 59.15272641583954, -28.0, 8.0], [16.76655708538669, 59.8199205702465, -28.0, 8.0], [17.92704186721242, 60.52895248382467, -28.0, 8.0], [19.006337557445107, 61.28925963731097, -28.0, 8.0], [19.988591111800293, 62.11027951144239, -28.0, 8.0], [20.857949485993494, 63.00144958695583, -28.0, 8.0], [21.598559635740223, 63.97220734458824, -28.0, 8.0], [22.20211020416771, 65.03483452410957, -28.0, 8.0], [22.680925595823137, 66.18769842743036, -28.0, 8.0], [23.050106408552054, 67.41936487849863, -28.0, 8.0], [23.32475324019996, 68.7183997012623, -28.0, 8.0], [23.519966688612406, 70.07336871966936, -28.0, 8.0], [23.650847351634887, 71.47283775766776, -28.0, 8.0], [23.732495827112935, 72.90537263920544, -28.0, 8.0], [23.78001271289208, 74.35953918823037, -28.0, 8.0], [23.80849860681783, 75.82390322869054, -28.0, 8.0], [23.833054106735716, 77.28703058453387, -28.0, 8.0], [23.868779810491255, 78.7374870797083, -28.0, 8.0], [23.930776315929975, 80.16383853816188, -28.0, 8.0], [24.03414422089739, 81.55465078384246, -28.0, 8.0], [24.19398412323903, 82.89848964069806, -28.0, 8.0], [24.425396620800413, 84.18392093267663, -28.0, 8.0], [24.743482311427066, 85.39951048372615, -28.0, 8.0], [25.163341792964506, 86.53382411779455, -28.0, 8.0], [25.70007566325826, 87.57542765882981, -28.0, 8.0], [26.368784520153845, 88.51288693077984, -28.0, 8.0], [27.156500329710926, 89.36190402131874, -28.0, 8.0], [28.03523983845527, 90.14824328136568, -28.0, 8.0], [28.99758081493161, 90.87556392973651, -28.0, 8.0], [30.036101027684637, 91.54752518524703, -28.0, 8.0], [31.143378245259065, 92.16778626671302, -28.0, 8.0], [32.3119902361996, 92.74000639295032, -28.0, 8.0], [33.53451476905094, 93.2678447827747, -28.0, 8.0], [34.8035296123578, 93.75496065500198, -28.0, 8.0], [36.1116125346649, 94.20501322844797, -28.0, 8.0], [37.45134130451692, 94.62166172192843, -28.0, 8.0], [38.81529369045858, 95.00856535425916, -28.0, 8.0], [40.1960474610346, 95.36938334425605, -28.0, 8.0], [41.586180384789664, 95.70777491073481, -28.0, 8.0], [42.9782702302685, 96.02739927251129, -28.0, 8.0], [44.3648947660158, 96.33191564840125, -28.0, 8.0], [45.73863176057628, 96.62498325722056, -28.0, 8.0], [47.09205898249466, 96.91026131778497, -28.0, 8.0], [48.417754200315635, 97.19140904891032, -28.0, 8.0], [49.70829518258389, 97.47208566941235, -28.0, 8.0], [50.99843980340505, 97.70875472284474, -28.0, 8.0], [52.32401868362303, 97.86321766893042, -28.0, 8.0], [53.67921871189013, 97.94714060073926, -28.0, 8.0], [55.05822677685857, 97.9721896113411, -28.0, 8.0], [56.455229767180604, 97.95003079380572, -28.0, 8.0], [57.86441457150852, 97.89233024120303, -28.0, 8.0], [59.27996807849452, 97.81075404660282, -28.0, 8.0], [60.696077176790894, 97.71696830307496, -28.0, 8.0], [62.10692875504989, 97.62263910368927, -28.0, 8.0], [63.506709701923754, 97.53943254151555, -28.0, 8.0], [64.88960690606473, 97.47901470962368, -28.0, 8.0], [66.24980725612508, 97.4530517010835, -28.0, 8.0], [67.58149764075709, 97.47320960896482, -28.0, 8.0], [68.87886494861297, 97.5511545263375, -28.0, 8.0], [70.13609606834498, 97.69855254627137, -28.0, 8.0], [71.34737788860538, 97.92706976183626, -28.0, 8.0], [72.50689729804644, 98.24837226610202, -28.0, 8.0], [73.6088411853204, 98.6741261521385, -28.0, 8.0], [74.6473964390795, 99.21599751301548, -28.0, 8.0], [75.63134955864955, 99.86802851002847, -28.0, 8.0], [76.57442410139979, 100.61175878795406, -28.0, 8.0], [77.47821254304762, 101.440100665084, -28.0, 8.0], [78.3443073593105, 102.34596645970981, -28.0, 8.0], [79.17430102590586, 103.32226849012324, -28.0, 8.0], [79.9697860185511, 104.36191907461586, -28.0, 8.0], [80.73235481296368, 105.45783053147932, -28.0, 8.0], [81.463599884861, 106.6029151790053, -28.0, 8.0], [82.16511370996054, 107.79008533548543, -28.0, 8.0], [82.83848876397965, 109.01225331921135, -28.0, 8.0], [83.48531752263577, 110.26233144847468, -28.0, 8.0], [84.10719246164642, 111.53323204156712, -28.0, 8.0], [84.7057060567289, 112.81786741678023, -28.0, 8.0], [85.28245078360072, 114.10914989240572, -28.0, 8.0], [85.8390191179793, 115.39999178673523, -28.0, 8.0], [86.37700353558205, 116.68330541806037, -28.0, 8.0], [86.89799651212641, 117.95200310467283, -28.0, 8.0], [87.4035905233298, 119.19899716486421, -28.0, 8.0], [87.89537804490962, 120.41719991692614, -28.0, 8.0], [88.38079307258688, 121.6302755613797, -28.0, 8.0], [88.86373022440529, 122.86502980287702, -28.0, 8.0], [89.34047290956661, 124.11908721590656, -28.0, 8.0], [89.80730453727246, 125.39007237495662, -28.0, 8.0], [90.26050851672457, 126.67560985451563, -28.0, 8.0], [90.69636825712463, 127.97332422907195, 