{"control_nodes": [[-4.592425496802574e-15, -25.0, -28.0, 8.0], [0.0, 0.0, -28.0, 8.0], [0.43631016093208996, 24.996192378909782, -28.0, 8.0], [0.8726203218641799, 49.992384757819565, -28.0, 8.0], [-20.32858208204647, 63.240366363649684, -28.0, 8.0], [-22.94179366373781, 88.10341374785652, -28.0, 8.0], [-6.2135285047663515, 106.68203438479138, -28.0, 8.0], [-1.8723240630930915, 131.3022282100966, -28.0, 8.0], [7.086874675539417, 154.64173887252662, -28.0, 8.0], [16.046073414171925, 177.98124953495665, -28.0, 8.0], [40.58675300036353, 182.75147441937025, -28.0, 8.0], [65.20694682566872, 187.0926788610435, -28.0, 8.0]], "sample_nodes": [[0.0, 0.0, -28.0, 8.0], [0.012658656076029565, 1.3156790032662282, -28.0, 8.0], [0.02754370894935066, 2.6313385770619515, -28.0, 8.0], [0.044464324608766974, 3.9469803867703668, -28.0, 8.0], [0.06322966904308198, 5.262606097774648, -28.0, 8.0], [0.08364890824109937, 6.578217375457992, -28.0, 8.0], [0.10553120819162266, 7.893815885203578, -28.0, 8.0], [0.12868573488345536, 9.20940329239459, -28.0, 8.0], [0.15292165430540106, 10.524981262414212, -28.0, 8.0], [0.17804813244626355, 11.840551460645646, -28.0, 8.0], [0.20387433529484628, 13.156115552472063, -28.0, 8.0], [0.2302094288399526, 14.471675203276643, -28.0, 8.0], [0.2568625790703865, 15.78723207844259, -28.0, 8.0], [0.28364295197495115, 17.10278784335307, -28.0, 8.0], [0.31035971354245045, 18.418344163391282, -28.0, 8.0], [0.33682202976168785, 19.733902703940412, -28.0, 8.0], [0.36283906662146675, 21.049465130383634, -28.0, 8.0], [0.38821999011059116, 22.36503310810415, -28.0, 8.0], [0.41277396621786433, 23.68060830248514, -28.0, 8.0], [0.43631016093208996, 24.996192378909782, -28.0, 8.0], [0.4876653994770776, 26.32719680313258, -28.0, 8.0], [0.5894944973364667, 27.68560629695287, -28.0, 8.0], [0.7323336058888085, 29.066282409821145, -28.0, 8.0], [0.9067188765126504, 30.46408669118785, -28.0, 8.0], [1.1031864605865445, 31.87388069050347, -28.0, 8.0], [1.3122725094890386, 33.29052595721846, -28.0, 8.0], [1.524513174598682, 34.708884040783296, -28.0, 8.0], [1.7304446072940258, 36.12381649064844, -28.0, 8.0], [1.9206029589536198, 37.53018485626438, -28.0, 8.0], [2.085524380956012, 38.92285068708155, -28.0, 8.0], [2.215745024679752, 40.29667553255044, -28.0, 8.0], [2.3018010415033916, 41.646520942121526, -28.0, 8.0], [2.334228582805478, 42.96724846524525, -28.0, 8.0], [2.303563799964562, 44.25371965137211, -28.0, 8.0], [2.200342844359192, 45.50079604995254, -28.0, 8.0], [2.015101867367922, 46.703339210437036, -28.0, 8.0], [1.7383770203692959, 47.85621068227607, -28.0, 8.0], [1.3607044547418652, 48.954272014920086, -28.0, 8.0], [0.8726203218641799, 49.992384757819565, -28.0, 8.0], [0.243425257028606, 50.95188263111571, -28.0, 8.0], [-0.539541610245368, 51.82433743260663, -28.0, 8.0], [-1.4586863872385198, 52.61996782822829, -28.0, 8.0], [-2.4964151812316144, 53.34899248391656, -28.0, 8.0], [-3.6351340995054313, 54.02163006560736, -28.0, 8.0], [-4.857249249340738, 54.648099239236586, -28.0, 8.0], [-6.145166738018302, 55.238618670740124, -28.0, 8.0], [-7.481292672818899, 55.803407026053904, -28.0, 8.0], [-8.84803316102331, 56.352682971113836, -28.0, 8.0], [-10.227794309912294, 56.896665171855794, -28.0, 8.0], [-11.602982226766622, 57.4455722942157, -28.0, 8.0], [-12.956003018867083, 58.00962300412947, -28.0, 8.0], [-14.269262793494423, 58.59903596753299, -28.0, 8.0], [-15.525167657929433, 59.22402985036217, -28.0, 8.0], [-16.706123719452883, 59.89482331855292, -28.0, 8.0], [-17.79453708534553, 60.62163503804115, -28.0, 8.0], [-18.77281386288817, 61.414683674762756, -28.0, 8.0], [-19.62336015936156, 62.284187894653634, -28.0, 8.0], [-20.32858208204647, 63.240366363649684, -28.0, 8.0], [-20.930520729787553, 64.28286225085293, -28.0, 8.0], [-21.48272675602009, 65.39928700964089, -28.0, 8.0], [-21.984870599910835, 66.58181173236275, -28.0, 8.0], [-22.43662270062651, 67.82260751136768, -28.0, 8.0], [-22.83765349733388, 69.11384543900488, -28.0, 8.0], [-23.18763342919966, 70.44769660762356, -28.0, 8.0], [-23.486232935390603, 71.81633210957281, -28.0, 8.0], [-23.733122455073442, 73.21192303720191, -28.0, 8.0], [-23.92797242741493, 74.62664048286001, -28.0, 8.0], [-24.0704532915818, 76.0526555388963, -28.0, 8.0], [-24.16023548674078, 77.48213929765993, -28.0, 8.0], [-24.19698945205863, 78.90726285150015, -28.0, 8.0], [-24.18038562670208, 80.3201972927661, -28.0, 8.0], [-24.110094449837863, 81.71311371380693, -28.0, 8.0], [-23.985786360632726, 83.07818320697191, -28.0, 8.0], [-23.80713179825342, 84.40757686461016, -28.0, 8.0], [-23.57380120186667, 85.6934657790709, -28.0, 8.0], [-23.285465010639225, 86.92802104270329, -28.0, 8.0], [-22.94179366373781, 88.10341374785652, -28.0, 8.0], [-22.501923706476255, 89.22173785112176, -28.0, 8.0], [-21.934463042493604, 90.29390069076713, -28.0, 8.0], [-21.253289148444463, 91.3252934316574, -28.0, 8.0], [-20.472279500983426, 92.3213072386572, -28.0, 8.0], [-19.605311576765086, 93.28733327663124, -28.0, 8.0], [-18.666262852444046, 94.22876271044423, -28.0, 8.0], [-17.6690108046749, 95.15098670496084, -28.0, 8.0], [-16.627432910112248, 96.05939642504578, -28.0, 8.0], [-15.555406645410683, 96.95938303556373, -28.0, 8.0], [-14.466809487224802, 97.8563377013794, -28.0, 8.0], [-13.375518912209209, 98.75565158735742, -28.0, 8.0], [-12.29541239701849, 99.66271585836259, -28.0, 8.0], [-11.240367418307262, 100.5829216792595, -28.0, 8.0], [-10.2242614527301, 101.52166021491293, -28.0, 8.0], [-9.260971976941613, 102.48432263018752, -28.0, 8.0], [-8.364376467596403, 103.47630008994796, -28.0, 8.0], [-7.548352401349054, 104.50298375905895, -28.0, 8.0], [-6.826777254854173, 105.56976480238521, -28.0, 8.0], [-6.2135285047663515, 106.68203438479138, -28.0, 8.0], [-5.698538463802111, 107.83682098092568, -28.0, 8.0], [-5.25752932877996, 109.02542387567476, -28.0, 8.0], [-4.8830634025074815, 110.24464044926117, -28.0, 8.0], [-4.567702987792264, 111.49126808190744, -28.0, 8.0], [-4.304010387441889, 112.76210415383608, -28.0, 8.0], [-4.084547904263945, 114.0539460452696, -28.0, 8.0], [-3.9018778410660153, 115.36359113643051, -28.0, 8.0], [-3.7485625006556873, 116.68783680754137, -28.0, 8.0], [-3.6171641858405446, 118.02348043882469, -28.0, 8.0], [-3.500245199428172, 119.36731941050294, -28.0, 8.0], [-3.390367844226156, 120.7161511027987, -28.0, 8.0], [-3.280094423042081, 122.06677289593446, -28.0, 8.0], [-3.1619872386835337, 123.41598217013274, -28.0, 8.0], [-3.028608593958099, 124.76057630561607, -28.0, 8.0], [-2.8725207916733604, 126.09735268260695, -28.0, 8.0], [-2.686286134636907, 127.42310868132792, -28.0, 8.0], [-2.4624669256563196, 128.73464168200152, -28.0, 8.0], [-2.1936254675391864, 130.02874906485022, -28.0, 8.0], [-1.8723240630930915, 131.3022282100966, -28.0, 8.0], [-1.509857862693772, 132.5608714556897, -28.0, 8.0], [-1.123827031824474, 133.81297965088174, -28.0, 8.0], [-0.716251395954054, 135.05911294285002, -28.0, 8.0], [-0.2891507805513684, 136.29983147877172, -28.0, 8.0], [0.15545498891472873, 137.53569540582407, -28.0, 8.0], [0.6155460869753839, 138.76726487118438, -28.0, 8.0], [1.08910268816174, 139.9951000220298, -28.0, 8.0], [1.5741049670049412, 141.21976100553752, -28.0, 8.0], [2.0685330980361334, 142.44180796888492, -28.0, 8.0], [2.5703672557864623, 143.66180105924906, -28.0, 8.0], [3.0775876147870713, 144.88030042380728, -28.0, 8.0], [3.5881743495691056, 146.09786620973682, -28.0, 8.0], [4.100107634663708, 147.31505856421484, -28.0, 8.0], [4.611367644602028, 148.53243763441859, -28.0, 8.0], [5.119934553915208, 149.75056356752532, -28.0, 8.0], [5.623788537134389, 150.96999651071224, -28.0, 8.0], [6.120909768790722, 152.19129661115662, -28.0, 8.0], [6.609278423415351, 153.41502401603572, -28.0, 8.0], [7.086874675539418, 154.64173887252662, -28.0, 8.0], [7.5379662948743515, 155.89449975911936, -28.0, 8.0], [7.952710969529163, 157.19057724761439, -28.0, 8.0], [8.337923751631378, 158.52184947515508, -28.0, 8.0], [8.700419693308518, 