{"control_nodes": [[-4.592425496802574e-15, -25.0, -28.0, 8.0], [0.0, 0.0, -28.0, 8.0], [0.43631016093208996, 24.996192378909782, -28.0, 8.0], [0.8726203218641799, 49.992384757819565, -28.0, 8.0], [-17.411222218615084, 67.04234375938202, -28.0, 8.0], [-41.668615375514996, 73.09039114937372, -28.0, 8.0], [-44.281826957206334, 97.95343853358055, -28.0, 8.0], [-20.64386256722341, 106.09264239500948, -28.0, 8.0], [-0.9435937270553652, 121.48417927815093, -28.0, 8.0], [22.548721792592346, 130.03468286129265, -28.0, 8.0], [35.424673665343704, 151.46386537884547, -28.0, 8.0], [48.30062553809506, 172.8930478963983, -28.0, 8.0]], "sample_nodes": [[0.0, 0.0, -28.0, 8.0], [0.012658656076029565, 1.3156790032662282, -28.0, 8.0], [0.02754370894935066, 2.6313385770619515, -28.0, 8.0], [0.044464324608766974, 3.9469803867703668, -28.0, 8.0], [0.06322966904308198, 5.262606097774648, -28.0, 8.0], [0.08364890824109937, 6.578217375457992, -28.0, 8.0], [0.10553120819162266, 7.893815885203578, -28.0, 8.0], [0.12868573488345536, 9.20940329239459, -28.0, 8.0], [0.15292165430540106, 10.524981262414212, -28.0, 8.0], [0.17804813244626355, 11.840551460645646, -28.0, 8.0], [0.20387433529484628, 13.156115552472063, -28.0, 8.0], [0.2302094288399526, 14.471675203276643, -28.0, 8.0], [0.2568625790703865, 15.78723207844259, -28.0, 8.0], [0.28364295197495115, 17.10278784335307, -28.0, 8.0], [0.31035971354245045, 18.418344163391282, -28.0, 8.0], [0.33682202976168785, 19.733902703940412, -28.0, 8.0], [0.36283906662146675, 21.049465130383634, -28.0, 8.0], [0.38821999011059116, 22.36503310810415, -28.0, 8.0], [0.41277396621786433, 23.68060830248514, -28.0, 8.0], [0.43631016093208996, 24.996192378909782, -28.0, 8.0], [0.4838374014058015, 26.322208058918907, -28.0, 8.0], [0.5750331712894239, 27.666759929923437, -28.0, 8.0], [0.7017096213185999, 29.02637245611175, -28.0, 8.0], [0.8556789022289696, 30.397570101672194, -28.0, 8.0], [1.0287531647561767, 31.77687733079314, -28.0, 8.0], [1.212744559635861, 33.16081860766293, -28.0, 8.0], [1.399465237603664, 34.54591839646994, -28.0, 8.0], [1.580727349395229, 35.928701161402515, -28.0, 8.0], [1.7483430457461968, 37.305691366649036, -28.0, 8.0], [1.894124477392209, 38.67341347639785, -28.0, 8.0], [2.0098837950689066, 40.0283919548373, -28.0, 8.0], [2.087433149511932, 41.36715126615578, -28.0, 8.0], [2.118584691456927, 42.6862158745416, -28.0, 8.0], [2.0951505716395324, 43.982110244183175, -28.0, 8.0], [2.00894294079539, 45.25135883926883, -28.0, 8.0], [1.851773949660143, 46.49048612398694, -28.0, 8.0], [1.6154557489694312, 47.69601656252586, -28.0, 8.0], [1.2918004894588961, 48.864474619073945, -28.0, 8.0], [0.8726203218641799, 49.992384757819565, -28.0, 8.0], [0.3602948423574596, 51.0918660541016, -28.0, 8.0], [-0.2336210343918111, 52.176463608960375, -28.0, 8.0], [-0.9035521799020836, 53.244840925136465, -28.0, 8.0], [-1.6439234656917996, 54.29566150537036, -28.0, 8.0], [-2.4491597632794124, 55.32758885240264, -28.0, 8.0], [-3.313685944183365, 56.33928646897381, -28.0, 8.0], [-4.231926879922102, 57.329417857824396, -28.0, 8.0], [-5.198307442014071, 58.29664652169497, -28.0, 8.0], [-6.207252501977728, 59.23963596332604, -28.0, 8.0], [-7.2531869313315145, 60.15704968545815, -28.0, 8.0], [-8.330535601593867, 61.04755119083181, -28.0, 8.0], [-9.433723384283255, 61.9098039821876, -28.0, 8.0], [-10.557175150918098, 62.74247156226602, -28.0, 8.0], [-11.695315773016866, 63.54421743380762, -28.0, 8.0], [-12.842570122097996, 64.31370509955293, -28.0, 8.0], [-13.99336306967993, 65.0495980622425, -28.0, 8.0], [-15.142119487281128, 65.75055982461684, -28.0, 8.0], [-16.283264246420032, 66.41525388941652, -28.0, 8.0], [-17.411222218615084, 67.04234375938202, -28.0, 8.0], [-18.575240495908805, 67.59582382774673, -28.0, 8.0], [-19.82022993179386, 68.04927373044407, -28.0, 8.0], [-21.134111039963983, 68.41573483426477, -28.0, 8.0], [-22.504804334112848, 68.70824850599946, -28.0, 8.0], [-23.920230327934185, 68.93985611243887, -28.0, 8.0], [-25.368309535121686, 69.12359902037372, -28.0, 8.0], [-26.83696246936904, 69.27251859659465, -28.0, 8.0], [-28.314109644369964, 69.39965620789238, -28.0, 8.0], [-29.787671573818173, 69.5180532210576, -28.0, 8.0], [-31.24556877140736, 69.64075100288099, -28.0, 8.0], [-32.67572175083121, 69.78079092015324, -28.0, 8.0], [-34.06605102578346, 69.95121433966506, -28.0, 8.0], [-35.40447710995778, 70.16506262820715, -28.0, 8.0], [-36.67892051704791, 70.43537715257017, -28.0, 8.0], [-37.87730176074753, 70.77519927954481, -28.0, 8.0], [-38.98754135475033, 71.19757037592181, -28.0, 8.0], [-39.99755981275005, 71.71553180849186, -28.0, 8.0], [-40.89527764844037, 72.34212494404557, -28.0, 8.0], [-41.668615375514996, 73.09039114937372, -28.0, 8.0], [-42.35180350496819, 73.9765326712196, -28.0, 8.0], [-42.98578219578812, 74.9976948223353, -28.0, 8.0], [-43.56853643365938, 76.13833356852481, -28.0, 8.0], [-44.098051204266575, 77.382904875592, -28.0, 8.0], [-44.572311493294265, 78.71586470934076, -28.0, 8.0], [-44.989302286427076, 80.12166903557505, -28.0, 8.0], [-45.34700856934957, 81.58477382009875, -28.0, 8.0], [-45.643415327746354, 83.08963502871575, -28.0, 8.0], [-45.87650754730201, 84.62070862722999, -28.0, 8.0], [-46.044270213701125, 86.1624505814454, -28.0, 8.0], [-46.14468831262828, 87.69931685716583, -28.0, 8.0], [-46.1757468297681, 89.21576342019524, -28.0, 8.0], [-46.13543075080515, 90.69624623633753, -28.0, 8.0], [-46.02172506142401, 92.12522127139658, -28.0, 8.0], [-45.83261474730928, 93.48714449117634, -28.0, 8.0], [-45.56608479414556, 94.76647186148071, -28.0, 8.0], [-45.22012018761745, 95.9476593481136, -28.0, 8.0], [-44.792705913409506, 97.01516291687891, -28.0, 8.0], [-44.281826957206334, 97.95343853358055, -28.0, 8.0], [-43.65257285350012, 98.76729540010199, -28.0, 8.0], [-42.880179183121555, 99.47889656584415, -28.0, 8.0], [-41.977850001263015, 100.09872876788745, -28.0, 8.0], [-40.95878936311686, 100.63727874331198, -28.0, 8.0], [-39.836201323875464, 101.1050332291981, -28.0, 8.0], [-38.62328993873122, 101.512478962626, -28.0, 8.0], [-37.33325926287646, 101.87010268067597, -28.0, 8.0], [-35.97931335150358, 102.18839112042826, -28.0, 8.0], [-34.574656259804954, 102.47783101896313, -28.0, 8.0], [-33.13249204297293, 102.74890911336081, -28.0, 8.0], [-31.66602475619989, 103.0121121407016, -28.0, 8.0], [-30.18845845467819, 103.2779268380657, -28.0, 8.0], [-28.71299719360024, 103.55683994253341, -28.0, 8.0], [-27.25284502815837, 103.85933819118497, -28.0, 8.0], [-25.821206013544966, 104.19590832110063, -28.0, 8.0], [-24.431284204952405, 104.57703706936066, -28.0, 8.0], [-23.096283657573043, 105.0132111730453, -28.0, 8.0], [-21.829408426599258, 105.51491736923485, -28.0, 8.0], [-20.64386256722341, 106.09264239500948, -28.0, 8.0], [-19.518979157068088, 106.74040973208437, -28.0, 8.0], [-18.423034672574694, 107.44114225192055, -28.0, 8.0], [-17.35264826716387, 108.18867577621734, -28.0, 8.0], [-16.304439094256246, 108.97684612667378, -28.0, 8.0], [-15.275026307272443, 109.79948912498924, -28.0, 8.0], [-14.261029059633106, 110.65044059286282, -28.0, 8.0], [-13.259066504758863, 111.52353635199376, -28.0, 8.0], [-12.265757796070348, 112.41261222408127, -28.0, 8.0], [-11.277722086988188, 113.31150403082461, -28.0, 8.0], [-10.291578530933016, 114.21404759392288, -28.0, 8.0], [-9.303946281325471, 115.11407873507532, -28.0, 8.0], [-8.311444491586172, 116.0054332759812, -28.0, 8.0], [-7.310692315135773, 116.8819470383397, -28.0, 8.0], [-6.298308905394885, 117.73745584384999, -28.0, 8.0], [-5.270913415784146, 118.5657955142113, -28.0, 8.0], [-4.2251249997242, 119.36080187112285, -28.0, 8.0], [-3.1575628106356635, 120.11631073628385, -28.0, 8.0], [-2.0648460019391743, 120.82615793139348, -28.0, 8.0], [-0.9435937270553652, 121.48417927815093, -28.0, 8.0], [0.21721129019776156, 122.07888274479396, -28.0, 8.0], [1.422131113126949, 122.60863577719716, -28.0, 8.0], [2.664863768998699, 123.08206341351539, -28.0, 8.0], [3.939107285079494, 