{"control_nodes": [[-4.592425496802574e-15, -25.0, -28.0, 8.0], [0.0, 0.0, -28.0, 8.0], [0.43631016093208996, 24.996192378909782, -28.0, 8.0], [0.8726203218641799, 49.992384757819565, -28.0, 8.0], [-21.402542782845014, 61.34214725130823, -28.0, 8.0], [-29.95304636598673, 84.83446277095595, -28.0, 8.0], [-47.00300536754919, 103.11830531143522, -28.0, 8.0], [-59.12324587370762, 124.98379798992012, -28.0, 8.0], [-84.10801654918501, 125.85628540748264, -28.0, 8.0], [-103.80828538935306, 110.46474852434119, -28.0, 8.0], [-105.11668429542665, 85.49901015547684, -28.0, 8.0], [-105.98917171298918, 60.514239479999446, -28.0, 8.0]], "sample_nodes": [[0.0, 0.0, -28.0, 8.0], [0.012658656076029565, 1.3156790032662282, -28.0, 8.0], [0.02754370894935066, 2.6313385770619515, -28.0, 8.0], [0.044464324608766974, 3.9469803867703668, -28.0, 8.0], [0.06322966904308198, 5.262606097774648, -28.0, 8.0], [0.08364890824109937, 6.578217375457992, -28.0, 8.0], [0.10553120819162266, 7.893815885203578, -28.0, 8.0], [0.12868573488345536, 9.20940329239459, -28.0, 8.0], [0.15292165430540106, 10.524981262414212, -28.0, 8.0], [0.17804813244626355, 11.840551460645646, -28.0, 8.0], [0.20387433529484628, 13.156115552472063, -28.0, 8.0], [0.2302094288399526, 14.471675203276643, -28.0, 8.0], [0.2568625790703865, 15.78723207844259, -28.0, 8.0], [0.28364295197495115, 17.10278784335307, -28.0, 8.0], [0.31035971354245045, 18.418344163391282, -28.0, 8.0], [0.33682202976168785, 19.733902703940412, -28.0, 8.0], [0.36283906662146675, 21.049465130383634, -28.0, 8.0], [0.38821999011059116, 22.36503310810415, -28.0, 8.0], [0.41277396621786433, 23.68060830248514, -28.0, 8.0], [0.43631016093208996, 24.996192378909782, -28.0, 8.0], [0.489074591240773, 26.32968754114265, -28.0, 8.0], [0.5948181106659828, 27.695015751657582, -28.0, 8.0], [0.7436071399983719, 29.08620831390171, -28.0, 8.0], [0.9255081000285892, 30.49729653132212, -28.0, 8.0], [1.1305874115472887, 31.92231170736595, -28.0, 8.0], [1.3489114953451196, 33.355285145480295, -28.0, 8.0], [1.5705467722127324, 34.790248149112266, -28.0, 8.0], [1.78555966294078, 36.22123202170897, -28.0, 8.0], [1.9840165883199137, 37.64226806671755, -28.0, 8.0], [2.155983969140783, 39.04738758758508, -28.0, 8.0], [2.291528226194039, 40.430621887758676, -28.0, 8.0], [2.380715780270335, 41.78600227068547, -28.0, 8.0], [2.41361305216032, 43.10756003981255, -28.0, 8.0], [2.380286462654646, 44.38932649858705, -28.0, 8.0], [2.2708024325439635, 45.62533295045607, -28.0, 8.0], [2.0752273826189263, 46.809610698866706, -28.0, 8.0], [1.783627733670182, 47.9361910472661, -28.0, 8.0], [1.3860699064883828, 48.99910529910135, -28.0, 8.0], [0.8726203218641799, 49.992384757819565, -28.0, 8.0], [0.2186478554025608, 50.89611750666812, -28.0, 8.0], [-0.5832319031778083, 51.701890510013186, -28.0, 8.0], [-1.5170824619157686, 52.420983392980155, -28.0, 8.0], [-2.5669673288501498, 53.06467578069433, -28.0, 8.0], [-3.7169500120197947, 53.64424729828108, -28.0, 8.0], [-4.951094019463534, 54.170977570865745, -28.0, 8.0], [-6.2534628592202, 54.656146223573664, -28.0, 8.0], [-7.608120039328632, 55.11103288153018, -28.0, 8.0], [-8.999129067827672, 55.54691716986065, -28.0, 8.0], [-10.410553452756151, 55.9750787136904, -28.0, 8.0], [-11.826456702152894, 56.406797138144796, -28.0, 8.0], [-13.230902324056762, 56.85335206834917, -28.0, 8.0], [-14.607953826506556, 57.32602312942887, -28.0, 8.0], [-15.941674717541142, 57.83608994650923, -28.0, 8.0], [-17.216128505199343, 58.394832144715615, -28.0, 8.0], [-18.415378697519984, 59.01352934917336, -28.0, 8.0], [-19.52348880254193, 59.70346118500783, -28.0, 8.0], [-20.52452232830399, 60.47590727734435, -28.0, 8.0], [-21.402542782845014, 61.34214725130823, -28.0, 8.0], [-22.165574061055004, 62.29862903716151, -28.0, 8.0], [-22.838744664246825, 63.329221469403784, -28.0, 8.0], [-23.431775010093606, 64.42633552951695, -28.0, 8.0], [-23.954385516268474, 65.5823821989828, -28.0, 8.0], [-24.416296600444557, 66.78977245928326, -28.0, 8.0], [-24.82722868029496, 68.04091729190013, -28.0, 8.0], [-25.19690217349284, 69.32822767831524, -28.0, 8.0], [-25.535037497711297, 70.64411460001051, -28.0, 8.0], [-25.85135507062347, 71.98098903846775, -28.0, 8.0], [-26.155575309902474, 73.33126197516881, -28.0, 8.0], [-26.45741863322143, 74.68734439159554, -28.0, 8.0], [-26.766605458253483, 76.04164726922981, -28.0, 8.0], [-27.092856202671747, 77.38658158955346, -28.0, 8.0], [-27.445891284149344, 78.71455833404832, -28.0, 8.0], [-27.835431120359395, 80.01798848419628, -28.0, 8.0], [-28.27119612897504, 81.28928302147916, -28.0, 8.0], [-28.762906727669392, 82.52085292737885, -28.0, 8.0], [-29.32028333411558, 83.70510918337715, -28.0, 8.0], [-29.95304636598673, 84.83446277095595, -28.0, 8.0], [-30.65613586711496, 85.91508748716768, -28.0, 8.0], [-31.41409582101636, 86.96077956648205, -28.0, 8.0], [-32.22105255489002, 87.97538364650681, -28.0, 8.0], [-33.071132395935024, 88.96274436484971, -28.0, 8.0], [-33.95846167135044, 89.92670635911844, -28.0, 8.0], [-34.877166708335395, 90.87111426692084, -28.0, 8.0], [-35.82137383408894, 91.79981272586458, -28.0, 8.0], [-36.78520937581016, 92.71664637355745, -28.0, 8.0], [-37.76279966069816, 93.62545984760715, -28.0, 8.0], [-38.748271015952014, 94.53009778562148, -28.0, 8.0], [-39.7357497687708, 95.43440482520813, -28.0, 8.0], [-40.71936224635362, 96.34222560397487, -28.0, 8.0], [-41.69323477589954, 97.25740475952944, -28.0, 8.0], [-42.65149368460767, 98.18378692947964, -28.0, 8.0], [-43.588265299677076, 99.12521675143311, -28.0, 8.0], [-44.497675948306835, 100.08553886299767, -28.0, 8.0], [-45.37385195769605, 101.06859790178103, -28.0, 8.0], [-46.21091965504382, 102.07823850539098, -28.0, 8.0], [-47.00300536754919, 103.11830531143521, -28.0, 8.0], [-47.74046570396191, 104.21207300088334, -28.0, 8.0], [-48.42276163885132, 105.3730874958431, -28.0, 8.0], [-49.05767604814604, 106.59060029562991, -28.0, 8.0], [-49.652991807774626, 107.8538628995589, -28.0, 8.0], [-50.216491793665696, 109.15212680694533, -28.0, 8.0], [-50.75595888174782, 110.47464351710445, -28.0, 8.0], [-51.27917594794957, 111.81066452935147, -28.0, 8.0], [-51.793925868199544, 113.1494413430017, -28.0, 8.0], [-52.30799151842635, 114.48022545737027, -28.0, 8.0], [-52.82915577455853, 115.7922683717725, -28.0, 8.0], [-53.36520151252468, 117.07482158552355, -28.0, 8.0], [-53.92391160825342, 118.31713659793877, -28.0, 8.0], [-54.51306893767331, 119.50846490833331, -28.0, 8.0], [-55.140456376712926, 120.63805801602243, -28.0, 8.0], [-55.81385680130087, 121.69516742032137, -28.0, 8.0], [-56.54105308736571, 122.66904462054536, -28.0, 8.0], [-57.32982811083609, 123.54894111600967, -28.0, 8.0], [-58.18796474764053, 124.32410840602952, -28.0, 8.0], [-59.12324587370762, 124.98379798992012, -28.0, 8.0], [-60.14132560004315, 125.54688459565214, -28.0, 8.0], [-61.2373774192918, 126.04078753097718, -28.0, 8.0], [-62.40346327984055, 126.46757516488223, -28.0, 8.0], [-63.63164513007632, 126.82931586635397, -28.0, 8.0], [-64.91398491838606, 127.12807800437929, -28.0, 8.0], [-66.24254459315677, 127.365929947945, -28.0, 8.0], [-67.60938610277535, 127.54494006603797, -28.0, 8.0], [-69.00657139562877, 127.66717672764497, -28.0, 8.0], [-70.42616242010399, 127.73470830175287, -28.0, 8.0], [-71.86022112458798, 127.74960315734847, -28.0, 8.0], [-73.30080945746766, 127.71392966341861, -28.0, 8.0], [-74.73998936713002, 127.62975618895013, -28.0, 8.0], [-76.16982280196197, 127.49915110292983, -28.0, 8.0], [-77.58237171035049, 127.32418277434456, -28.0, 8.0], [-78.96969804068254, 127.10691957218117, -28.0, 8.0], [-80.32386374134505, 126.84942986542643, -28.0, 8.0], [-81.636930760725, 126.55378202306724, -28.0, 8.0], [-82.90096104720936, 126.22204441409038, -28.0, 8.0], [-84.10801654918501, 125.85628540748264, -28.0, 8.0], [-85.29381814971391, 125.44290079387595, -28.0, 8.0], [-86.49555681901512, 124.96885812125868, -28.0, 8.0], [-87.70749963621164, 124.4370833946528, -28.0, 8.0], [-88.92391368042618, 