{"control_nodes": [[-4.592425496802574e-15, -25.0, -28.0, 8.0], [0.0, 0.0, -28.0, 8.0], [0.43631016093208996, 24.996192378909782, -28.0, 8.0], [0.8726203218641799, 49.992384757819565, -28.0, 8.0], [-12.37536128396594, 71.19358716173022, -28.0, 8.0], [-9.328627698837252, 96.00724095276327, -28.0, 8.0], [-19.49704377573226, 118.84587739382829, -28.0, 8.0], [-38.92569281215653, 134.5788871700742, -28.0, 8.0], [-63.54588663746173, 130.23768272840096, -28.0, 8.0], [-75.66612714362014, 108.37219004991606, -28.0, 8.0], [-61.686304556851475, 87.64625073604002, -28.0, 8.0], [-47.706481970082805, 66.92031142216398, -28.0, 8.0]], "sample_nodes": [[0.0, 0.0, -28.0, 8.0], [0.012658656076029565, 1.3156790032662282, -28.0, 8.0], [0.02754370894935066, 2.6313385770619515, -28.0, 8.0], [0.044464324608766974, 3.9469803867703668, -28.0, 8.0], [0.06322966904308198, 5.262606097774648, -28.0, 8.0], [0.08364890824109937, 6.578217375457992, -28.0, 8.0], [0.10553120819162266, 7.893815885203578, -28.0, 8.0], [0.12868573488345536, 9.20940329239459, -28.0, 8.0], [0.15292165430540106, 10.524981262414212, -28.0, 8.0], [0.17804813244626355, 11.840551460645646, -28.0, 8.0], [0.20387433529484628, 13.156115552472063, -28.0, 8.0], [0.2302094288399526, 14.471675203276643, -28.0, 8.0], [0.2568625790703865, 15.78723207844259, -28.0, 8.0], [0.28364295197495115, 17.10278784335307, -28.0, 8.0], [0.31035971354245045, 18.418344163391282, -28.0, 8.0], [0.33682202976168785, 19.733902703940412, -28.0, 8.0], [0.36283906662146675, 21.049465130383634, -28.0, 8.0], [0.38821999011059116, 22.36503310810415, -28.0, 8.0], [0.41277396621786433, 23.68060830248514, -28.0, 8.0], [0.43631016093208996, 24.996192378909782, -28.0, 8.0], [0.477229623535581, 26.316761027191085, -28.0, 8.0], [0.5500704548908132, 27.646182254507217, -28.0, 8.0], [0.648847398356836, 28.982796202289173, -28.0, 8.0], [0.7675751972926966, 30.324943011967896, -28.0, 8.0], [0.9002685950574449, 31.670962824974374, -28.0, 8.0], [1.0409423350101283, 33.01919578273955, -28.0, 8.0], [1.1836111605097952, 34.36798202669441, -28.0, 8.0], [1.3222898149154947, 35.71566169826991, -28.0, 8.0], [1.4509930415862748, 37.060574938897034, -28.0, 8.0], [1.5637355838811848, 38.40106189000673, -28.0, 8.0], [1.6545321851592716, 39.73546269302996, -28.0, 8.0], [1.717397588779585, 41.06211748939772, -28.0, 8.0], [1.7463465381011727, 42.37936642054094, -28.0, 8.0], [1.7353937764830838, 43.68554962789062, -28.0, 8.0], [1.6785540472843659, 44.97900725287772, -28.0, 8.0], [1.5698420938640687, 46.25807943693318, -28.0, 8.0], [1.40327265958124, 47.52110632148801, -28.0, 8.0], [1.1728604877949274, 48.76642804797315, -28.0, 8.0], [0.8726203218641799, 49.992384757819565, -28.0, 8.0], [0.4771809677006242, 51.19312981996821, -28.0, 8.0], [-0.026097088152975012, 52.36608309449197, -28.0, 8.0], [-0.6241015813908675, 53.51448445951982, -28.0, 8.0], [-1.3037202477072958, 54.641573793180676, -28.0, 8.0], [-2.0518408227965113, 55.75059097360348, -28.0, 8.0], [-2.8553510423527575, 56.84477587891716, -28.0, 8.0], [-3.701138642070278, 57.927368387250645, -28.0, 8.0], [-4.576091357643323, 59.00160837673288, -28.0, 8.0], [-5.4670969247661425, 60.07073572549281, -28.0, 8.0], [-6.36104307913298, 61.13799031165935, -28.0, 8.0], [-7.244817556438074, 62.206612013361436, -28.0, 8.0], [-8.105308092375687, 63.27984070872801, -28.0, 8.0], [-8.929402422640049, 64.360916275888, -28.0, 8.0], [-9.703988282925419, 65.45307859297036, -28.0, 8.0], [-10.415953408926038, 66.55956753810402, -28.0, 8.0], [-11.05218553633615, 67.68362298941787, -28.0, 8.0], [-11.59957240085001, 68.82848482504093, -28.0, 8.0], [-12.045001738161858, 69.99739292310207, -28.0, 8.0], [-12.37536128396594, 71.19358716173022, -28.0, 8.0], [-12.582525111017357, 72.41683939237593, -28.0, 8.0], [-12.675713515080588, 73.66313231060707, -28.0, 8.0], [-12.66783356636397, 74.93002206072883, -28.0, 8.0], [-12.571792335075838, 76.21506478704626, -28.0, 8.0], [-12.400496891424517, 77.51581663386452, -28.0, 8.0], [-12.166854305618344, 78.82983374548866, -28.0, 8.0], [-11.883771647865645, 80.1546722662238, -28.0, 8.0], [-11.564155988374758, 81.48788834037506, -28.0, 8.0], [-11.22091439735401, 82.82703811224756, -28.0, 8.0], [-10.866953945011733, 84.16967772614638, -28.0, 8.0], [-10.515181701556262, 85.51336332637662, -28.0, 8.0], [-10.178504737195926, 86.85565105724343, -28.0, 8.0], [-9.869830122139057, 88.19409706305187, -28.0, 8.0], [-9.60206492659399, 89.52625748810708, -28.0, 8.0], [-9.388116220769051, 90.84968847671416, -28.0, 8.0], [-9.240891074872577, 92.1619461731782, -28.0, 8.0], [-9.1732965591129, 93.46058672180435, -28.0, 8.0], [-9.198239743698348, 94.74316626689767, -28.0, 8.0], [-9.328627698837252, 96.00724095276327, -28.0, 8.0], [-9.539533350080218, 97.2652452108042, -28.0, 8.0], [-9.796271704460425, 98.5297466870093, -28.0, 8.0], [-10.097112954410088, 99.79850134756254, -28.0, 8.0], [-10.44032729236141, 101.06926515864775, -28.0, 8.0], [-10.824184910746606, 102.33979408644893, -28.0, 8.0], [-11.246956001997876, 103.60784409714996, -28.0, 8.0], [-11.706910758547433, 104.87117115693471, -28.0, 8.0], [-12.202319372827485, 106.12753123198715, -28.0, 8.0], [-12.73145203727024, 107.37468028849116, -28.0, 8.0], [-13.292578944307905, 108.61037429263067, -28.0, 8.0], [-13.88397028637269, 109.83236921058955, -28.0, 8.0], [-14.503896255896805, 111.03842100855174, -28.0, 8.0], [-15.150627045312449, 112.22628565270116, -28.0, 8.0], [-15.822432847051843, 113.39371910922169, -28.0, 8.0], [-16.517583853547183, 114.53847734429726, -28.0, 8.0], [-17.23435025723069, 115.65831632411181, -28.0, 8.0], [-17.971002250534564, 116.75099201484925, -28.0, 8.0], [-18.72581002589102, 117.81426038269342, -28.0, 8.0], [-19.49704377573226, 118.84587739382829, -28.0, 8.0], [-20.294078425040535, 119.86809578964207, -28.0, 8.0], [-21.12625572443796, 120.90088285351504, -28.0, 8.0], [-21.9917961048165, 121.93856636461922, -28.0, 8.0], [-22.888919997068136, 122.97547410212658, -28.0, 8.0], [-23.81584783208483, 124.00593384520911, -28.0, 8.0], [-24.770800040758573, 125.02427337303882, -28.0, 8.0], [-25.751997053981327, 126.0248204647877, -28.0, 8.0], [-26.75765930264508, 127.00190289962771, -28.0, 8.0], [-27.786007217641796, 127.94984845673088, -28.0, 8.0], [-28.835261229863452, 128.8629849152692, -28.0, 8.0], [-29.90364177020202, 129.7356400544146, -28.0, 8.0], [-30.989369269549485, 130.5621416533392, -28.0, 8.0], [-32.09066415879781, 131.33681749121487, -28.0, 8.0], [-33.20574686883897, 132.0539953472137, -28.0, 8.0], [-34.332837830564955, 132.70800300050763, -28.0, 8.0], [-35.470157474867726, 133.29316823026863, -28.0, 8.0], [-36.61592623263927, 133.80381881566873, -28.0, 8.0], [-37.76836453477155, 134.23428253587994, -28.0, 8.0], [-38.92569281215653, 134.5788871700742, -28.0, 8.0], [-40.115277196907776, 134.84752202850694, -28.0, 8.0], [-41.360511577389765, 135.0546014290248, -28.0, 8.0], [-42.653658018870885, 135.20124066218665, -28.0, 8.0], [-43.98697858661954, 135.28855501855136, -28.0, 8.0], [-45.35273534590415, 135.31765978867784, -28.0, 8.0], [-46.74319036199306, 135.2896702631249, -28.0, 8.0], [-48.150605700154685, 135.20570173245144, -28.0, 8.0], [-49.56724342565743, 135.06686948721637, -28.0, 8.0], [-50.98536560376968, 134.8742888179786, -28.0, 8.0], [-52.39723429975983, 134.62907501529685, -28.0, 8.0], [-53.79511157889627, 134.33234336973013, -28.0, 8.0], [-55.171259506447406, 133.98520917183725, -28.0, 8.0], [-56.517940147681614, 133.58878771217712, -28.0, 8.0], [-57.827415567867305, 133.14419428130861, -28.0, 8.0], [-59.091947832272865, 132.6525441697906, -28.0, 8.0], [-60.303799006166706, 132.11495266818199, -28.0, 8.0], [-61.4552311548172, 131.53253506704155, -28.0, 8.0], [-62.53850634349275, 130.90640665692828, -28.0, 8.0], [-63.54588663746173, 130.23768272840096, -28.0, 8.0], [-64.51327252873762, 129.49927127733653, -28.0, 8.0], [-65.47775750782756, 128.66877891912492, -28.0, 8.0], [-66.43339313774058, 127.75436887359483, -28.0, 8.0], 