{"control_nodes": [[-4.592425496802574e-15, -25.0, -28.0, 8.0], [0.0, 0.0, -28.0, 8.0], [0.43631016093208996, 24.996192378909782, -28.0, 8.0], [0.8726203218641799, 49.992384757819565, -28.0, 8.0], [12.60940939151145, 72.06607457929273, -28.0, 8.0], [34.03859190906426, 84.94202645204409, -28.0, 8.0], [49.771601685310195, 104.37067548846836, -28.0, 8.0], [74.67646913760383, 106.54956905715981, -28.0, 8.0], [96.95163224231302, 117.89933155064848, -28.0, 8.0], [119.0253220637862, 129.63612062029574, -28.0, 8.0], [141.4951732212654, 118.67684195056881, -28.0, 8.0], [164.15286789718164, 108.11138540705133, -28.0, 8.0]], "sample_nodes": [[0.0, 0.0, -28.0, 8.0], [0.012658656076029565, 1.3156790032662282, -28.0, 8.0], [0.02754370894935066, 2.6313385770619515, -28.0, 8.0], [0.044464324608766974, 3.9469803867703668, -28.0, 8.0], [0.06322966904308198, 5.262606097774648, -28.0, 8.0], [0.08364890824109937, 6.578217375457992, -28.0, 8.0], [0.10553120819162266, 7.893815885203578, -28.0, 8.0], [0.12868573488345536, 9.20940329239459, -28.0, 8.0], [0.15292165430540106, 10.524981262414212, -28.0, 8.0], [0.17804813244626355, 11.840551460645646, -28.0, 8.0], [0.20387433529484628, 13.156115552472063, -28.0, 8.0], [0.2302094288399526, 14.471675203276643, -28.0, 8.0], [0.2568625790703865, 15.78723207844259, -28.0, 8.0], [0.28364295197495115, 17.10278784335307, -28.0, 8.0], [0.31035971354245045, 18.418344163391282, -28.0, 8.0], [0.33682202976168785, 19.733902703940412, -28.0, 8.0], [0.36283906662146675, 21.049465130383634, -28.0, 8.0], [0.38821999011059116, 22.36503310810415, -28.0, 8.0], [0.41277396621786433, 23.68060830248514, -28.0, 8.0], [0.43631016093208996, 24.996192378909782, -28.0, 8.0], [0.4444459909245157, 26.31561619751357, -28.0, 8.0], [0.4262211761379001, 27.641857342392168, -28.0, 8.0], [0.38657833746831394, 28.97363756486907, -28.0, 8.0], [0.33046009581182695, 30.309678616267718, -28.0, 8.0], [0.26280907206450943, 31.648702247911615, -28.0, 8.0], [0.18856788712243158, 32.989430211124215, -28.0, 8.0], [0.1126791618816641, 34.33058425722898, -28.0, 8.0], [0.04008551723827647, 35.670886137549395, -28.0, 8.0], [-0.02427042591166112, 37.00905760340894, -28.0, 8.0], [-0.07544604667207794, 38.34382040613107, -28.0, 8.0], [-0.1084987241469037, 39.673896297039256, -28.0, 8.0], [-0.11848583744006885, 40.998007027456985, -28.0, 8.0], [-0.10046476565550283, 42.314874348707704, -28.0, 8.0], [-0.049492887897135324, 43.62322001211491, -28.0, 8.0], [0.03937241673110395, 44.921765769002064, -28.0, 8.0], [0.17107376912528408, 46.20923337069263, -28.0, 8.0], [0.3505537901814769, 47.48434456851009, -28.0, 8.0], [0.5827551007957521, 48.74582111377791, -28.0, 8.0], [0.8726203218641799, 49.992384757819565, -28.0, 8.0], [1.2107267119938867, 51.23525209728524, -28.0, 8.0], [1.583887551261738, 52.48466211318613, -28.0, 8.0], [1.991399492768418, 53.73787013338729, -28.0, 8.0], [2.4325591896146035, 54.9921314857537, -28.0, 8.0], [2.906663294900981, 56.24470149815042, -28.0, 8.0], [3.4130084617282277, 57.49283549844242, -28.0, 8.0], [3.9508913431970236, 58.73378881449473, -28.0, 8.0], [4.5196085924080505, 59.96481677417237, -28.0, 8.0], [5.118456862461995, 61.18317470534035, -28.0, 8.0], [5.746732806459531, 62.38611793586372, -28.0, 8.0], [6.4037330775013395, 63.57090179360743, -28.0, 8.0], [7.08875432868811, 64.73478160643656, -28.0, 8.0], [7.8010932131205095, 65.87501270221607, -28.0, 8.0], [8.540046383899233, 66.98885040881103, -28.0, 8.0], [9.304910494124956, 68.07355005408643, -28.0, 8.0], [10.094982196898352, 69.12636696590727, -28.0, 8.0], [10.909558145320116, 70.1445564721386, -28.0, 8.0], [11.747934992490922, 71.12537390064543, -28.0, 8.0], [12.60940939151145, 72.06607457929273, -28.0, 8.0], [13.515814509596835, 72.95239589424874, -28.0, 8.0], [14.484965295350618, 73.7764976461745, -28.0, 8.0], [15.510131073956131, 74.54526878467463, -28.0, 8.0], [16.584581170596678, 75.26559825935352, -28.0, 8.0], [17.701584910455583, 75.9443750198157, -28.0, 8.0], [18.854411618716156, 76.58848801566566, -28.0, 8.0], [20.03633062056172, 77.20482619650787, -28.0, 8.0], [21.24061124117557, 77.80027851194683, -28.0, 8.0], [22.460522805741057, 78.38173391158702, -28.0, 8.0], [23.689334639441473, 78.95608134503294, -28.0, 8.0], [24.92031606746012, 79.53020976188904, -28.0, 8.0], [26.146736414980356, 80.11100811175986, -28.0, 8.0], [27.361865007185457, 80.70536534424986, -28.0, 8.0], [28.558971169258758, 81.32017040896352, -28.0, 8.0], [29.731324226383574, 81.96231225550534, -28.0, 8.0], [30.872193503743205, 82.63867983347983, -28.0, 8.0], [31.974848326520995, 83.35616209249147, -28.0, 8.0], [33.032558019900236, 84.12164798214475, -28.0, 8.0], [34.03859190906426, 84.94202645204409, -28.0, 8.0], [34.989145895685056, 85.83245554678733, -28.0, 8.0], [35.88923833269767, 86.79656017560433, -28.0, 8.0], [36.74537222217999, 87.823929585048, -28.0, 8.0], [37.56405056620983, 88.90415302167112, -28.0, 8.0], [38.351776366865096, 90.02681973202648, -28.0, 8.0], [39.11505262622363, 91.18151896266697, -28.0, 8.0], [39.8603823463633, 92.35783996014533, -28.0, 8.0], [40.59426852936197, 93.54537197101442, -28.0, 8.0], [41.3232141772975, 94.73370424182707, -28.0, 8.0], [42.05372229224777, 95.91242601913606, -28.0, 8.0], [42.79229587629061, 97.07112654949424, -28.0, 8.0], [43.54543793150391, 98.19939507945443, -28.0, 8.0], [44.31965145996553, 99.2868208555694, -28.0, 8.0], [45.12143946375332, 100.32299312439204, -28.0, 8.0], [45.957304944945164, 101.29750113247513, -28.0, 8.0], [46.8337509056189, 102.19993412637147, -28.0, 8.0], [47.757280347852415, 103.01988135263393, -28.0, 8.0], [48.73439627372356, 103.7469320578153, -28.0, 8.0], [49.771601685310195, 104.37067548846836, -28.0, 8.0], [50.869208267302696, 104.88073572228484, -28.0, 8.0], [52.01975117940496, 105.2813812682215, -28.0, 8.0], [53.21806863621525, 105.584168019729, -28.0, 8.0], [54.45899885233172, 105.80065187025791, -28.0, 8.0], [55.73738004235261, 105.94238871325881, -28.0, 8.0], [57.04805042087611, 106.02093444218227, -28.0, 8.0], [58.385848202500426, 106.04784495047889, -28.0, 8.0], [59.745611601823775, 106.03467613159928, -28.0, 8.0], [61.122178833444366, 105.99298387899401, -28.0, 8.0], [62.510388111960395, 105.93432408611369, -28.0, 8.0], [63.90507765197007, 105.87025264640886, -28.0, 8.0], [65.30108566807161, 105.81232545333015, -28.0, 8.0], [66.69325037486321, 105.77209840032813, -28.0, 8.0], [68.07640998694309, 105.76112738085342, -28.0, 8.0], [69.44540271890945, 105.7909682883566, -28.0, 8.0], [70.79506678536048, 105.87317701628822, -28.0, 8.0], [72.12024040089445, 106.01930945809893, -28.0, 8.0], [73.41576178010949, 106.24092150723926, -28.0, 8.0], [74.67646913760383, 106.54956905715981, -28.0, 8.0], [75.91122044896962, 106.92981402802246, -28.0, 8.0], [77.13302292236574, 107.35595315067826, -28.0, 8.0], [78.34293862124073, 107.82414453461172, -28.0, 8.0], [79.54202960904301, 108.33054628930732, -28.0, 8.0], [80.73135794922109, 108.87131652424958, -28.0, 8.0], [81.91198570522342, 109.44261334892292, -28.0, 8.0], [83.08497494049843, 110.04059487281185, -28.0, 8.0], [84.25138771849464, 110.6614192054009, -28.0, 8.0], [85.41228610266052, 111.30124445617452, -28.0, 8.0], [86.5687321564445, 111.95622873461716, -28.0, 8.0], [87.72178794329508, 112.62253015021335, -28.0, 8.0], [88.87251552666069, 113.29630681244757, -28.0, 8.0], [90.02197696998985, 113.97371683080429, -28.0, 8.0], [91.17123433673098, 114.65091831476799, -28.0, 8.0], [92.3213496903326, 115.32406937382318, -28.0, 8.0], [93.47338509424313, 115.98932811745433, -28.0, 8.0], [94.62840261191108, 116.64285265514597, -28.0, 8.0], [95.78746430678488, 117.28080109638252, -28.0, 8.0], [96.95163224231302, 117.89933155064848, -28.0, 8.0], [98.11764408739425, 118.53769678733887, -28.0, 8.0], [99.28170373152932, 119.23098008992741, -28.0, 8.0], [100.44407256906993, 119.96908533901677, -28.0, 8.0], [101.60501199436764, 120.74191641520952, -28.0, 8.0], [102.76478340177412, 121.53937719910832, -28.0, 