{"control_nodes": [[-4.592425496802574e-15, -25.0, -28.0, 8.0], [0.0, 0.0, -28.0, 8.0], [0.43631016093208996, 24.996192378909782, -28.0, 8.0], [0.8726203218641799, 49.992384757819565, -28.0, 8.0], [-0.4357785842094162, 74.95812312668392, -28.0, 8.0], [14.258852723102413, 95.1835479860576, -28.0, 8.0], [38.6181043427333, 89.55977162746098, -28.0, 8.0], [61.95761500516334, 80.60057288882847, -28.0, 8.0], [85.29712566759338, 71.64137415019596, -28.0, 8.0], [108.30974700390439, 61.87309593796411, -28.0, 8.0], [131.94771139388732, 53.73389207653519, -28.0, 8.0], [155.72412430126616, 46.00846721716151, -28.0, 8.0]], "sample_nodes": [[0.0, 0.0, -28.0, 8.0], [0.012658656076029565, 1.3156790032662282, -28.0, 8.0], [0.02754370894935066, 2.6313385770619515, -28.0, 8.0], [0.044464324608766974, 3.9469803867703668, -28.0, 8.0], [0.06322966904308198, 5.262606097774648, -28.0, 8.0], [0.08364890824109937, 6.578217375457992, -28.0, 8.0], [0.10553120819162266, 7.893815885203578, -28.0, 8.0], [0.12868573488345536, 9.20940329239459, -28.0, 8.0], [0.15292165430540106, 10.524981262414212, -28.0, 8.0], [0.17804813244626355, 11.840551460645646, -28.0, 8.0], [0.20387433529484628, 13.156115552472063, -28.0, 8.0], [0.2302094288399526, 14.471675203276643, -28.0, 8.0], [0.2568625790703865, 15.78723207844259, -28.0, 8.0], [0.28364295197495115, 17.10278784335307, -28.0, 8.0], [0.31035971354245045, 18.418344163391282, -28.0, 8.0], [0.33682202976168785, 19.733902703940412, -28.0, 8.0], [0.36283906662146675, 21.049465130383634, -28.0, 8.0], [0.38821999011059116, 22.36503310810415, -28.0, 8.0], [0.41277396621786433, 23.68060830248514, -28.0, 8.0], [0.43631016093208996, 24.996192378909782, -28.0, 8.0], [0.46156316424154264, 26.31182141154965, -28.0, 8.0], [0.4908860531133352, 27.62752148430625, -28.0, 8.0], [0.5235157240045296, 28.943279277157714, -28.0, 8.0], [0.558689073372186, 30.259081470082133, -28.0, 8.0], [0.5956429976733668, 31.574914743057636, -28.0, 8.0], [0.6336143933651324, 32.89076577606232, -28.0, 8.0], [0.6718401569045441, 34.206621249074296, -28.0, 8.0], [0.7095571847486635, 35.52246784207168, -28.0, 8.0], [0.7460023733545513, 36.83829223503258, -28.0, 8.0], [0.7804126191792695, 38.15408110793512, -28.0, 8.0], [0.8120248186798784, 39.46982114075739, -28.0, 8.0], [0.8400758683134399, 40.78549901347752, -28.0, 8.0], [0.8638026645370149, 42.101101406073596, -28.0, 8.0], [0.8824421038076649, 43.41661499852377, -28.0, 8.0], [0.8952310825824508, 44.732026470806105, -28.0, 8.0], [0.9014064973184341, 46.047322502898744, -28.0, 8.0], [0.900205244472676, 47.3624897747798, -28.0, 8.0], [0.8908642205022376, 48.67751496642737, -28.0, 8.0], [0.8726203218641799, 49.992384757819565, -28.0, 8.0], [0.8239665227450496, 51.31331024584593, -28.0, 8.0], [0.7290795554149019, 52.64513807033536, -28.0, 8.0], [0.5957219534560632, 53.98580822567506, -28.0, 8.0], [0.43165625045085954, 55.3332607062522, -28.0, 8.0], [0.2446449799816161, 56.685435506453956, -28.0, 8.0], [0.04245067563065924, 58.04027262066751, -28.0, 8.0], [-0.16716412901968436, 59.39571204328003, -28.0, 8.0], [-0.37643690038709, 60.74969376867872, -28.0, 8.0], [-0.5776051048892317, 62.10015779125074, -28.0, 8.0], [-0.7629062089437838, 63.44504410538328, -28.0, 8.0], [-0.9245776789684186, 64.7822927054635, -28.0, 8.0], [-1.0548569813808129, 66.10984358587862, -28.0, 8.0], [-1.1459815825986375, 67.42563674101577, -28.0, 8.0], [-1.1901889490395694, 68.72761216526216, -28.0, 8.0], [-1.1797165471212816, 70.01370985300497, -28.0, 8.0], [-1.1068018432614488, 71.28186979863136, -28.0, 8.0], [-0.9636823038777442, 72.53003199652856, -28.0, 8.0], [-0.7425953953878419, 73.75613644108367, -28.0, 8.0], [-0.4357785842094162, 74.95812312668392, -28.0, 8.0], [-0.053027538202671254, 76.16849664669168, -28.0, 8.0], [0.3888388500509575, 77.41497983963356, -28.0, 8.0], [0.887048277051954, 78.68834006764325, -28.0, 8.0], [1.4388284393007966, 79.97934469285431, -28.0, 8.0], [2.0414070332979697, 81.27876107740045, -28.0, 8.0], [2.6920117555439536, 82.57735658341527, -28.0, 8.0], [3.3878703025392256, 83.86589857303234, -28.0, 8.0], [4.126210370784271, 85.13515440838535, -28.0, 8.0], [4.904259656779573, 86.37589145160797, -28.0, 8.0], [5.719245857025609, 87.5788770648337, -28.0, 8.0], [6.568396668022857, 88.73487861019626, -28.0, 8.0], [7.448939786271813, 89.83466344982929, -28.0, 8.0], [8.358102908272937, 90.86899894586637, -28.0, 8.0], [9.293113730526722, 91.82865246044116, -28.0, 8.0], [10.251199949533657, 92.70439135568728, -28.0, 8.0], [11.229589261794203, 93.48698299373834, -28.0, 8.0], [12.225509363808863, 94.167194736728, -28.0, 8.0], [13.236187952078106, 94.73579394678991, -28.0, 8.0], [14.258852723102413, 95.1835479860576, -28.0, 8.0], [15.313991812285368, 95.50245834227253, -28.0, 8.0], [16.420826129088432, 95.69724633596397, -28.0, 8.0], [17.57468253109894, 95.77775907844762, -28.0, 8.0], [18.770887875904208, 95.753843681039, -28.0, 8.0], [20.004769021091562, 95.6353472550538, -28.0, 8.0], [21.271652824248317, 95.43211691180758, -28.0, 8.0], [22.566866142961793, 95.15399976261598, -28.0, 8.0], [23.885735834819318, 94.81084291879462, -28.0, 8.0], [25.22358875740822, 94.41249349165912, -28.0, 8.0], [26.575751768315808, 93.96879859252508, -28.0, 8.0], [27.937551725129403, 93.4896053327081, -28.0, 8.0], [29.304315485436348, 92.9847608235238, -28.0, 8.0], [30.671369906823926, 92.46411217628784, -28.0, 8.0], [32.034041846879504, 91.93750650231581, -28.0, 8.0], [33.387658163190366, 91.4147909129233, -28.0, 8.0], [34.72754571334386, 90.90581251942594, -28.0, 8.0], [36.0490313549273, 90.42041843313936, -28.0, 8.0], [37.347441945528004, 89.9684557653792, -28.0, 8.0], [38.6181043427333, 89.55977162746098, -28.0, 8.0], [39.87058449788767, 89.16701286975861, -28.0, 8.0], [41.1178611345259, 88.75723416989247, -28.0, 8.0], [42.36038026852085, 88.33189438004806, -28.0, 8.0], [43.59858791574529, 87.89245235241079, -28.0, 8.0], [44.83293009207206, 87.44036693916617, -28.0, 8.0], [46.06385281337396, 86.97709699249963, -28.0, 8.0], [47.29180209552379, 86.50410136459666, -28.0, 8.0], [48.51722395439435, 86.02283890764275, -28.0, 8.0], [49.74056440585848, 85.53476847382329, -28.0, 8.0], [50.96226946578897, 85.04134891532382, -28.0, 8.0], [52.18278515005861, 84.54403908432974, -28.0, 8.0], [53.40255747454027, 84.04429783302658, -28.0, 8.0], [54.622032455106705, 83.54358401359977, -28.0, 8.0], [55.84165610763074, 83.04335647823478, -28.0, 8.0], [57.06187444798519, 82.54507407911709, -28.0, 8.0], [58.283133492042865, 82.05019566843214, -28.0, 8.0], [59.50587925567659, 81.56018009836542, -28.0, 8.0], [60.73055775475915, 81.07648622110237, -28.0, 8.0], [61.95761500516334, 80.60057288882847, -28.0, 8.0], [63.18643922925904, 80.13009774239549, -28.0, 8.0], [64.41602598859569, 79.6615099369127, -28.0, 8.0], [65.64623230781567, 79.19445559595196, -28.0, 8.0], [66.87691521156125, 78.72858084308514, -28.0, 8.0], [68.10793172447477, 78.26353180188404, -28.0, 8.0], [69.33913887119853, 77.7989545959205, -28.0, 8.0], [70.57039367637483, 77.33449534876634, -28.0, 8.0], [71.80155316464604, 76.86980018399339, -28.0, 8.0], [73.03247436065445, 76.40451522517354, -28.0, 8.0], [74.26301428904233, 75.93828659587854, -28.0, 8.0], [75.49302997445206, 75.47076041968025, -28.0, 8.0], [76.72237844152592, 75.00158282015053, -28.0, 8.0], [77.95091671490624, 74.5303999208612, -28.0, 8.0], [79.17850181923532, 74.05685784538409, -28.0, 8.0], [80.4049907791555, 73.58060271729101, -28.0, 8.0], [81.63024061930906, 73.10128066015385, -28.0, 8.0], [82.85410836433837, 72.61853779754438, -28.0, 8.0], [84.0764510388857, 72.13202025303448, -28.0, 8.0], [85.29712566759338, 71.64137415019596, -28.0, 8.0], [86.51521639302808, 71.14422599025285, -28.0, 8.0], [87.73018033390626, 70.63914912770164, -28.0, 8.0], [88.94243397909507, 70.12720996602293, -28.0, 8.0], [90.1523938174616, 69.60947490869728, -28.0, 8.0], [91.36047633787291, 69.08701035920527, -28.0, 8.0], [92.56709802919607, 68.56088272102741, -28.0, 