{"control_nodes": [[-4.592425496802574e-15, -25.0, -28.0, 8.0], [0.0, 0.0, -28.0, 8.0], [0.43631016093208996, 24.996192378909782, -28.0, 8.0], [0.8726203218641799, 49.992384757819565, -28.0, 8.0], [24.649033229243017, 57.71780961719325, -28.0, 8.0], [47.11888438672219, 68.67708828692018, -28.0, 8.0], [66.26999546469665, 84.74677852908366, -28.0, 8.0], [69.31672904982534, 109.5604323201167, -28.0, 8.0], [59.951564214427535, 132.7400286842864, -28.0, 8.0], [55.61035977275428, 157.36022250959158, -28.0, 8.0], [67.7306002789127, 179.22571518807646, -28.0, 8.0], [79.85084078507113, 201.09120786656135, -28.0, 8.0]], "sample_nodes": [[0.0, 0.0, -28.0, 8.0], [0.012658656076029565, 1.3156790032662282, -28.0, 8.0], [0.02754370894935066, 2.6313385770619515, -28.0, 8.0], [0.044464324608766974, 3.9469803867703668, -28.0, 8.0], [0.06322966904308198, 5.262606097774648, -28.0, 8.0], [0.08364890824109937, 6.578217375457992, -28.0, 8.0], [0.10553120819162266, 7.893815885203578, -28.0, 8.0], [0.12868573488345536, 9.20940329239459, -28.0, 8.0], [0.15292165430540106, 10.524981262414212, -28.0, 8.0], [0.17804813244626355, 11.840551460645646, -28.0, 8.0], [0.20387433529484628, 13.156115552472063, -28.0, 8.0], [0.2302094288399526, 14.471675203276643, -28.0, 8.0], [0.2568625790703865, 15.78723207844259, -28.0, 8.0], [0.28364295197495115, 17.10278784335307, -28.0, 8.0], [0.31035971354245045, 18.418344163391282, -28.0, 8.0], [0.33682202976168785, 19.733902703940412, -28.0, 8.0], [0.36283906662146675, 21.049465130383634, -28.0, 8.0], [0.38821999011059116, 22.36503310810415, -28.0, 8.0], [0.41277396621786433, 23.68060830248514, -28.0, 8.0], [0.43631016093208996, 24.996192378909782, -28.0, 8.0], [0.4286482631887547, 26.33444319629749, -28.0, 8.0], [0.36654087135835894, 27.712981560020303, -28.0, 8.0], [0.26019651558222656, 29.124253555140413, -28.0, 8.0], [0.11982372600168156, 30.560705266719964, -28.0, 8.0], [-0.04436896724195272, 32.01478277982114, -28.0, 8.0], [-0.2221730340073524, 33.47893217950609, -28.0, 8.0], [-0.4033799441531925, 34.94559955083698, -28.0, 8.0], [-0.57778116753815, 36.40723097887597, -28.0, 8.0], [-0.7351681740209021, 37.85627254868526, -28.0, 8.0], [-0.8653324334601238, 39.28517034532698, -28.0, 8.0], [-0.9580654157144903, 40.686370453863304, -28.0, 8.0], [-1.0031585906426799, 42.052318959356406, -28.0, 8.0], [-0.9904034281033673, 43.375461946868434, -28.0, 8.0], [-0.9095913979552295, 44.648245501461574, -28.0, 8.0], [-0.7505139700569415, 45.86311570819798, -28.0, 8.0], [-0.502962614267182, 47.0125186521398, -28.0, 8.0], [-0.15672880044462412, 48.08890041834925, -28.0, 8.0], [0.29839600155205537, 49.08470709188843, -28.0, 8.0], [0.8726203218641799, 49.992384757819565, -28.0, 8.0], [1.574464245233256, 50.80265418894737, -28.0, 8.0], [2.398455505549993, 51.51725099663888, -28.0, 8.0], [3.333814106679533, 52.145143523799746, -28.0, 8.0], [4.369760052487004, 52.69530011333559, -28.0, 8.0], [5.495513346837549, 53.17668910815203, -28.0, 8.0], [6.700293993596298, 53.598278851154674, -28.0, 8.0], [7.973321996628382, 53.96903768524916, -28.0, 8.0], [9.303817359798938, 54.29793395334112, -28.0, 8.0], [10.681000086973114, 54.59393599833616, -28.0, 8.0], [12.094090182016028, 54.8660121631399, -28.0, 8.0], [13.532307648792816, 55.12313079065797, -28.0, 8.0], [14.984872491168634, 55.374260223796, -28.0, 8.0], [16.44100471300858, 55.628368805459615, -28.0, 8.0], [17.889924318177822, 55.8944248785544, -28.0, 8.0], [19.320851310541485, 56.18139678598604, -28.0, 8.0], [20.723005693964694, 56.49825287066011, -28.0, 8.0], [22.085607472312603, 56.85396147548226, -28.0, 8.0], [23.397876649450332, 57.25749094335811, -28.0, 8.0], [24.649033229243017, 57.71780961719325, -28.0, 8.0], [25.86687080499011, 58.211529048355565, -28.0, 8.0], [27.08578290763988, 58.70982907409482, -28.0, 8.0], [28.304889447530776, 59.21353046613963, -28.0, 8.0], [29.52331033500119, 59.72345399621852, -28.0, 8.0], [30.74016548038955, 60.24042043606007, -28.0, 8.0], [31.954574794034258, 60.76525055739289, -28.0, 8.0], [33.16565818627373, 61.29876513194547, -28.0, 8.0], [34.37253556744639, 61.84178493144646, -28.0, 8.0], [35.574326847890646, 62.39513072762437, -28.0, 8.0], [36.77015193794492, 62.95962329220779, -28.0, 8.0], [37.9591307479476, 63.53608339692528, -28.0, 8.0], [39.140383188237145, 64.12533181350541, -28.0, 8.0], [40.313029169151925, 64.72818931367678, -28.0, 8.0], [41.47618860103038, 65.34547666916791, -28.0, 8.0], [42.62898139421091, 65.9780146517074, -28.0, 8.0], [43.770527459031946, 66.62662403302379, -28.0, 8.0], [44.89994670583191, 67.29212558484568, -28.0, 8.0], [46.01635904494917, 67.97534007890161, -28.0, 8.0], [47.11888438672219, 68.67708828692018, -28.0, 8.0], [48.22635287913569, 69.39068732916346, -28.0, 8.0], [49.35445326207299, 70.10996664378652, -28.0, 8.0], [50.49759333372045, 70.83651547935769, -28.0, 8.0], [51.65018089226436, 71.57192308444507, -28.0, 8.0], [52.80662373589105, 72.31777870761692, -28.0, 8.0], [53.96132966278686, 73.07567159744144, -28.0, 8.0], [55.10870647113807, 73.8471910024868, -28.0, 8.0], [56.24316195913103, 74.6339261713212, -28.0, 8.0], [57.359103924952066, 75.4374663525129, -28.0, 8.0], [58.45094016678748, 76.25940079463007, -28.0, 8.0], [59.51307848282361, 77.10131874624088, -28.0, 8.0], [60.53992667124676, 77.96480945591357, -28.0, 8.0], [61.52589253024326, 78.8514621722163, -28.0, 8.0], [62.46538385799944, 79.76286614371733, -28.0, 8.0], [63.352808452701616, 80.70061061898484, -28.0, 8.0], [64.18257411253609, 81.66628484658702, -28.0, 8.0], [64.94908863568921, 82.66147807509208, -28.0, 8.0], [65.6467598203473, 83.68777955306824, -28.0, 8.0], [66.26999546469665, 84.74677852908366, -28.0, 8.0], [66.82699897305898, 85.8483842209466, -28.0, 8.0], [67.33077856575996, 86.9984202442048, -28.0, 8.0], [67.7829492649919, 88.19234744403585, -28.0, 8.0], [68.18512609294706, 89.42562666561727, -28.0, 8.0], [68.53892407181777, 90.69371875412659, -28.0, 8.0], [68.84595822379633, 91.99208455474144, -28.0, 8.0], [69.10784357107502, 93.31618491263929, -28.0, 8.0], [69.32619513584613, 94.6614806729977, -28.0, 8.0], [69.50262794030198, 96.02343268099426, -28.0, 8.0], [69.63875700663485, 97.39750178180645, -28.0, 8.0], [69.73619735703701, 98.77914882061187, -28.0, 8.0], [69.7965640137008, 100.16383464258806, -28.0, 8.0], [69.82147199881851, 101.54702009291253, -28.0, 8.0], [69.8125363345824, 102.9241660167629, -28.0, 8.0], [69.7713720431848, 104.29073325931665, -28.0, 8.0], [69.699594146818, 105.64218266575135, -28.0, 8.0], [69.5988176676743, 106.9739750812446, -28.0, 8.0], [69.47065762794598, 108.28157135097385, -28.0, 8.0], [69.31672904982534, 109.5604323201167, -28.0, 8.0], [69.11038517972813, 110.81711495803286, -28.0, 8.0], [68.82898666449049, 112.06209886882866, -28.0, 8.0], [68.48015962693545, 113.29672884980172, -28.0, 8.0], [68.07153018988592, 114.52234969824956, -28.0, 8.0], [67.6107244761649, 115.74030621146974, -28.0, 8.0], [67.10536860859538, 116.95194318675988, -28.0, 8.0], [66.5630887100003, 118.15860542141748, -28.0, 8.0], [65.99151090320264, 119.36163771274015, -28.0, 8.0], [65.39826131102538, 120.56238485802544, -28.0, 8.0], [64.79096605629147, 121.7621916545709, -28.0, 8.0], [64.17725126182387, 122.96240289967409, -28.0, 8.0], [63.56474305044559, 124.16436339063262, -28.0, 8.0], [62.961067544979585, 125.369417924744, -28.0, 8.0], [62.373850868248816, 126.57891129930582, -28.0, 8.0], [61.810719143076255, 127.79418831161566, -28.0, 8.0], [61.27929849228487, 129.01659375897106, -28.0, 8.0], [60.787215038697646, 130.24747243866966, -28.0, 8.0], [60.34209490513756, 131.4881691480089, -28.0, 8.0], [59.951564214427535, 132.7400286842864, -28.0, 8.0], [59.58282104607095, 134.00541802567037, -28.0, 8.0], [59.201314427446796, 135.2845843213463, -28.0, 8.0], [58.81204690319175, 136.5756926251379, -28.0, 8.0], [58.42002101794233, 137.87690799086872, -28.0, 8.0], [58.03023931633512, 139.18639547236234, -28.0, 8.0], [57.647704343006744, 140.50232012344244, -28.0, 