{"control_nodes": [[-4.592425496802574e-15, -25.0, -28.0, 8.0], [0.0, 0.0, -28.0, 8.0], [0.43631016093208996, 24.996192378909782, -28.0, 8.0], [0.8726203218641799, 49.992384757819565, -28.0, 8.0], [20.572889162032226, 65.38392164096102, -28.0, 8.0], [33.820870767862345, 86.58512404487168, -28.0, 8.0], [26.92993687243737, 110.61666644332965, -28.0, 8.0], [4.272242196521123, 121.18212298684713, -28.0, 8.0], [-10.06716871225503, 141.66092409407193, -28.0, 8.0], [-26.795433871226486, 160.2395447310068, -28.0, 8.0], [-27.66792128878901, 185.22431540648418, -28.0, 8.0], [-28.540408706351535, 210.20908608196157, -28.0, 8.0]], "sample_nodes": [[0.0, 0.0, -28.0, 8.0], [0.012658656076029565, 1.3156790032662282, -28.0, 8.0], [0.02754370894935066, 2.6313385770619515, -28.0, 8.0], [0.044464324608766974, 3.9469803867703668, -28.0, 8.0], [0.06322966904308198, 5.262606097774648, -28.0, 8.0], [0.08364890824109937, 6.578217375457992, -28.0, 8.0], [0.10553120819162266, 7.893815885203578, -28.0, 8.0], [0.12868573488345536, 9.20940329239459, -28.0, 8.0], [0.15292165430540106, 10.524981262414212, -28.0, 8.0], [0.17804813244626355, 11.840551460645646, -28.0, 8.0], [0.20387433529484628, 13.156115552472063, -28.0, 8.0], [0.2302094288399526, 14.471675203276643, -28.0, 8.0], [0.2568625790703865, 15.78723207844259, -28.0, 8.0], [0.28364295197495115, 17.10278784335307, -28.0, 8.0], [0.31035971354245045, 18.418344163391282, -28.0, 8.0], [0.33682202976168785, 19.733902703940412, -28.0, 8.0], [0.36283906662146675, 21.049465130383634, -28.0, 8.0], [0.38821999011059116, 22.36503310810415, -28.0, 8.0], [0.41277396621786433, 23.68060830248514, -28.0, 8.0], [0.43631016093208996, 24.996192378909782, -28.0, 8.0], [0.433996753727448, 26.324384148591715, -28.0, 8.0], [0.38674628006008904, 27.67498071313182, -28.0, 8.0], [0.3029844398917727, 29.043781173494217, -28.0, 8.0], [0.19113693318425845, 30.426584630642964, -28.0, 8.0], [0.059629459899305126, 31.819190185542183, -28.0, 8.0], [-0.08311228000132737, 33.21739693915594, -28.0, 8.0], [-0.22866258655587895, 34.61700399244833, -28.0, 8.0], [-0.3685957598025912, 36.013810446383445, -28.0, 8.0], [-0.49448609977970515, 37.40361540192539, -28.0, 8.0], [-0.5979079065254602, 38.78221796003824, -28.0, 8.0], [-0.670435480078097, 40.145417221686074, -28.0, 8.0], [-0.7036431204758573, 41.48901228783301, -28.0, 8.0], [-0.6891051277569802, 42.80880225944311, -28.0, 8.0], [-0.6183958019597074, 44.1005862374805, -28.0, 8.0], [-0.4830894431222782, 45.36016332290923, -28.0, 8.0], [-0.27476035128293574, 46.58333261669341, -28.0, 8.0], [0.015017173520082028, 47.76589321979714, -28.0, 8.0], [0.3946688312485343, 48.90364423318449, -28.0, 8.0], [0.8726203218641799, 49.992384757819565, -28.0, 8.0], [1.462955112704461, 51.021691072944456, -28.0, 8.0], [2.166640996929003, 51.98843468349371, -28.0, 8.0], [2.9724301632328523, 52.89935752897015, -28.0, 8.0], [3.869074800311041, 53.76120154887653, -28.0, 8.0], [4.845327096858617, 54.580708682715645, -28.0, 8.0], [5.889939241570617, 55.364620869990276, -28.0, 8.0], [6.991663423142075, 56.11968005020323, -28.0, 8.0], [8.139251830268034, 56.85262816285727, -28.0, 8.0], [9.321456651643544, 57.5702071474552, -28.0, 8.0], [10.527030075963635, 58.2791589434998, -28.0, 8.0], [11.744724291923342, 58.98622549049384, -28.0, 8.0], [12.963291488217724, 59.698148727940136, -28.0, 8.0], [14.171483853541792, 60.42167059534146, -28.0, 8.0], [15.358053576590608, 61.16353303220059, -28.0, 8.0], [16.51175284605921, 61.930477978020335, -28.0, 8.0], [17.62133385064263, 62.72924737230345, -28.0, 8.0], [18.675548779035914, 63.56658315455275, -28.0, 8.0], [19.6631498199341, 64.44922726427102, -28.0, 8.0], [20.572889162032226, 65.38392164096102, -28.0, 8.0], [21.448970534124186, 66.35884439843241, -28.0, 8.0], [22.33910535348516, 67.35681028949674, -28.0, 8.0], [23.237307341532176, 68.37651621215979, -28.0, 8.0], [24.137590219682224, 69.41665906442731, -28.0, 8.0], [25.033967709352325, 70.47593574430495, -28.0, 8.0], [25.920453531959488, 71.55304314979853, -28.0, 8.0], [26.791061408920697, 72.64667817891373, -28.0, 8.0], [27.63980506165297, 73.75553772965631, -28.0, 8.0], [28.460698211573334, 74.87831870003201, -28.0, 8.0], [29.247754580098768, 76.01371798804655, -28.0, 8.0], [29.99498788864628, 77.16043249170568, -28.0, 8.0], [30.6964118586329, 78.31715910901511, -28.0, 8.0], [31.346040211475604, 79.48259473798059, -28.0, 8.0], [31.93788666859142, 80.65543627660786, -28.0, 8.0], [32.46596495139735, 81.83438062290264, -28.0, 8.0], [32.9242887813104, 83.01812467487066, -28.0, 8.0], [33.30687187974759, 84.20536533051771, -28.0, 8.0], [33.60772796812591, 85.39479948784948, -28.0, 8.0], [33.820870767862345, 86.58512404487168, -28.0, 8.0], [33.954531362989826, 87.8007628405301, -28.0, 8.0], [34.02220655644706, 89.06225661118314, -28.0, 8.0], [34.0258086480099, 90.36247760095559, -28.0, 8.0], [33.967249937454135, 91.69429805397209, -28.0, 8.0], [33.84844272455558, 93.05059021435746, -28.0, 8.0], [33.671299309090045, 94.4242263262364, -28.0, 8.0], [33.43773199083334, 95.8080786337336, -28.0, 8.0], [33.14965306956129, 97.19501938097385, -28.0, 8.0], [32.80897484504969, 98.57792081208186, -28.0, 8.0], [32.41760961707437, 99.94965517118237, -28.0, 8.0], [31.977469685411116, 101.30309470240005, -28.0, 8.0], [31.490467349835754, 102.63111164985972, -28.0, 8.0], [30.958514910124098, 103.92657825768606, -28.0, 8.0], [30.383524666051954, 105.18236677000385, -28.0, 8.0], [29.767408917395137, 106.39134943093778, -28.0, 8.0], [29.11207996392946, 107.54639848461258, -28.0, 8.0], [28.41945010543074, 108.64038617515304, -28.0, 8.0], [27.691431641674775, 109.66618474668381, -28.0, 8.0], [26.92993687243737, 110.61666644332965, -28.0, 8.0], [26.098900703102128, 111.47778550144845, -28.0, 8.0], [25.168006075159, 112.24706514887436, -28.0, 8.0], [24.147787342543403, 112.93473111694675, -28.0, 8.0], [23.048778859190715, 113.55100913700474, -28.0, 8.0], [21.881514979036343, 114.10612494038769, -28.0, 8.0], [20.65653005601569, 114.61030425843478, -28.0, 8.0], [19.384358444064144, 115.07377282248531, -28.0, 8.0], [18.075534497117115, 115.50675636387852, -28.0, 8.0], [16.740592569109985, 115.91948061395368, -28.0, 8.0], [15.390067013978157, 116.32217130404997, -28.0, 8.0], [14.03449218565704, 116.72505416550675, -28.0, 8.0], [12.684402438082014, 117.1383549296632, -28.0, 8.0], [11.350332125188501, 117.57229932785859, -28.0, 8.0], [10.042815600911872, 118.03711309143219, -28.0, 8.0], [8.77238721918754, 118.54302195172325, -28.0, 8.0], [7.5495813339509095, 119.10025164007102, -28.0, 8.0], [6.38493229913736, 119.71902788781476, -28.0, 8.0], [5.288974468682299, 120.40957642629373, -28.0, 8.0], [4.272242196521123, 121.18212298684713, -28.0, 8.0], [3.3242046370965523, 122.0283085830886, -28.0, 8.0], [2.4241859725331905, 122.92951239587097, -28.0, 8.0], [1.5675030982892655, 123.88056740739266, -28.0, 8.0], [0.7494729098230091, 124.8763065998518, -28.0, 8.0], [-0.034587697407354706, 125.91156295544675, -28.0, 8.0], [-0.7893618279435926, 126.9811694563758, -28.0, 8.0], [-1.5195325863274738, 128.07995908483718, -28.0, 8.0], [-2.2297830771007714, 129.2027648230292, -28.0, 8.0], [-2.9247964048052606, 130.34441965315017, -28.0, 8.0], [-3.6092556739827075, 131.49975655739834, -28.0, 8.0], [-4.287843989174879, 132.66360851797194, -28.0, 8.0], [-4.965244454923558, 133.83080851706933, -28.0, 8.0], [-5.6461401757705, 134.99618953688872, -28.0, 8.0], [-6.335214256257487, 136.1545845596285, -28.0, 8.0], [-7.037149800926288, 137.30082656748684, -28.0, 8.0], [-7.756629914318668, 138.42974854266208, -28.0, 8.0], [-8.498337700976409, 139.5361834673525, -28.0, 8.0], [-9.266956265441273, 140.61496432375637, -28.0, 8.0], [-10.06716871225503, 141.66092409407193, -28.0, 8.0], [-10.911987393335327, 142.6752200462185, -28.0, 8.0], [-11.805982680716738, 143.6648761504169, -28.0, 8.0], [-12.74117470911646, 144.63352544231753, -28.0, 8.0], [-13.70958361325167, 145.58480095757085, -28.0, 8.0], 