{"control_nodes": [[-4.592425496802574e-15, -25.0, -28.0, 8.0], [0.0, 0.0, -28.0, 8.0], [0.43631016093208996, 24.996192378909782, -28.0, 8.0], [0.8726203218641799, 49.992384757819565, -28.0, 8.0], [16.264157205005638, 69.69265359798761, -28.0, 8.0], [40.412302862232345, 76.16312972555063, -28.0, 8.0], [55.45767844103355, 96.12901747673295, -28.0, 8.0], [44.892221897516066, 118.7867121526492, -28.0, 8.0], [45.328532058448154, 143.78290453155898, -28.0, 8.0], [40.55830717403453, 168.32358411775058, -28.0, 8.0], [23.830042015063075, 186.90220475468544, -28.0, 8.0], [7.101776856091618, 205.4808253916203, -28.0, 8.0]], "sample_nodes": [[0.0, 0.0, -28.0, 8.0], [0.012658656076029565, 1.3156790032662282, -28.0, 8.0], [0.02754370894935066, 2.6313385770619515, -28.0, 8.0], [0.044464324608766974, 3.9469803867703668, -28.0, 8.0], [0.06322966904308198, 5.262606097774648, -28.0, 8.0], [0.08364890824109937, 6.578217375457992, -28.0, 8.0], [0.10553120819162266, 7.893815885203578, -28.0, 8.0], [0.12868573488345536, 9.20940329239459, -28.0, 8.0], [0.15292165430540106, 10.524981262414212, -28.0, 8.0], [0.17804813244626355, 11.840551460645646, -28.0, 8.0], [0.20387433529484628, 13.156115552472063, -28.0, 8.0], [0.2302094288399526, 14.471675203276643, -28.0, 8.0], [0.2568625790703865, 15.78723207844259, -28.0, 8.0], [0.28364295197495115, 17.10278784335307, -28.0, 8.0], [0.31035971354245045, 18.418344163391282, -28.0, 8.0], [0.33682202976168785, 19.733902703940412, -28.0, 8.0], [0.36283906662146675, 21.049465130383634, -28.0, 8.0], [0.38821999011059116, 22.36503310810415, -28.0, 8.0], [0.41277396621786433, 23.68060830248514, -28.0, 8.0], [0.43631016093208996, 24.996192378909782, -28.0, 8.0], [0.43965043321618386, 26.318730469102977, -28.0, 8.0], [0.4081046247953134, 27.653622368396597, -28.0, 8.0], [0.34821387580165963, 28.99855173758433, -28.0, 8.0], [0.2665193263674033, 30.35120223745982, -28.0, 8.0], [0.16956211662472476, 31.709257528816764, -28.0, 8.0], [0.06388338670580518, 33.070401272448805, -28.0, 8.0], [-0.04397572325717408, 34.432317129149624, -28.0, 8.0], [-0.1474740731320331, 35.79268875971289, -28.0, 8.0], [-0.24007052278659136, 37.14919982493228, -28.0, 8.0], [-0.31522393208866706, 38.499533985601445, -28.0, 8.0], [-0.36639316090607954, 39.841374902514055, -28.0, 8.0], [-0.38703706910664865, 41.17240623646381, -28.0, 8.0], [-0.37061451655819305, 42.49031164824432, -28.0, 8.0], [-0.31058436312853255, 43.79277479864932, -28.0, 8.0], [-0.2004054686854852, 45.07747934847242, -28.0, 8.0], [-0.03353669309687202, 46.342108958507346, -28.0, 8.0], [0.19656310376948954, 47.584347289547736, -28.0, 8.0], [0.49643506204578003, 48.80187800238724, -28.0, 8.0], [0.8726203218641799, 49.992384757819565, -28.0, 8.0], [1.3179897061548036, 51.171682731137885, -28.0, 8.0], [1.8192458370399671, 52.35481790514807, -28.0, 8.0], [2.373677553440163, 53.53832015191293, -28.0, 8.0], [2.978573694275874, 54.718719343495174, -28.0, 8.0], [3.6312230984675957, 55.89254535195758, -28.0, 8.0], [4.328914604935809, 57.05632804936289, -28.0, 8.0], [5.068937052601005, 58.20659730777383, -28.0, 8.0], [5.848579280383669, 59.33988299925319, -28.0, 8.0], [6.665130127204296, 60.45271499586372, -28.0, 8.0], [7.515878431983371, 61.541623169668135, -28.0, 8.0], [8.398113033641373, 62.60313739272922, -28.0, 8.0], [9.309122771098806, 63.6337875371097, -28.0, 8.0], [10.24619648327614, 64.63010347487233, -28.0, 8.0], [11.206623009093878, 65.5886150780799, -28.0, 8.0], [12.187691187472508, 66.5058522187951, -28.0, 8.0], [13.186689857332503, 67.37834476908073, -28.0, 8.0], [14.200907857594366, 68.20262260099953, -28.0, 8.0], [15.227634027178587, 68.97521558661424, -28.0, 8.0], [16.264157205005638, 69.69265359798761, -28.0, 8.0], [17.34023752160615, 70.32796626701806, -28.0, 8.0], [18.482234973116658, 70.8642893849595, -28.0, 8.0], [19.68233819686661, 71.31331206290824, -28.0, 8.0], [20.93273583018541, 71.68672341196034, -28.0, 8.0], [22.225616510402475, 71.99621254321204, -28.0, 8.0], [23.55316887484722, 72.2534685677595, -28.0, 8.0], [24.907581560849053, 72.47018059669887, -28.0, 8.0], [26.28104320573741, 72.65803774112639, -28.0, 8.0], [27.665742446841698, 72.82872911213818, -28.0, 8.0], [29.05386792149133, 72.99394382083042, -28.0, 8.0], [30.437608267015722, 73.16537097829932, -28.0, 8.0], [31.809152120744304, 73.35469969564103, -28.0, 8.0], [33.16068812000646, 73.57361908395171, -28.0, 8.0], [34.48440490213165, 73.83381825432758, -28.0, 8.0], [35.772491104449266, 74.1469863178648, -28.0, 8.0], [37.01713536428872, 74.52481238565954, -28.0, 8.0], [38.210526318979454, 74.97898556880796, -28.0, 8.0], [39.344852605850846, 75.5211949784063, -28.0, 8.0], [40.412302862232345, 76.16312972555063, -28.0, 8.0], [41.45276456594325, 76.89169110954653, -28.0, 8.0], [42.50651922215627, 77.68283749077685, -28.0, 8.0], [43.56634650923104, 78.53184357195387, -28.0, 8.0], [44.62502610552709, 79.4339840557898, -28.0, 8.0], [45.675337689404, 80.38453364499694, -28.0, 8.0], [46.710060939221364, 81.3787670422875, -28.0, 8.0], [47.72197553333874, 82.41195895037376, -28.0, 8.0], [48.70386115011571, 83.47938407196797, -28.0, 8.0], [49.648497467911845, 84.57631710978237, -28.0, 8.0], [50.54866416508672, 85.69803276652921, -28.0, 8.0], [51.397140919999885, 86.83980574492077, -28.0, 8.0], [52.18670741101097, 87.99691074766929, -28.0, 8.0], [52.91014331647949, 89.16462247748701, -28.0, 8.0], [53.56022831476506, 90.3382156370862, -28.0, 8.0], [54.12974208422723, 91.51296492917909, -28.0, 8.0], [54.611464303225596, 92.68414505647797, -28.0, 8.0], [54.998174650119736, 93.84703072169509, -28.0, 8.0], [55.282652803269194, 94.99689662754267, -28.0, 8.0], [55.45767844103355, 96.12901747673295, -28.0, 8.0], [55.49205795572459, 97.25488255573458, -28.0, 8.0], [55.370087070714135, 98.38902832858622, -28.0, 8.0], [55.10777946095199, 99.53130026435564, -28.0, 8.0], [54.72114880138786, 100.68154383211035, -28.0, 8.0], [54.226208766971496, 101.839604500918, -28.0, 8.0], [53.63897303265266, 103.00532773984622, -28.0, 8.0], [52.97545527338109, 104.17855901796261, -28.0, 8.0], [52.25166916410652, 105.35914380433482, -28.0, 8.0], [51.483628379778715, 106.54692756803043, -28.0, 8.0], [50.68734659534739, 107.74175577811704, -28.0, 8.0], [49.87883748576232, 108.94347390366228, -28.0, 8.0], [49.074114725973246, 110.15192741373379, -28.0, 8.0], [48.28919199092991, 111.36696177739915, -28.0, 8.0], [47.54008295558204, 112.588422463726, -28.0, 8.0], [46.84280129487941, 113.81615494178199, -28.0, 8.0], [46.21336068377175, 115.05000468063466, -28.0, 8.0], [45.66777479720881, 116.28981714935168, -28.0, 8.0], [45.222057310140336, 117.53543781700067, -28.0, 8.0], [44.892221897516066, 118.7867121526492, -28.0, 8.0], [44.66217095384845, 120.04766687433401, -28.0, 8.0], [44.500404949002984, 121.32161702163302, -28.0, 8.0], [44.399834670959095, 122.60734054592598, -28.0, 8.0], [44.35337090769613, 123.90361539859245, -28.0, 8.0], [44.35392444719352, 125.20921953101207, -28.0, 8.0], [44.39440607743061, 126.5229308945645, -28.0, 8.0], [44.4677265863868, 127.84352744062927, -28.0, 8.0], [44.5667967620415, 129.16978712058614, -28.0, 8.0], [44.68452739237408, 130.50048788581466, -28.0, 8.0], [44.81382926536391, 131.8344076876944, -28.0, 8.0], [44.94761316899039, 133.1703244776051, -28.0, 8.0], [45.078789891232915, 134.50701620692635, -28.0, 8.0], [45.20027022007086, 135.84326082703777, -28.0, 8.0], [45.30496494348362, 137.17783628931898, -28.0, 8.0], [45.38578484945059, 138.50952054514963, -28.0, 8.0], [45.43564072595113, 139.83709154590935, -28.0, 8.0], [45.447443360964655, 141.1593272429777, -28.0, 8.0], [45.41410354247054, 142.47500558773436, -28.0, 8.0], [45.328532058448154, 143.78290453155898, -28.0, 8.0], [45.21612935492632, 145.09310090618777, -28.0, 8.0], [45.10505336343331, 146.414880601336, -28.0, 8.0], [44.99235110019782, 147.74583515535193, -28.0, 8.0], [44.87506958144847, 149.08355610658367, -28.0, 8.0], [44.75025582341395, 150.42563499337956, -28.0, 8.0], 