{"control_nodes": [[-4.592425496802574e-15, -25.0, -28.0, 8.0], [0.0, 0.0, -28.0, 8.0], [0.43631016093208996, 24.996192378909782, -28.0, 8.0], [0.8726203218641799, 49.992384757819565, -28.0, 8.0], [24.510584711847102, 58.13158861924848, -28.0, 8.0], [30.134361070443724, 82.49084023887937, -28.0, 8.0], [16.51838519506805, 103.45760443751497, -28.0, 8.0], [6.750106982836204, 126.47022577382597, -28.0, 8.0], [22.141643865977663, 146.17049461399404, -28.0, 8.0], [9.265691993226307, 167.59967713154685, -28.0, 8.0], [-15.547961797806744, 170.64641071667555, -28.0, 8.0], [-40.3616155888398, 173.69314430180424, -28.0, 8.0]], "sample_nodes": [[0.0, 0.0, -28.0, 8.0], [0.012658656076029565, 1.3156790032662282, -28.0, 8.0], [0.02754370894935066, 2.6313385770619515, -28.0, 8.0], [0.044464324608766974, 3.9469803867703668, -28.0, 8.0], [0.06322966904308198, 5.262606097774648, -28.0, 8.0], [0.08364890824109937, 6.578217375457992, -28.0, 8.0], [0.10553120819162266, 7.893815885203578, -28.0, 8.0], [0.12868573488345536, 9.20940329239459, -28.0, 8.0], [0.15292165430540106, 10.524981262414212, -28.0, 8.0], [0.17804813244626355, 11.840551460645646, -28.0, 8.0], [0.20387433529484628, 13.156115552472063, -28.0, 8.0], [0.2302094288399526, 14.471675203276643, -28.0, 8.0], [0.2568625790703865, 15.78723207844259, -28.0, 8.0], [0.28364295197495115, 17.10278784335307, -28.0, 8.0], [0.31035971354245045, 18.418344163391282, -28.0, 8.0], [0.33682202976168785, 19.733902703940412, -28.0, 8.0], [0.36283906662146675, 21.049465130383634, -28.0, 8.0], [0.38821999011059116, 22.36503310810415, -28.0, 8.0], [0.41277396621786433, 23.68060830248514, -28.0, 8.0], [0.43631016093208996, 24.996192378909782, -28.0, 8.0], [0.42882992766704064, 26.33390025840297, -28.0, 8.0], [0.3672271593874391, 27.710930461307683, -28.0, 8.0], [0.26164983140851406, 29.119910051984274, -28.0, 8.0], [0.12224591904549403, 30.55346609479306, -28.0, 8.0], [-0.040836602386392806, 32.004225654094405, -28.0, 8.0], [-0.21744975757191815, 33.46481579424862, -28.0, 8.0], [-0.39744557119585183, 34.927863579616066, -28.0, 8.0], [-0.5706760679429668, 36.385996074557056, -28.0, 8.0], [-0.7269932724980349, 37.83184034343196, -28.0, 8.0], [-0.8562492095458267, 39.2580234506011, -28.0, 8.0], [-0.9482959037711134, 40.65717246042479, -28.0, 8.0], [-0.9929853798586676, 42.02191443726342, -28.0, 8.0], [-0.9801696624932597, 43.34487644547727, -28.0, 8.0], [-0.8997007763596616, 44.618685549426715, -28.0, 8.0], [-0.7414307461426447, 45.83596881347209, -28.0, 8.0], [-0.495211596526982, 46.989353301973715, -28.0, 8.0], [-0.15089535219744232, 48.07146607929195, -28.0, 8.0], [0.3016659621612023, 49.07493420978712, -28.0, 8.0], [0.8726203218641799, 49.992384757819565, -28.0, 8.0], [1.5923702638324093, 50.79761938443919, -28.0, 8.0], [2.4725349756678114, 51.47899989788732, -28.0, 8.0], [3.495087408707131, 52.05099358331156, -28.0, 8.0], [4.6420005142870995, 52.52806772585943, -28.0, 8.0], [5.895247243744464, 52.924689610678506, -28.0, 8.0], [7.236800548415958, 53.255326522916306, -28.0, 8.0], [8.648633379638316, 53.534445747720405, -28.0, 8.0], [10.112718688748277, 53.77651457023834, -28.0, 8.0], [11.611029427082592, 53.99600027561766, -28.0, 8.0], [13.125538545977989, 54.207370149005925, -28.0, 8.0], [14.6382189967712, 54.42509147555069, -28.0, 8.0], [16.131043730798982, 54.66363154039948, -28.0, 8.0], [17.585985699398048, 54.937457628699875, -28.0, 8.0], [18.98501785390516, 55.2610370255994, -28.0, 8.0], [20.310113145657045, 55.64883701624562, -28.0, 8.0], [21.543244525990435, 56.115324885786094, -28.0, 8.0], [22.66638494624209, 56.67496791936837, -28.0, 8.0], [23.661507357748736, 57.34223340213998, -28.0, 8.0], [24.510584711847102, 58.13158861924848, -28.0, 8.0], [25.257288239568886, 59.03501105468325, -28.0, 8.0], [25.956949844947037, 60.02911456174257, -28.0, 8.0], [26.609033488820202, 61.1053209795375, -28.0, 8.0], [27.213003132027012, 62.25505214717901, -28.0, 8.0], [27.768322735406123, 63.469729903778145, -28.0, 8.0], [28.27445625979617, 64.7407760884459, -28.0, 8.0], [28.730867666035792, 66.05961254029324, -28.0, 8.0], [29.137020914963628, 67.41766109843124, -28.0, 8.0], [29.49237996741833, 68.8063436019709, -28.0, 8.0], [29.79640878423853, 70.21708189002318, -28.0, 8.0], [30.048571326262874, 71.64129780169911, -28.0, 8.0], [30.248331554329997, 73.07041317610972, -28.0, 8.0], [30.39515342927855, 74.495849852366, -28.0, 8.0], [30.48850091194717, 75.90902966957897, -28.0, 8.0], [30.52783796317449, 77.30137446685963, -28.0, 8.0], [30.512628543799167, 78.66430608331899, -28.0, 8.0], [30.442336614659848, 79.98924635806807, -28.0, 8.0], [30.31642613659515, 81.26761713021787, -28.0, 8.0], [30.134361070443724, 82.49084023887937, -28.0, 8.0], [29.867098100903647, 83.67179549819846, -28.0, 8.0], [29.4926832884128, 84.83066725060142, -28.0, 8.0], [29.02121465741954, 85.96983412761999, -28.0, 8.0], [28.462790232372257, 87.09167476078586, -28.0, 8.0], [27.827508037719294, 88.19856778163074, -28.0, 8.0], [27.12546609790904, 89.29289182168638, -28.0, 8.0], [26.36676243738984, 90.37702551248444, -28.0, 8.0], [25.561495080610076, 91.45334748555668, -28.0, 8.0], [24.71976205201811, 92.52423637243476, -28.0, 8.0], [23.851661376062307, 93.59207080465043, -28.0, 8.0], [22.967291077191035, 94.65922941373539, -28.0, 8.0], [22.076749179852662, 95.72809083122132, -28.0, 8.0], [21.190133708495562, 96.80103368864003, -28.0, 8.0], [20.31754268756809, 97.88043661752312, -28.0, 8.0], [19.469074141518615, 98.96867824940237, -28.0, 8.0], [18.654826094795506, 100.06813721580947, -28.0, 8.0], [17.884896571847133, 101.1811921482761, -28.0, 8.0], [17.16938359712186, 102.31022167833405, -28.0, 8.0], [16.51838519506805, 103.45760443751496, -28.0, 8.0], [15.880374728250244, 104.62482103156225, -28.0, 8.0], [15.203307894131664, 105.81020392386824, -28.0, 8.0], [14.496506219508754, 107.0114095324384, -28.0, 8.0], [13.769291231177933, 108.22609427527796, -28.0, 8.0], [13.030984455935625, 109.45191457039226, -28.0, 8.0], [12.29090742057826, 110.68652683578668, -28.0, 8.0], [11.558381651902266, 111.92758748946649, -28.0, 8.0], [10.842728676704064, 113.17275294943707, -28.0, 8.0], [10.153270021780083, 114.41967963370371, -28.0, 8.0], [9.499327213926748, 115.66602396027173, -28.0, 8.0], [8.890221779940486, 116.90944234714648, -28.0, 8.0], [8.335275246617723, 118.14759121233328, -28.0, 8.0], [7.843809140754889, 119.37812697383747, -28.0, 8.0], [7.425144989148407, 120.59870604966437, -28.0, 8.0], [7.088604318594701, 121.80698485781929, -28.0, 8.0], [6.843508655890204, 123.00061981630756, -28.0, 8.0], [6.699179527831339, 124.17726734313459, -28.0, 8.0], [6.664938461214528, 125.3345838563056, -28.0, 8.0], [6.750106982836204, 126.47022577382597, -28.0, 8.0], [7.003039213214777, 127.58304658335788, -28.0, 8.0], [7.450296177291023, 128.6749321317434, -28.0, 8.0], [8.068509758494919, 129.74808737575762, -28.0, 8.0], [8.834311840256444, 130.8047172721757, -28.0, 8.0], [9.724334306005568, 131.84702677777278, -28.0, 8.0], [10.715209039172269, 132.87722084932395, -28.0, 8.0], [11.783567923186517, 133.8975044436043, -28.0, 8.0], [12.906042841478298, 134.91008251738907, -28.0, 8.0], [14.059265677477581, 135.9171600274533, -28.0, 8.0], [15.219868314614343, 136.92094193057204, -28.0, 8.0], [16.364482636318556, 137.92363318352062, -28.0, 8.0], [17.469740526020196, 138.927438743074, -28.0, 8.0], [18.51227386714925, 139.93456356600737, -28.0, 8.0], [19.46871454313568, 140.94721260909583, -28.0, 8.0], [20.31569443740947, 141.96759082911453, -28.0, 8.0], [21.029845433400574, 142.99790318283857, -28.0, 8.0], [21.587799414539, 144.0403546270431, -28.0, 8.0], [21.966188264254708, 145.0971501185032, -28.0, 8.0], [22.141643865977663, 146.17049461399404, -28.0, 8.0], [22.1472647829708, 147.28163223077374, -28.0, 8.0], [22.036489887780863, 148.4444728890504, -28.0, 8.0], [21.816461527763554, 149.65022025002386, -28.0, 8.0], [21.494322050274583, 150.89007797489415, -28.0, 8.0], [21.077213802669686, 