{"control_nodes": [[-4.592425496802574e-15, -25.0, -28.0, 8.0], [0.0, 0.0, -28.0, 8.0], [0.43631016093208996, 24.996192378909782, -28.0, 8.0], [0.8726203218641799, 49.992384757819565, -28.0, 8.0], [17.274096046626862, 68.86012426338887, -28.0, 8.0], [22.044320931040485, 93.40080384958047, -28.0, 8.0], [4.6778616695655515, 111.38429885804675, -28.0, 8.0], [-15.800939437659245, 125.72370976682289, -28.0, 8.0], [-25.166104273057048, 148.90330613099258, -28.0, 8.0], [-14.997688196162043, 171.7419425720576, -28.0, 8.0], [8.014933140148967, 181.51022078428946, -28.0, 8.0], [31.027554476459976, 191.2784989965213, -28.0, 8.0]], "sample_nodes": [[0.0, 0.0, -28.0, 8.0], [0.012658656076029565, 1.3156790032662282, -28.0, 8.0], [0.02754370894935066, 2.6313385770619515, -28.0, 8.0], [0.044464324608766974, 3.9469803867703668, -28.0, 8.0], [0.06322966904308198, 5.262606097774648, -28.0, 8.0], [0.08364890824109937, 6.578217375457992, -28.0, 8.0], [0.10553120819162266, 7.893815885203578, -28.0, 8.0], [0.12868573488345536, 9.20940329239459, -28.0, 8.0], [0.15292165430540106, 10.524981262414212, -28.0, 8.0], [0.17804813244626355, 11.840551460645646, -28.0, 8.0], [0.20387433529484628, 13.156115552472063, -28.0, 8.0], [0.2302094288399526, 14.471675203276643, -28.0, 8.0], [0.2568625790703865, 15.78723207844259, -28.0, 8.0], [0.28364295197495115, 17.10278784335307, -28.0, 8.0], [0.31035971354245045, 18.418344163391282, -28.0, 8.0], [0.33682202976168785, 19.733902703940412, -28.0, 8.0], [0.36283906662146675, 21.049465130383634, -28.0, 8.0], [0.38821999011059116, 22.36503310810415, -28.0, 8.0], [0.41277396621786433, 23.68060830248514, -28.0, 8.0], [0.43631016093208996, 24.996192378909782, -28.0, 8.0], [0.43832524739105033, 26.319822867996606, -28.0, 8.0], [0.4030983672336978, 27.65774920866141, -28.0, 8.0], [0.3376123892005912, 29.007290928733347, -28.0, 8.0], [0.24885018203228923, 30.365767556041515, -28.0, 8.0], [0.14379461446935016, 31.73049861841507, -28.0, 8.0], [0.0294285552523329, 33.09880364368311, -28.0, 8.0], [-0.08726512687820348, 34.46800215967478, -28.0, 8.0], [-0.19930356318170073, 35.83541369421919, -28.0, 8.0], [-0.299703884917601, 37.198357775145496, -28.0, 8.0], [-0.3814832233453447, 38.5541539302828, -28.0, 8.0], [-0.4376587097243725, 39.90012168746023, -28.0, 8.0], [-0.4612474753141275, 41.233580574506924, -28.0, 8.0], [-0.4452666513740497, 42.55185011925199, -28.0, 8.0], [-0.38273336916358125, 43.85224984952458, -28.0, 8.0], [-0.26666475994216254, 45.132099293153786, -28.0, 8.0], [-0.09007795496923704, 46.38871797796877, -28.0, 8.0], [0.1540099144957566, 47.619425431798646, -28.0, 8.0], [0.47258171719337605, 48.82154118247254, -28.0, 8.0], [0.8726203218641799, 49.992384757819565, -28.0, 8.0], [1.3740428576364383, 51.12272545854359, -28.0, 8.0], [1.9840644323618442, 52.208560707764924, -28.0, 8.0], [2.6906148828661003, 53.255052216937436, -28.0, 8.0], [3.4816240459748995, 54.267361697514936, -28.0, 8.0], [4.345021758513946, 55.250650860951296, -28.0, 8.0], [5.268737857308931, 56.21008141870032, -28.0, 8.0], [6.240702179185554, 57.15081508221587, -28.0, 8.0], [7.248844560969513, 58.07801356295179, -28.0, 8.0], [8.28109483948651, 58.9968385723619, -28.0, 8.0], [9.325382851562239, 59.912451821900056, -28.0, 8.0], [10.369638434022391, 60.83001502302009, -28.0, 8.0], [11.401791423692682, 61.75468988717584, -28.0, 8.0], [12.409771657398785, 62.69163812582116, -28.0, 8.0], [13.381508971966419, 63.646021450409876, -28.0, 8.0], [14.304933204221278, 64.62300157239584, -28.0, 8.0], [15.167974190989044, 65.62774020323286, -28.0, 8.0], [15.95856176909544, 66.66539905437483, -28.0, 8.0], [16.664625775366147, 67.74113983727555, -28.0, 8.0], [17.274096046626862, 68.86012426338887, -28.0, 8.0], [17.828920944822357, 70.02635603168657, -28.0, 8.0], [18.376032352264374, 71.23683154631249, -28.0, 8.0], [18.910835386329147, 72.48620157647865, -28.0, 8.0], [19.428735164392858, 73.76911689139698, -28.0, 8.0], [19.92513680383172, 75.0802282602795, -28.0, 8.0], [20.395445422021933, 76.41418645233817, -28.0, 8.0], [20.835066136339705, 77.76564223678497, -28.0, 8.0], [21.239404064161235, 79.12924638283185, -28.0, 8.0], [21.60386432286273, 80.49964965969085, -28.0, 8.0], [21.923852029820395, 81.87150283657391, -28.0, 8.0], [22.19477230241042, 83.23945668269297, -28.0, 8.0], [22.41203025800903, 84.59816196726008, -28.0, 8.0], [22.571031013992414, 85.94226945948718, -28.0, 8.0], [22.66717968773678, 87.26642992858626, -28.0, 8.0], [22.695881396618333, 88.56529414376928, -28.0, 8.0], [22.652541258013272, 89.83351287424823, -28.0, 8.0], [22.532564389297818, 91.06573688923511, -28.0, 8.0], [22.331355907848152, 92.25661695794186, -28.0, 8.0], [22.044320931040485, 93.40080384958047, -28.0, 8.0], [21.657218163122895, 94.50695669351472, -28.0, 8.0], [21.16441682754615, 95.58815019722074, -28.0, 8.0], [20.574237820490527, 96.64565849707911, -28.0, 8.0], [19.895002038136276, 97.68075572947032, -28.0, 8.0], [19.135030376663657, 98.69471603077493, -28.0, 8.0], [18.302643732252946, 99.68881353737348, -28.0, 8.0], [17.406163001084387, 100.66432238564647, -28.0, 8.0], [16.453909079338256, 101.6225167119745, -28.0, 8.0], [15.454202863194809, 102.56467065273807, -28.0, 8.0], [14.415365248834302, 103.49205834431771, -28.0, 8.0], [13.34571713243701, 104.40595392309393, -28.0, 8.0], [12.253579410183177, 105.30763152544736, -28.0, 8.0], [11.14727297825309, 106.19836528775846, -28.0, 8.0], [10.035118732826987, 107.0794293464078, -28.0, 8.0], [8.925437570085139, 107.95209783777588, -28.0, 8.0], [7.826550386207818, 108.81764489824332, -28.0, 8.0], [6.746778077375267, 109.67734466419057, -28.0, 8.0], [5.694441539767759, 110.5324712719982, -28.0, 8.0], [4.6778616695655515, 111.38429885804675, -28.0, 8.0], [3.658956501590173, 112.21347327022337, -28.0, 8.0], [2.5982449267113883, 113.00343119154482, -28.0, 8.0], [1.5019491251818136, 113.75963301108615, -28.0, 8.0], [0.3762912772540775, 114.48753911792225, -28.0, 8.0], [-0.7725064368192065, 115.19260990112812, -28.0, 8.0], [-1.938221836785412, 115.88030574977877, -28.0, 8.0], [-3.1146327423919153, 116.55608705294912, -28.0, 8.0], [-4.295516973386097, 117.2254141997142, -28.0, 8.0], [-5.474652349515344, 117.89374757914894, -28.0, 8.0], [-6.645816690527025, 118.56654758032835, -28.0, 8.0], [-7.802787816168516, 119.24927459232732, -28.0, 8.0], [-8.93934354618721, 119.94738900422095, -28.0, 8.0], [-10.049261700330465, 120.66635120508414, -28.0, 8.0], [-11.126320098345676, 121.41162158399186, -28.0, 8.0], [-12.164296559980219, 122.18866053001913, -28.0, 8.0], [-13.156968904981463, 123.00292843224086, -28.0, 8.0], [-14.0981149530968, 123.85988567973212, -28.0, 8.0], [-14.981512524073603, 124.7649926615678, -28.0, 8.0], [-15.800939437659245, 125.72370976682289, -28.0, 8.0], [-16.581962299566992, 126.73534307823849, -28.0, 8.0], [-17.351840683428765, 127.79288131015387, -28.0, 8.0], [-18.10689186086999, 128.8923087990416, -28.0, 8.0], [-18.84343310351603, 130.02960988137406, -28.0, 8.0], [-19.55778168299231, 131.20076889362372, -28.0, 8.0], [-20.24625487092422, 132.40177017226296, -28.0, 8.0], [-20.905169938937146, 133.6285980537643, -28.0, 8.0], [-21.5308441586565, 134.8772368746002, -28.0, 8.0], [-22.119594801707677, 136.143670971243, -28.0, 8.0], [-22.667739139716073, 137.42388468016526, -28.0, 8.0], [-23.171594444307075, 138.71386233783932, -28.0, 8.0], [-23.627477987106104, 140.00958828073777, -28.0, 8.0], [-24.03170703973854, 141.30704684533293, -28.0, 8.0], [-24.380598873829776, 142.60222236809724, -28.0, 8.0], [-24.67047076100523, 143.89109918550326, -28.0, 8.0], [-24.897639972890275, 145.16966163402333, -28.0, 8.0], [-25.058423781110342, 146.43389405012994, -28.0, 8.0], [-25.149139457290797, 147.6797807702956, -28.0, 8.0], [-25.166104273057048, 148.90330613099258, -28.0, 8.0], [-25.109133832958943, 150.13054282538343, -28.0, 8.0], [-24.982449433423653, 151.38652891973823, -28.0, 8.0], [-24.78897688389261, 152.66569681019098, -28.0, 8.0], [-24.5316419938072, 