{"control_nodes": [[-4.592425496802574e-15, -25.0, -28.0, 8.0], [0.0, 0.0, -28.0, 8.0], [0.43631016093208996, 24.996192378909782, -28.0, 8.0], [0.8726203218641799, 49.992384757819565, -28.0, 8.0], [12.22238281535285, 72.26754786252876, -28.0, 8.0], [-5.761112193113432, 89.63400712400369, -28.0, 8.0], [-11.384888551710057, 113.99325874363457, -28.0, 8.0], [-33.85473970918923, 124.9525374133615, -28.0, 8.0], [-32.98225229162671, 149.9373080888389, -28.0, 8.0], [-9.20583938424787, 157.66273294821258, -28.0, 8.0], [15.550862334291388, 161.1420604722142, -28.0, 8.0], [40.36451612532444, 164.1887940573429, -28.0, 8.0]], "sample_nodes": [[0.0, 0.0, -28.0, 8.0], [0.012658656076029565, 1.3156790032662282, -28.0, 8.0], [0.02754370894935066, 2.6313385770619515, -28.0, 8.0], [0.044464324608766974, 3.9469803867703668, -28.0, 8.0], [0.06322966904308198, 5.262606097774648, -28.0, 8.0], [0.08364890824109937, 6.578217375457992, -28.0, 8.0], [0.10553120819162266, 7.893815885203578, -28.0, 8.0], [0.12868573488345536, 9.20940329239459, -28.0, 8.0], [0.15292165430540106, 10.524981262414212, -28.0, 8.0], [0.17804813244626355, 11.840551460645646, -28.0, 8.0], [0.20387433529484628, 13.156115552472063, -28.0, 8.0], [0.2302094288399526, 14.471675203276643, -28.0, 8.0], [0.2568625790703865, 15.78723207844259, -28.0, 8.0], [0.28364295197495115, 17.10278784335307, -28.0, 8.0], [0.31035971354245045, 18.418344163391282, -28.0, 8.0], [0.33682202976168785, 19.733902703940412, -28.0, 8.0], [0.36283906662146675, 21.049465130383634, -28.0, 8.0], [0.38821999011059116, 22.36503310810415, -28.0, 8.0], [0.41277396621786433, 23.68060830248514, -28.0, 8.0], [0.43631016093208996, 24.996192378909782, -28.0, 8.0], [0.4449538257671206, 26.31535183542739, -28.0, 8.0], [0.4281396633210744, 27.6408586411777, -28.0, 8.0], [0.3906410162091536, 28.97152266817961, -28.0, 8.0], [0.3372312270465597, 30.306153788451955, -28.0, 8.0], [0.27268363844849475, 31.643561874013628, -28.0, 8.0], [0.20177159303016043, 32.98255679688347, -28.0, 8.0], [0.1292684334067594, 34.321948429080365, -28.0, 8.0], [0.05994750219349265, 35.66054664262315, -28.0, 8.0], [-0.0014178579944378877, 36.99716130953074, -28.0, 8.0], [-0.05005430454183002, 38.330602301821955, -28.0, 8.0], [-0.08118849483348162, 39.659679491515675, -28.0, 8.0], [-0.09004708625419133, 40.98320275063078, -28.0, 8.0], [-0.07185673618875688, 42.299981951186105, -28.0, 8.0], [-0.02184410202197648, 43.608826965200535, -28.0, 8.0], [0.06476415886135178, 44.90854766469295, -28.0, 8.0], [0.19274138907642896, 46.19795392168218, -28.0, 8.0], [0.36686093123845825, 47.47585560818713, -28.0, 8.0], [0.5918961279626413, 48.74106259622663, -28.0, 8.0], [0.8726203218641799, 49.992384757819565, -28.0, 8.0], [1.2507052175913769, 51.23546960368772, -28.0, 8.0], [1.7529048460304482, 52.476120164221946, -28.0, 8.0], [2.3616160391534735, 53.7133795909448, -28.0, 8.0], [3.059235628932523, 54.94629103537875, -28.0, 8.0], [3.8281604473396786, 56.17389764904633, -28.0, 8.0], [4.650787326347011, 57.39524258347005, -28.0, 8.0], [5.509513097926595, 58.6093689901724, -28.0, 8.0], [6.386734594050507, 59.81532002067591, -28.0, 8.0], [7.2648486466908295, 61.012138826503104, -28.0, 8.0], [8.126252087819628, 62.198868559176454, -28.0, 8.0], [8.95334174940898, 63.37455237021849, -28.0, 8.0], [9.728514463430969, 64.53823341115174, -28.0, 8.0], [10.434167061857654, 65.68895483349866, -28.0, 8.0], [11.052696376661125, 66.82575978878182, -28.0, 8.0], [11.566499239813455, 67.94769142852371, -28.0, 8.0], [11.957972483286715, 69.05379290424683, -28.0, 8.0], [12.209512939052987, 70.14310736747372, -28.0, 8.0], [12.30351743908434, 71.21467796972688, -28.0, 8.0], [12.22238281535285, 72.26754786252876, -28.0, 8.0], [11.95247591192838, 73.28833320802708, -28.0, 8.0], [11.5040561770465, 74.26775839719888, -28.0, 8.0], [10.895359348927876, 75.21102892481075, -28.0, 8.0], [10.144621165793158, 76.12335028562929, -28.0, 8.0], [9.270077365862996, 77.00992797442113, -28.0, 8.0], [8.289963687358053, 77.87596748595288, -28.0, 8.0], [7.22251586849898, 78.72667431499112, -28.0, 8.0], [6.085969647506441, 79.5672539563025, -28.0, 8.0], [4.898560762601075, 80.4029119046536, -28.0, 8.0], [3.678524952003547, 81.23885365481105, -28.0, 8.0], [2.444097953934515, 82.08028470154142, -28.0, 8.0], [1.2135155066146213, 82.93241053961137, -28.0, 8.0], [0.005013348264542028, 83.80043666378748, -28.0, 8.0], [-1.1631727828950864, 84.68956856883636, -28.0, 8.0], [-2.272807148643603, 85.60501174952464, -28.0, 8.0], [-3.3056540107603456, 86.55197170061888, -28.0, 8.0], [-4.243477631024671, 87.53565391688574, -28.0, 8.0], [-5.068042271215918, 88.56126389309182, -28.0, 8.0], [-5.761112193113432, 89.63400712400369, -28.0, 8.0], [-6.326915227599848, 90.76849571260475, -28.0, 8.0], [-6.790352414363917, 91.96992515260305, -28.0, 8.0], [-7.164197828394165, 93.22937602485241, -28.0, 8.0], [-7.461225544679107, 94.5379289102065, -28.0, 8.0], [-7.694209638207264, 95.88666438951914, -28.0, 8.0], [-7.875924183967155, 97.26666304364399, -28.0, 8.0], [-8.0191432569473, 98.66900545343485, -28.0, 8.0], [-8.13664093213622, 100.08477219974543, -28.0, 8.0], [-8.241191284522435, 101.5050438634295, -28.0, 8.0], [-8.345568389094462, 102.92090102534078, -28.0, 8.0], [-8.462546320840822, 104.323424266333, -28.0, 8.0], [-8.604899154750035, 105.70369416725995, -28.0, 8.0], [-8.785400965810618, 107.05279130897533, -28.0, 8.0], [-9.016825829011097, 108.36179627233291, -28.0, 8.0], [-9.311947819339986, 109.62178963818639, -28.0, 8.0], [-9.683541011785804, 110.82385198738957, -28.0, 8.0], [-10.14437948133708, 111.95906390079618, -28.0, 8.0], [-10.707237302982323, 113.01850595925993, -28.0, 8.0], [-11.384888551710057, 113.99325874363457, -28.0, 8.0], [-12.200260063243284, 114.8681480554299, -28.0, 8.0], [-13.156044176491267, 115.6419429036972, -28.0, 8.0], [-14.234663221221949, 116.32663868060254, -28.0, 8.0], [-15.418539527203244, 116.93423077831197, -28.0, 8.0], [-16.690095424203093, 117.47671458899156, -28.0, 8.0], [-18.031753241989428, 117.96608550480738, -28.0, 8.0], [-19.42593531033016, 118.4143389179254, -28.0, 8.0], [-20.85506395899324, 118.83347022051177, -28.0, 8.0], [-22.301561517746592, 119.23547480473249, -28.0, 8.0], [-23.747850316358136, 119.63234806275364, -28.0, 8.0], [-25.1763526845958, 120.03608538674123, -28.0, 8.0], [-26.56949095222754, 120.45868216886137, -28.0, 8.0], [-27.909687449021234, 120.91213380128008, -28.0, 8.0], [-29.17936450474486, 121.40843567616342, -28.0, 8.0], [-30.36094444916633, 121.95958318567743, -28.0, 8.0], [-31.436849612053564, 122.57757172198819, -28.0, 8.0], [-32.38950232317452, 123.27439667726178, -28.0, 8.0], [-33.2013249122971, 124.06205344366418, -28.0, 8.0], [-33.85473970918923, 124.9525374133615, -28.0, 8.0], [-34.39018601635136, 125.9589095698363, -28.0, 8.0], [-34.85994941896627, 127.0771116947116, -28.0, 8.0], [-35.26422167082542, 128.29346037736403, -28.0, 8.0], [-35.60319452572028, 129.59427220717026, -28.0, 8.0], [-35.87705973744232, 130.9658637735069, -28.0, 8.0], [-36.08600905978301, 132.3945516657506, -28.0, 8.0], [-36.23023424653382, 133.86665247327807, -28.0, 8.0], [-36.309927051486206, 135.3684827854659, -28.0, 8.0], [-36.325279228431654, 136.88635919169076, -28.0, 8.0], [-36.276482531161605, 138.40659828132934, -28.0, 8.0], [-36.16372871346755, 139.91551664375817, -28.0, 8.0], [-35.987209529140955, 141.39943086835402, -28.0, 8.0], [-35.747116731973264, 142.8446575444935, -28.0, 8.0], [-35.443642075755974, 144.23751326155326, -28.0, 8.0], [-35.07697731428054, 145.56431460890994, -28.0, 8.0], [-34.647314201338425, 146.81137817594018, -28.0, 8.0], [-34.15484449072111, 147.9650205520207, -28.0, 8.0], [-33.59975993622004, 149.01155832652805, -28.0, 8.0], [-32.98225229162671, 149.9373080888389, -28.0, 8.0], [-32.27310714934459, 150.7571225329942, -28.0, 8.0], [-31.449374928601316, 151.4987711299126, -28.0, 8.0], [-30.5206446234246, 152.16794563428758, -28.0, 8.0], [-29.49650522784212, 152.77033780081248, 