{"control_nodes": [[-4.592425496802574e-15, -25.0, -28.0, 8.0], [0.0, 0.0, -28.0, 8.0], [0.43631016093208996, 24.996192378909782, -28.0, 8.0], [0.8726203218641799, 49.992384757819565, -28.0, 8.0], [4.783481947869953, 74.68459327269801, -28.0, 8.0], [4.783481947869955, 99.68459327269801, -28.0, 8.0], [4.347171786937868, 124.68078565160779, -28.0, 8.0], [-2.962120831130548, 148.5884045506837, -28.0, 8.0], [-8.159913101574531, 173.04209456902885, -28.0, 8.0], [-31.339509465744214, 182.40725940442667, -28.0, 8.0], [-56.32428014122161, 181.53477198686414, -28.0, 8.0], [-81.309050816699, 180.66228456930162, -28.0, 8.0]], "sample_nodes": [[0.0, 0.0, -28.0, 8.0], [0.012658656076029565, 1.3156790032662282, -28.0, 8.0], [0.02754370894935066, 2.6313385770619515, -28.0, 8.0], [0.044464324608766974, 3.9469803867703668, -28.0, 8.0], [0.06322966904308198, 5.262606097774648, -28.0, 8.0], [0.08364890824109937, 6.578217375457992, -28.0, 8.0], [0.10553120819162266, 7.893815885203578, -28.0, 8.0], [0.12868573488345536, 9.20940329239459, -28.0, 8.0], [0.15292165430540106, 10.524981262414212, -28.0, 8.0], [0.17804813244626355, 11.840551460645646, -28.0, 8.0], [0.20387433529484628, 13.156115552472063, -28.0, 8.0], [0.2302094288399526, 14.471675203276643, -28.0, 8.0], [0.2568625790703865, 15.78723207844259, -28.0, 8.0], [0.28364295197495115, 17.10278784335307, -28.0, 8.0], [0.31035971354245045, 18.418344163391282, -28.0, 8.0], [0.33682202976168785, 19.733902703940412, -28.0, 8.0], [0.36283906662146675, 21.049465130383634, -28.0, 8.0], [0.38821999011059116, 22.36503310810415, -28.0, 8.0], [0.41277396621786433, 23.68060830248514, -28.0, 8.0], [0.43631016093208996, 24.996192378909782, -28.0, 8.0], [0.454714739574869, 26.31218032227802, -28.0, 8.0], [0.46501422659479047, 27.628877369280083, -28.0, 8.0], [0.4687283266711406, 28.946150562984656, -28.0, 8.0], [0.46737674448320454, 30.263866946460368, -28.0, 8.0], [0.46247918471026866, 31.581893562775896, -28.0, 8.0], [0.45555535203161823, 32.90009745499987, -28.0, 8.0], [0.4481249511265394, 34.21834566620097, -28.0, 8.0], [0.44170768667431765, 35.53650523944783, -28.0, 8.0], [0.43782326335423877, 36.85444321780912, -28.0, 8.0], [0.4379913858455886, 38.172026644353494, -28.0, 8.0], [0.4437317588276529, 39.489122562149596, -28.0, 8.0], [0.4565640869797175, 40.80559801426611, -28.0, 8.0], [0.478008074981068, 42.12132004377164, -28.0, 8.0], [0.5095834275109903, 43.43615569373489, -28.0, 8.0], [0.5528098492487702, 44.749972007224486, -28.0, 8.0], [0.609207044873693, 46.0626360273091, -28.0, 8.0], [0.6802947190650452, 47.374014797057384, -28.0, 8.0], [0.7675925765021122, 48.68397535953799, -28.0, 8.0], [0.8726203218641799, 49.992384757819565, -28.0, 8.0], [1.0015227076755522, 51.298750487004305, -28.0, 8.0], [1.1572778544278288, 52.60284706631251, -28.0, 8.0], [1.3366555187512443, 53.90494207499009, -28.0, 8.0], [1.5364254572760285, 55.20530309228288, -28.0, 8.0], [1.7533574266324155, 56.50419769743681, -28.0, 8.0], [1.9842211834506358, 57.80189346969771, -28.0, 8.0], [2.2257864843609214, 59.09865798831146, -28.0, 8.0], [2.4748230859935045, 60.394758832523934, -28.0, 8.0], [2.7281007449786188, 61.690463581581035, -28.0, 8.0], [2.982389217946495, 62.98603981472862, -28.0, 8.0], [3.2344582615273643, 64.28175511121255, -28.0, 8.0], [3.481077632351461, 65.57787705027873, -28.0, 8.0], [3.7190170870490133, 66.874673211173, -28.0, 8.0], [3.945046382250258, 68.17241117314126, -28.0, 8.0], [4.155935274585424, 69.47135851542939, -28.0, 8.0], [4.348453520684744, 70.77178281728325, -28.0, 8.0], [4.519370877178452, 72.07395165794873, -28.0, 8.0], [4.665457100696777, 73.37813261667169, -28.0, 8.0], [4.783481947869953, 74.68459327269801, -28.0, 8.0], [4.87642353918958, 75.99311813754714, -28.0, 8.0], [4.950426627179962, 77.30322247810943, -28.0, 8.0], [5.007010916520389, 78.6147700066872, -28.0, 8.0], [5.047696111890138, 79.92762443558269, -28.0, 8.0], [5.074001917968501, 81.24164947709824, -28.0, 8.0], [5.087448039434764, 82.5567088435361, -28.0, 8.0], [5.089554180968211, 83.87266624719855, -28.0, 8.0], [5.081840047248127, 85.1893854003879, -28.0, 8.0], [5.065825342953799, 86.5067300154064, -28.0, 8.0], [5.043029772764513, 87.82456380455636, -28.0, 8.0], [5.014973041359554, 89.14275048014002, -28.0, 8.0], [4.983174853418208, 90.46115375445973, -28.0, 8.0], [4.94915491361976, 91.77963733981775, -28.0, 8.0], [4.9144329266434985, 93.09806494851632, -28.0, 8.0], [4.880528597168705, 94.41630029285778, -28.0, 8.0], [4.84896162987467, 95.7342070851444, -28.0, 8.0], [4.821251729440676, 97.05164903767846, -28.0, 8.0], [4.798918600546009, 98.36848986276226, -28.0, 8.0], [4.783481947869955, 99.68459327269801, -28.0, 8.0], [4.779841638799938, 101.00170064180745, -28.0, 8.0], [4.7900075498321995, 102.32132789850093, -28.0, 8.0], [4.811164399309273, 103.64300058621397, -28.0, 8.0], [4.840496905573682, 104.96624424838198, -28.0, 8.0], [4.875189786967952, 106.29058442844041, -28.0, 8.0], [4.91242776183461, 107.61554666982477, -28.0, 8.0], [4.949395548516183, 108.94065651597045, -28.0, 8.0], [4.983277865355194, 110.26543951031292, -28.0, 8.0], [5.011259430694172, 111.58942119628765, -28.0, 8.0], [5.030524962875643, 112.91212711733007, -28.0, 8.0], [5.038259180242132, 114.2330828168756, -28.0, 8.0], [5.031646801136167, 115.55181383835975, -28.0, 8.0], [5.007872543900271, 116.86784572521796, -28.0, 8.0], [4.964121126876975, 118.18070402088568, -28.0, 8.0], [4.897577268408801, 119.48991426879839, -28.0, 8.0], [4.805425686838277, 120.79500201239148, -28.0, 8.0], [4.68485110050793, 122.09549279510045, -28.0, 8.0], [4.533038227760285, 123.39091216036076, -28.0, 8.0], [4.347171786937868, 124.68078565160779, -28.0, 8.0], [4.122031827731682, 125.96407544403033, -28.0, 8.0], [3.856895018902844, 127.24053665944415, -28.0, 8.0], [3.5556910073990564, 128.51088426122553, -28.0, 8.0], [3.222349440168022, 129.7758332127506, -28.0, 8.0], [2.8607999641574384, 131.03609847739557, -28.0, 8.0], [2.4749722263150087, 132.29239501853664, -28.0, 8.0], [2.068795873588435, 133.54543779955003, -28.0, 8.0], [1.646200552925418, 134.79594178381188, -28.0, 8.0], [1.2111159112736563, 136.04462193469845, -28.0, 8.0], [0.767471595580853, 137.29219321558588, -28.0, 8.0], [0.31919725279471123, 138.53937058985036, -28.0, 8.0], [-0.1297774701370734, 139.78686902086807, -28.0, 8.0], [-0.5755229262667914, 141.03540347201528, -28.0, 8.0], [-1.0141094686467491, 142.2856889066681, -28.0, 8.0], [-1.441607450329242, 143.53844028820274, -28.0, 8.0], [-1.8540872243665678, 144.7943725799954, -28.0, 8.0], [-2.247619143811029, 146.0542007454224, -28.0, 8.0], [-2.6182735617149238, 147.31863974785978, -28.0, 8.0], [-2.962120831130548, 148.5884045506837, -28.0, 8.0], [-3.2619648067978333, 149.88234175755747, -28.0, 8.0], [-3.509088068415479, 151.21426247399563, -28.0, 8.0], [-3.7122790564739456, 152.57732841615106, -28.0, 8.0], [-3.8803262114636903, 153.96470130017676, -28.0, 8.0], [-4.02201797387517, 155.36954284222577, -28.0, 8.0], [-4.146142784198844, 156.78501475845098, -28.0, 8.0], [-4.261489082925168, 158.20427876500545, -28.0, 8.0], [-4.376845310544602, 159.6204965780422, -28.0, 8.0], [-4.500999907547604, 161.02682991371415, -28.0, 8.0], [-4.6427413144246295, 162.41644048817432, -28.0, 8.0], [-4.810857971666138, 163.7824900175757, -28.0, 8.0], [-5.014138319762587, 165.1181402180713, -28.0, 8.0], [-5.261370799204435, 166.41655280581404, -28.0, 8.0], [-5.561343850482139, 167.67088949695693, -28.0, 8.0], [-5.922845914086156, 168.87431200765306, -28.0, 8.0], [-6.354665430506948, 170.01998205405528, -28.0, 8.0], [-6.865590840234967, 171.1010613523167, -28.0, 8.0], [-7.464410583760676, 172.11071161859022, -28.0, 8.0], [-8.159913101574531, 173.04209456902885, -28.0, 8.0], [-8.952818110392133, 173.90480115242187, -28.0, 8.0], [-9.833269460410996, 174.7143956283129, -28.0, 8.0], [-10.794191792344462, 175.4729996789867, -28.0, 8.0], [-11.828509746905851, 176.18273498672755, -28.0, 8.0], [-12.92914796480851, 