{"control_nodes": [[-4.592425496802574e-15, -25.0, -28.0, 8.0], [0.0, 0.0, -28.0, 8.0], [0.43631016093208996, 24.996192378909782, -28.0, 8.0], [0.8726203218641799, 49.992384757819565, -28.0, 8.0], [-15.197069920299306, 69.14349583579401, -28.0, 8.0], [-16.5054688263729, 94.10923420465836, -28.0, 8.0], [3.973332280851892, 108.44864511343451, -28.0, 8.0], [21.956827289318174, 91.08218585195958, -28.0, 8.0], [14.647534671249758, 67.1745669528837, -28.0, 8.0], [36.51302734973466, 55.05432644672527, -28.0, 8.0], [42.983503477297674, 30.906180789498563, -28.0, 8.0], [49.45397960486069, 6.758035132271857, -28.0, 8.0]], "sample_nodes": [[0.0, 0.0, -28.0, 8.0], [0.012658656076029565, 1.3156790032662282, -28.0, 8.0], [0.02754370894935066, 2.6313385770619515, -28.0, 8.0], [0.044464324608766974, 3.9469803867703668, -28.0, 8.0], [0.06322966904308198, 5.262606097774648, -28.0, 8.0], [0.08364890824109937, 6.578217375457992, -28.0, 8.0], [0.10553120819162266, 7.893815885203578, -28.0, 8.0], [0.12868573488345536, 9.20940329239459, -28.0, 8.0], [0.15292165430540106, 10.524981262414212, -28.0, 8.0], [0.17804813244626355, 11.840551460645646, -28.0, 8.0], [0.20387433529484628, 13.156115552472063, -28.0, 8.0], [0.2302094288399526, 14.471675203276643, -28.0, 8.0], [0.2568625790703865, 15.78723207844259, -28.0, 8.0], [0.28364295197495115, 17.10278784335307, -28.0, 8.0], [0.31035971354245045, 18.418344163391282, -28.0, 8.0], [0.33682202976168785, 19.733902703940412, -28.0, 8.0], [0.36283906662146675, 21.049465130383634, -28.0, 8.0], [0.38821999011059116, 22.36503310810415, -28.0, 8.0], [0.41277396621786433, 23.68060830248514, -28.0, 8.0], [0.43631016093208996, 24.996192378909782, -28.0, 8.0], [0.48093211336310693, 26.319451043510288, -28.0, 8.0], [0.5640576386836889, 27.65634453837977, -28.0, 8.0], [0.6784673169770434, 29.004316332842812, -28.0, 8.0], [0.8169417283263756, 30.36080989622396, -28.0, 8.0], [0.9722614528148934, 31.7232686978478, -28.0, 8.0], [1.1372070705258024, 33.08913620703888, -28.0, 8.0], [1.3045591615423087, 34.455855893121765, -28.0, 8.0], [1.4670983059476195, 35.82087122542103, -28.0, 8.0], [1.6176050838249418, 37.18162567326125, -28.0, 8.0], [1.748860075257481, 38.53556270596697, -28.0, 8.0], [1.8536438603284433, 39.880125792862756, -28.0, 8.0], [1.9247370191210365, 41.21275840327319, -28.0, 8.0], [1.9549201317184663, 42.53090400652282, -28.0, 8.0], [1.9369737782039396, 43.83200607193622, -28.0, 8.0], [1.863678538660662, 45.11350806883796, -28.0, 8.0], [1.7278149931718416, 46.37285346655259, -28.0, 8.0], [1.5221637218206834, 47.607485734404705, -28.0, 8.0], [1.2395053046903939, 48.81484834171883, -28.0, 8.0], [0.8726203218641799, 49.992384757819565, -28.0, 8.0], [0.39732687760928137, 51.13076099696264, -28.0, 8.0], [-0.19662681966876497, 52.22574725474004, -28.0, 8.0], [-0.8955650336793148, 53.2824432724808, -28.0, 8.0], [-1.6858120281317153, 54.305948791513856, -28.0, 8.0], [-2.553692066735324, 55.30136355316822, -28.0, 8.0], [-3.4855294131994885, 56.27378729877286, -28.0, 8.0], [-4.467648331233558, 57.228319769656736, -28.0, 8.0], [-5.486373084546887, 58.17006070714886, -28.0, 8.0], [-6.528027936848833, 59.104109852578205, -28.0, 8.0], [-7.578937151848745, 60.035566947273736, -28.0, 8.0], [-8.625424993255962, 60.969531732564434, -28.0, 8.0], [-9.653815724779859, 61.911103949779296, -28.0, 8.0], [-10.65043361012976, 62.86538334024729, -28.0, 8.0], [-11.601602913015041, 63.8374696452974, -28.0, 8.0], [-12.493647897145042, 64.8324626062586, -28.0, 8.0], [-13.312892826229115, 65.85546196445989, -28.0, 8.0], [-14.045661963976618, 66.91156746123023, -28.0, 8.0], [-14.678279574096898, 68.00587883789862, -28.0, 8.0], [-15.197069920299306, 69.14349583579401, -28.0, 8.0], [-15.643162062252774, 70.33409196892957, -28.0, 8.0], [-16.06475354863686, 71.57914694366627, -28.0, 8.0], [-16.45877137667687, 72.87146978985506, -28.0, 8.0], [-16.822142543598112, 74.20386953734675, -28.0, 8.0], [-17.151794046625902, 75.56915521599223, -28.0, 8.0], [-17.44465288298553, 76.96013585564233, -28.0, 8.0], [-17.69764604990231, 78.36962048614794, -28.0, 8.0], [-17.907700544601546, 79.79041813735992, -28.0, 8.0], [-18.071743364308553, 81.21533783912915, -28.0, 8.0], [-18.186701506248625, 82.63718862130642, -28.0, 8.0], [-18.24950196764707, 84.04877951374266, -28.0, 8.0], [-18.257071745729196, 85.44291954628872, -28.0, 8.0], [-18.206337837720316, 86.81241774879545, -28.0, 8.0], [-18.094227240845726, 88.15008315111372, -28.0, 8.0], [-17.917666952330734, 89.44872478309438, -28.0, 8.0], [-17.673583969400653, 90.70115167458833, -28.0, 8.0], [-17.358905289280784, 91.90017285544641, -28.0, 8.0], [-16.970557909196437, 93.03859735551944, -28.0, 8.0], [-16.5054688263729, 94.10923420465836, -28.0, 8.0], [-15.938946220680727, 95.15652174192836, -28.0, 8.0], [-15.255427420492909, 96.22354575122353, -28.0, 8.0], [-14.465533145788488, 97.30108642963818, -28.0, 8.0], [-13.579884116546491, 98.37992397426653, -28.0, 8.0], [-12.609101052745945, 99.45083858220292, -28.0, 8.0], [-11.563804674365887, 100.50461045054155, -28.0, 8.0], [-10.454615701385341, 101.53201977637663, -28.0, 8.0], [-9.292154853783348, 102.52384675680248, -28.0, 8.0], [-8.087042851538921, 103.47087158891337, -28.0, 8.0], [-6.8499004146311036, 104.36387446980353, -28.0, 8.0], [-5.5913482630389275, 105.19363559656718, -28.0, 8.0], [-4.3220071167414105, 105.95093516629866, -28.0, 8.0], [-3.0524976957176038, 106.62655337609215, -28.0, 8.0], [-1.7934407199465194, 107.21127042304194, -28.0, 8.0], [-0.5554569094071936, 107.6958665042423, -28.0, 8.0], [0.6508330159213335, 108.0711218167875, -28.0, 8.0], [1.8148083360600482, 108.32781655777177, -28.0, 8.0], [2.9258483310299113, 108.45673092428936, -28.0, 8.0], [3.973332280851892, 108.44864511343451, -28.0, 8.0], [5.0119554583841905, 108.29205225892608, -28.0, 8.0], [6.096846151380546, 107.98892974969286, -28.0, 8.0], [7.218033162205261, 107.55028416564421, -28.0, 8.0], [8.365545293222615, 106.9871220866894, -28.0, 8.0], [9.52941134679691, 106.31045009273774, -28.0, 8.0], [10.699660125292432, 105.53127476369856, -28.0, 8.0], [11.866320431073467, 104.66060267948117, -28.0, 8.0], [13.01942106650431, 103.70944041999488, -28.0, 8.0], [14.14899083394926, 102.68879456514895, -28.0, 8.0], [15.245058535772596, 101.60967169485274, -28.0, 8.0], [16.297652974338607, 100.48307838901555, -28.0, 8.0], [17.2968029520116, 99.32002122754666, -28.0, 8.0], [18.23253727115585, 98.13150679035543, -28.0, 8.0], [19.09488473413565, 96.92854165735112, -28.0, 8.0], [19.8738741433153, 95.72213240844307, -28.0, 8.0], [20.559534301059088, 94.5232856235406, -28.0, 8.0], [21.141894009731303, 93.343007882553, -28.0, 8.0], [21.610982071696235, 92.19230576538956, -28.0, 8.0], [21.956827289318174, 91.08218585195958, -28.0, 8.0], [22.13122645722996, 89.96291642976813, -28.0, 8.0], [22.10850590919575, 88.78277244253759, -28.0, 8.0], [21.912488756276822, 87.5497704545036, -28.0, 8.0], [21.566998109534445, 86.27192702990165, -28.0, 8.0], [21.09585708002989, 84.95725873296729, -28.0, 8.0], [20.522888778824427, 83.61378212793605, -28.0, 8.0], [19.871916316979338, 82.24951377904345, -28.0, 8.0], [19.166762805555884, 80.87247025052508, -28.0, 8.0], [18.431251355615338, 79.49066810661644, -28.0, 8.0], [17.689205078218976, 78.11212391155306, -28.0, 8.0], [16.964447084428066, 76.74485422957046, -28.0, 8.0], [16.280800485303875, 75.39687562490425, -28.0, 8.0], [15.662088391907695, 74.07620466178993, -28.0, 8.0], [15.132133915300773, 72.79085790446302, -28.0, 8.0], [14.7147601665444, 71.54885191715907, -28.0, 8.0], [14.43379025669984, 70.35820326411364, -28.0, 8.0], [14.313047296828367, 69.22692850956223, -28.0, 8.0], [14.37635439799125, 68.16304421774043, -28.0, 8.0], [14.647534671249758, 67.1745669528837, -28.0, 8.0], [15.129482883503691, 66.27404049479709, -28.0, 8.0], [15.7962157218247, 65.4617200034941, -28.0, 8.0], [16.628239177531874, 64.7271891135233, -28.0, 8.0], [17.606059241944294, 64.06003145943312, -28.0, 8.0], 