{"control_nodes": [[-4.592425496802574e-15, -25.0, -28.0, 8.0], [0.0, 0.0, -28.0, 8.0], [0.43631016093208996, 24.996192378909782, -28.0, 8.0], [0.8726203218641799, 49.992384757819565, -28.0, 8.0], [10.237785157261978, 73.17198112198925, -28.0, 8.0], [4.189737767270284, 97.42937427888916, -28.0, 8.0], [-19.586675140108554, 105.15479913826285, -28.0, 8.0], [-39.81209999948224, 90.46016783095102, -28.0, 8.0], [-61.241282517035046, 77.58421595819966, -28.0, 8.0], [-85.99798423557431, 74.10488843419803, -28.0, 8.0], [-110.25537739247422, 80.15293582418971, -28.0, 8.0], [-134.51277054937412, 86.2009832141814, -28.0, 8.0]], "sample_nodes": [[0.0, 0.0, -28.0, 8.0], [0.012658656076029565, 1.3156790032662282, -28.0, 8.0], [0.02754370894935066, 2.6313385770619515, -28.0, 8.0], [0.044464324608766974, 3.9469803867703668, -28.0, 8.0], [0.06322966904308198, 5.262606097774648, -28.0, 8.0], [0.08364890824109937, 6.578217375457992, -28.0, 8.0], [0.10553120819162266, 7.893815885203578, -28.0, 8.0], [0.12868573488345536, 9.20940329239459, -28.0, 8.0], [0.15292165430540106, 10.524981262414212, -28.0, 8.0], [0.17804813244626355, 11.840551460645646, -28.0, 8.0], [0.20387433529484628, 13.156115552472063, -28.0, 8.0], [0.2302094288399526, 14.471675203276643, -28.0, 8.0], [0.2568625790703865, 15.78723207844259, -28.0, 8.0], [0.28364295197495115, 17.10278784335307, -28.0, 8.0], [0.31035971354245045, 18.418344163391282, -28.0, 8.0], [0.33682202976168785, 19.733902703940412, -28.0, 8.0], [0.36283906662146675, 21.049465130383634, -28.0, 8.0], [0.38821999011059116, 22.36503310810415, -28.0, 8.0], [0.41277396621786433, 23.68060830248514, -28.0, 8.0], [0.43631016093208996, 24.996192378909782, -28.0, 8.0], [0.44755790492192715, 26.31416508818506, -28.0, 8.0], [0.43797729568367677, 27.636375373817785, -28.0, 8.0], [0.41147364944760567, 28.962028690240967, -28.0, 8.0], [0.3719522824439798, 30.290330491887552, -28.0, 8.0], [0.32331851090306574, 31.620486233190537, -28.0, 8.0], [0.2694776510551298, 32.95170136858288, -28.0, 8.0], [0.2143350191304386, 34.283181352497564, -28.0, 8.0], [0.1617959313592583, 35.614131639367564, -28.0, 8.0], [0.1157657039718549, 36.94375768362587, -28.0, 8.0], [0.08014965319849543, 38.27126493970543, -28.0, 8.0], [0.05885309526944618, 39.595858862039236, -28.0, 8.0], [0.055781346414973176, 40.91674490506028, -28.0, 8.0], [0.0748397228653431, 42.233128523201486, -28.0, 8.0], [0.11993354085082224, 43.54421517089588, -28.0, 8.0], [0.1949681166016772, 44.849210302576424, -28.0, 8.0], [0.30384876634817337, 46.14731937267609, -28.0, 8.0], [0.4504808063205786, 47.437747835627846, -28.0, 8.0], [0.6387695527491586, 48.71970114586469, -28.0, 8.0], [0.8726203218641799, 49.992384757819565, -28.0, 8.0], [1.1748610214331652, 51.2538547491767, -28.0, 8.0], [1.5586181678912774, 52.50354086399212, -28.0, 8.0], [2.013244990470249, 53.742709056256565, -28.0, 8.0], [2.5280947184018077, 54.97262527996076, -28.0, 8.0], [3.092520580917685, 56.19455548909542, -28.0, 8.0], [3.69587580724961, 57.409765637651304, -28.0, 8.0], [4.327513626629311, 58.61952167961911, -28.0, 8.0], [4.976787268288517, 59.82508956898959, -28.0, 8.0], [5.633049961458965, 61.02773525975347, -28.0, 8.0], [6.285654935372377, 62.228724705901456, -28.0, 8.0], [6.923955419260481, 63.4293238614243, -28.0, 8.0], [7.53730464235502, 64.63079868031272, -28.0, 8.0], [8.115055833887705, 65.83441511655747, -28.0, 8.0], [8.646562223090282, 67.04143912414924, -28.0, 8.0], [9.12117703919447, 68.25313665707878, -28.0, 8.0], [9.528253511432002, 69.47077366933682, -28.0, 8.0], [9.857144869034615, 70.69561611491412, -28.0, 8.0], [10.097204341234029, 71.92892994780134, -28.0, 8.0], [10.237785157261978, 73.17198112198925, -28.0, 8.0], [10.306767598198354, 74.44492230348749, -28.0, 8.0], [10.338454722089901, 75.76192739816632, -28.0, 8.0], [10.331833923618653, 77.1152942198076, -28.0, 8.0], [10.285892597466633, 78.49732058219307, -28.0, 8.0], [10.199618138315863, 79.9003042991045, -28.0, 8.0], [10.071997940848368, 81.31654318432372, -28.0, 8.0], [9.902019399746173, 82.73833505163245, -28.0, 8.0], [9.68866990969131, 84.1579777148125, -28.0, 8.0], [9.43093686536579, 85.56776898764565, -28.0, 8.0], [9.127807661451648, 86.96000668391369, -28.0, 8.0], [8.778269692630904, 88.32698861739837, -28.0, 8.0], [8.381310353585583, 89.66101260188151, -28.0, 8.0], [7.935917038997713, 90.95437645114484, -28.0, 8.0], [7.441077143549315, 92.19937797897016, -28.0, 8.0], [6.895778061922413, 93.38831499913928, -28.0, 8.0], [6.299007188799038, 94.51348532543395, -28.0, 8.0], [5.649751918861207, 95.56718677163599, -28.0, 8.0], [4.946999646790948, 96.54171715152714, -28.0, 8.0], [4.189737767270284, 97.42937427888916, -28.0, 8.0], [3.3524074365837264, 98.25585594442836, -28.0, 8.0], [2.416329678884978, 99.05027783569336, -28.0, 8.0], [1.390811690659846, 99.81006461172969, -28.0, 8.0], [0.2851606683941451, 100.53264093158265, -28.0, 8.0], [-0.891316191426321, 101.21543145429771, -28.0, 8.0], [-2.1293116923157354, 101.85586083892031, -28.0, 8.0], [-3.4195186377882836, 102.4513537444958, -28.0, 8.0], [-4.752629831358158, 102.99933483006967, -28.0, 8.0], [-6.119338076539559, 103.49722875468731, -28.0, 8.0], [-7.510336176846664, 103.94246017739415, -28.0, 8.0], [-8.916316935793656, 104.33245375723556, -28.0, 8.0], [-10.327973156894744, 104.664634153257, -28.0, 8.0], [-11.735997643664092, 104.93642602450387, -28.0, 8.0], [-13.13108319961591, 105.14525403002162, -28.0, 8.0], [-14.503922628264382, 105.28854282885564, -28.0, 8.0], [-15.845208733123684, 105.36371708005136, -28.0, 8.0], [-17.145634317708026, 105.36820144265418, -28.0, 8.0], [-18.395892185531586, 105.29942057570956, -28.0, 8.0], [-19.586675140108554, 105.15479913826285, -28.0, 8.0], [-20.73346105920567, 104.90854153251166, -28.0, 8.0], [-21.85931904358766, 104.5436367716668, -28.0, 8.0], [-22.966328731265687, 104.07068643129392, -28.0, 8.0], [-24.056569760250902, 103.50029208695841, -28.0, 8.0], [-25.13212176855449, 102.84305531422581, -28.0, 8.0], [-26.19506439418759, 102.1095776886616, -28.0, 8.0], [-27.247477275161366, 101.31046078583125, -28.0, 8.0], [-28.291440049486983, 100.45630618130032, -28.0, 8.0], [-29.329032355175602, 99.55771545063423, -28.0, 8.0], [-30.362333830238384, 98.62529016939857, -28.0, 8.0], [-31.393424112686485, 97.66963191315872, -28.0, 8.0], [-32.42438284053108, 96.70134225748025, -28.0, 8.0], [-33.457289651783306, 95.73102277792864, -28.0, 8.0], [-34.49422418445434, 94.76927505006942, -28.0, 8.0], [-35.53726607655534, 93.82670064946805, -28.0, 8.0], [-36.58849496609747, 92.91390115169001, -28.0, 8.0], [-37.64999049109189, 92.04147813230085, -28.0, 8.0], [-38.723832289549776, 91.22003316686602, -28.0, 8.0], [-39.81209999948224, 90.46016783095102, -28.0, 8.0], [-40.907154449898144, 89.72720175519643, -28.0, 8.0], [-42.000589307198496, 88.98159648868946, -28.0, 8.0], [-43.093333465482814, 88.2266664846657, -28.0, 8.0], [-44.18631581885055, 87.46572619636066, -28.0, 8.0], [-45.28046526140125, 86.70209007700993, -28.0, 8.0], [-46.37671068723436, 85.93907257984895, -28.0, 8.0], [-47.475980990449386, 85.17998815811335, -28.0, 8.0], [-48.57920506514583, 84.42815126503862, -28.0, 8.0], [-49.68731180542319, 83.68687635386036, -28.0, 8.0], [-50.80123010538095, 82.95947787781401, -28.0, 8.0], [-51.92188885911858, 82.2492702901352, -28.0, 8.0], [-53.05021696073563, 81.5595680440594, -28.0, 8.0], [-54.18714330433153, 80.89368559282224, -28.0, 8.0], [-55.33359678400581, 80.25493738965915, -28.0, 8.0], [-56.490506293857955, 79.64663788780577, -28.0, 8.0], [-57.658800727987455, 79.07210154049758, -28.0, 8.0], [-58.83940898049382, 78.53464280097016, -28.0, 8.0], [-60.033259945476516, 78.037576122459, -28.0, 8.0], [-61.241282517035046, 77.58421595819966, -28.0, 8.0], [-62.46633062709302, 77.16665702032418, -28.0, 8.0], [-63.709523088954555, 76.77482251073012, -28.0, 8.0], [-64.96918611879, 76.4087696173014, -28.0, 8.0], [-66.24364593276962, 76.06855552792192, -28.0, 8.0], [-67.53122874706376, 