{"control_nodes": [[-4.592425496802574e-15, -25.0, -28.0, 8.0], [0.0, 0.0, -28.0, 8.0], [0.43631016093208996, 24.996192378909782, -28.0, 8.0], [0.8726203218641799, 49.992384757819565, -28.0, 8.0], [-12.743355553511497, 70.95914895645517, -28.0, 8.0], [-22.911771630406506, 93.79778539752019, -28.0, 8.0], [-37.95714720920772, 113.76367314870251, -28.0, 8.0], [-61.44946272885543, 105.21316956556079, -28.0, 8.0], [-81.41535048003774, 120.258545144362, -28.0, 8.0], [-73.68992562066406, 144.03495805174083, -28.0, 8.0], [-79.31370197926068, 168.3942096713717, -28.0, 8.0], [-84.93747833785731, 192.75346129100257, -28.0, 8.0]], "sample_nodes": [[0.0, 0.0, -28.0, 8.0], [0.012658656076029565, 1.3156790032662282, -28.0, 8.0], [0.02754370894935066, 2.6313385770619515, -28.0, 8.0], [0.044464324608766974, 3.9469803867703668, -28.0, 8.0], [0.06322966904308198, 5.262606097774648, -28.0, 8.0], [0.08364890824109937, 6.578217375457992, -28.0, 8.0], [0.10553120819162266, 7.893815885203578, -28.0, 8.0], [0.12868573488345536, 9.20940329239459, -28.0, 8.0], [0.15292165430540106, 10.524981262414212, -28.0, 8.0], [0.17804813244626355, 11.840551460645646, -28.0, 8.0], [0.20387433529484628, 13.156115552472063, -28.0, 8.0], [0.2302094288399526, 14.471675203276643, -28.0, 8.0], [0.2568625790703865, 15.78723207844259, -28.0, 8.0], [0.28364295197495115, 17.10278784335307, -28.0, 8.0], [0.31035971354245045, 18.418344163391282, -28.0, 8.0], [0.33682202976168785, 19.733902703940412, -28.0, 8.0], [0.36283906662146675, 21.049465130383634, -28.0, 8.0], [0.38821999011059116, 22.36503310810415, -28.0, 8.0], [0.41277396621786433, 23.68060830248514, -28.0, 8.0], [0.43631016093208996, 24.996192378909782, -28.0, 8.0], [0.4777124852393148, 26.317068644022616, -28.0, 8.0], [0.5518945991049187, 27.64734436253745, -28.0, 8.0], [0.6527102919867063, 28.985257136941428, -28.0, 8.0], [0.7740133533424804, 30.32904456972165, -28.0, 8.0], [0.9096575726300462, 31.676944263365264, -28.0, 8.0], [1.0534967393072066, 33.02719382035937, -28.0, 8.0], [1.1993846428317654, 34.37803084319111, -28.0, 8.0], [1.3411750726615268, 35.72769293434759, -28.0, 8.0], [1.4727218182542954, 37.074417696315955, -28.0, 8.0], [1.5878786690678741, 38.4164427315833, -28.0, 8.0], [1.680499414560066, 39.752005642636774, -28.0, 8.0], [1.7444378441886768, 41.079344031963494, -28.0, 8.0], [1.773547747411509, 42.39669550205056, -28.0, 8.0], [1.7616829136863672, 43.702297655385124, -28.0, 8.0], [1.7026971324710547, 44.994388094454294, -28.0, 8.0], [1.590444193223377, 46.2712044217452, -28.0, 8.0], [1.418777885401136, 47.53098423974497, -28.0, 8.0], [1.1815519984621354, 48.771965150940716, -28.0, 8.0], [0.8726203218641799, 49.992384757819565, -28.0, 8.0], [0.48336168484492187, 51.1886119616, -28.0, 8.0], [0.014355130046621215, 52.35991134176351, -28.0, 8.0], [-0.5267452329660121, 53.50886401819174, -28.0, 8.0], [-1.132285294628262, 54.638051110766284, -28.0, 8.0], [-1.7946109453754193, 55.750053739368845, -28.0, 8.0], [-2.5060680756427693, 56.84745302388098, -28.0, 8.0], [-3.2590025758655963, 57.93283008418435, -28.0, 8.0], [-4.045760336479191, 59.0087660401606, -28.0, 8.0], [-4.8586872479188425, 60.077842011691345, -28.0, 8.0], [-5.690129200619834, 61.142639118658224, -28.0, 8.0], [-6.532432085017453, 62.20573848094285, -28.0, 8.0], [-7.377941791546991, 63.269721218426895, -28.0, 8.0], [-8.219004210643726, 64.33716845099194, -28.0, 8.0], [-9.047965232742953, 65.41066129851966, -28.0, 8.0], [-9.857170748279962, 66.49278088089164, -28.0, 8.0], [-10.638966647690028, 67.58610831798956, -28.0, 8.0], [-11.38569882140845, 68.69322472969505, -28.0, 8.0], [-12.089713159870513, 69.8167112358897, -28.0, 8.0], [-12.743355553511497, 70.95914895645517, -28.0, 8.0], [-13.353562618039247, 72.12074090720016, -28.0, 8.0], [-13.934801036266167, 73.29858588426428, -28.0, 8.0], [-14.490711799284442, 74.49060867802568, -28.0, 8.0], [-15.024935898186222, 75.6947340788623, -28.0, 8.0], [-15.541114324063681, 76.90888687715227, -28.0, 8.0], [-16.04288806800898, 78.13099186327361, -28.0, 8.0], [-16.533898121114284, 79.35897382760437, -28.0, 8.0], [-17.017785474471758, 80.59075756052263, -28.0, 8.0], [-17.498191119173576, 81.82426785240641, -28.0, 8.0], [-17.978756046311887, 83.05742949363378, -28.0, 8.0], [-18.463121246978865, 84.28816727458278, -28.0, 8.0], [-18.954927712266674, 85.51440598563147, -28.0, 8.0], [-19.457816433267485, 86.73407041715792, -28.0, 8.0], [-19.97542840107345, 87.94508535954016, -28.0, 8.0], [-20.511404606776747, 89.14537560315625, -28.0, 8.0], [-21.06938604146953, 90.33286593838423, -28.0, 8.0], [-21.653013696243985, 91.50548115560221, -28.0, 8.0], [-22.265928562192254, 92.66114604518818, -28.0, 8.0], [-22.911771630406506, 93.79778539752019, -28.0, 8.0], [-23.577362924351814, 94.95388953630818, -28.0, 8.0], [-24.24813610246581, 96.1618548876932, -28.0, 8.0], [-24.925652608299607, 97.4104653957002, -28.0, 8.0], [-25.61147388540425, 98.688505004354, -28.0, 8.0], [-26.30716137733084, 99.98475765767958, -28.0, 8.0], [-27.01427652763043, 101.28800729970175, -28.0, 8.0], [-27.734380779854103, 102.58703787444537, -28.0, 8.0], [-28.46903557755293, 103.87063332593539, -28.0, 8.0], [-29.219802364277992, 105.12757759819667, -28.0, 8.0], [-29.98824258358036, 106.34665463525405, -28.0, 8.0], [-30.7759176790111, 107.51664838113246, -28.0, 8.0], [-31.5843890941213, 108.62634277985677, -28.0, 8.0], [-32.415218272462035, 109.66452177545187, -28.0, 8.0], [-33.26996665758437, 110.61996931194264, -28.0, 8.0], [-34.15019569303938, 111.48146933335397, -28.0, 8.0], [-35.05746682237814, 112.23780578371074, -28.0, 8.0], [-35.993341489151746, 112.87776260703784, -28.0, 8.0], [-36.959381136911254, 113.39012374736015, -28.0, 8.0], [-37.95714720920772, 113.76367314870251, -28.0, 8.0], [-38.99870712786815, 113.95620277258192, -28.0, 8.0], [-40.09159606566038, 113.94817724800052, -28.0, 8.0], [-41.230577092546824, 113.7623895202112, -28.0, 8.0], [-42.410413278489855, 113.42163253446662, -28.0, 8.0], [-43.62586769345189, 112.94869923601959, -28.0, 8.0], [-44.8717034073953, 112.36638257012294, -28.0, 8.0], [-46.14268349028251, 111.69747548202936, -28.0, 8.0], [-47.43357101207587, 110.96477091699171, -28.0, 8.0], [-48.73912904273783, 110.19106182026272, -28.0, 8.0], [-50.054120652230736, 109.39914113709519, -28.0, 8.0], [-51.373308910517, 108.61180181274185, -28.0, 8.0], [-52.69145688755902, 107.85183679245554, -28.0, 8.0], [-54.00332765331919, 107.14203902148904, -28.0, 8.0], [-55.3036842777599, 106.50520144509504, -28.0, 8.0], [-56.587289830843545, 105.9641170085264, -28.0, 8.0], [-57.84890738253253, 105.54157865703588, -28.0, 8.0], [-59.08330000278926, 105.26037933587628, -28.0, 8.0], [-60.28523076157609, 105.14331199030032, -28.0, 8.0], [-61.44946272885543, 105.21316956556079, -28.0, 8.0], [-62.619923231868015, 105.43627334508481, -28.0, 8.0], [-63.836984701475195, 105.75941491049757, -28.0, 8.0], [-65.0900778630705, 106.17609265434895, -28.0, 8.0], [-66.36863344204734, 106.67980496918891, -28.0, 8.0], [-67.66208216379921, 107.26405024756734, -28.0, 8.0], [-68.95985475371955, 107.92232688203424, -28.0, 8.0], [-70.25138193720181, 108.64813326513939, -28.0, 8.0], [-71.52609443963942, 109.43496778943282, -28.0, 8.0], [-72.77342298642593, 110.27632884746441, -28.0, 8.0], [-73.9827983029547, 111.1657148317841, -28.0, 8.0], [-75.14365111461922, 112.09662413494178, -28.0, 8.0], [-76.24541214681298, 113.0625551494874, -28.0, 8.0], [-77.2775121249294, 114.05700626797086, -28.0, 8.0], [-78.22938177436195, 115.07347588294208, -28.0, 8.0], [-79.0904518205041, 116.105462386951, -28.0, 8.0], [-79.8501529887493, 117.14646417254752, -28.0, 8.0], [-80.497916004491, 118.1899796322816, -28.0, 8.0], [-81.02317159312267, 119.22950715870313, -28.0, 8.0], [-81.41535048003774, 120.258545144362, -28.0, 8.0], [-81.64526321625506, 121.30295562167998, -28.0, 8.0], [-81.7027334446932, 122.39055911359247, -28.0, 8.0], [-81.60571152859552, 123.51779174842022, -28.0, 8.0], [-81.37214783120528, 