{"control_nodes": [[-4.592425496802574e-15, -25.0, -28.0, 8.0], [0.0, 0.0, -28.0, 8.0], [0.43631016093208996, 24.996192378909782, -28.0, 8.0], [0.8726203218641799, 49.992384757819565, -28.0, 8.0], [3.4858319035555168, 74.8554321420264, -28.0, 8.0], [22.91448093997979, 90.58844191827234, -28.0, 8.0], [46.4067964596275, 82.03793833513062, -28.0, 8.0], [70.18320936700634, 74.31251347575693, -28.0, 8.0], [94.33135502423305, 67.84203734819391, -28.0, 8.0], [115.98199011884401, 55.34203734819391, -28.0, 8.0], [140.97818249775378, 54.905727187261824, -28.0, 8.0], [165.97437487666355, 54.46941702632974, -28.0, 8.0]], "sample_nodes": [[0.0, 0.0, -28.0, 8.0], [0.012658656076029565, 1.3156790032662282, -28.0, 8.0], [0.02754370894935066, 2.6313385770619515, -28.0, 8.0], [0.044464324608766974, 3.9469803867703668, -28.0, 8.0], [0.06322966904308198, 5.262606097774648, -28.0, 8.0], [0.08364890824109937, 6.578217375457992, -28.0, 8.0], [0.10553120819162266, 7.893815885203578, -28.0, 8.0], [0.12868573488345536, 9.20940329239459, -28.0, 8.0], [0.15292165430540106, 10.524981262414212, -28.0, 8.0], [0.17804813244626355, 11.840551460645646, -28.0, 8.0], [0.20387433529484628, 13.156115552472063, -28.0, 8.0], [0.2302094288399526, 14.471675203276643, -28.0, 8.0], [0.2568625790703865, 15.78723207844259, -28.0, 8.0], [0.28364295197495115, 17.10278784335307, -28.0, 8.0], [0.31035971354245045, 18.418344163391282, -28.0, 8.0], [0.33682202976168785, 19.733902703940412, -28.0, 8.0], [0.36283906662146675, 21.049465130383634, -28.0, 8.0], [0.38821999011059116, 22.36503310810415, -28.0, 8.0], [0.41277396621786433, 23.68060830248514, -28.0, 8.0], [0.43631016093208996, 24.996192378909782, -28.0, 8.0], [0.4564174441088871, 26.311956156973462, -28.0, 8.0], [0.47144666594552537, 27.62803052257398, -28.0, 8.0], [0.48234996294328514, 28.9443572405482, -28.0, 8.0], [0.49007947160344545, 30.26087807573294, -28.0, 8.0], [0.49558732842728664, 31.577534792965068, -28.0, 8.0], [0.499825669916088, 32.894269157081396, -28.0, 8.0], [0.5037466325711296, 34.21102293291878, -28.0, 8.0], [0.508302352893691, 35.527737885314046, -28.0, 8.0], [0.5144449673850517, 36.84435577910406, -28.0, 8.0], [0.5231266125464921, 38.16081837912566, -28.0, 8.0], [0.5352994248792913, 39.47706745021565, -28.0, 8.0], [0.5519155408847293, 40.79304475721092, -28.0, 8.0], [0.5739270970640858, 42.108692064948265, -28.0, 8.0], [0.6022862299186407, 43.42395113826457, -28.0, 8.0], [0.6379450759496734, 44.738763741996635, -28.0, 8.0], [0.681855771658464, 46.05307164098134, -28.0, 8.0], [0.7349704535462922, 47.3668166000555, -28.0, 8.0], [0.7982412581144375, 48.67994038405596, -28.0, 8.0], [0.8726203218641799, 49.992384757819565, -28.0, 8.0], [0.9366781165478043, 51.31609082770034, -28.0, 8.0], [0.9726187732303851, 52.66041514031513, -28.0, 8.0], [0.9868449173823888, 54.021422620895095, -28.0, 8.0], [0.9857591744742799, 55.39517819467133, -28.0, 8.0], [0.9757641699765242, 56.77774678687496, -28.0, 8.0], [0.9632625293595859, 58.16519332273708, -28.0, 8.0], [0.9546568780939312, 59.553582727488816, -28.0, 8.0], [0.9563498416500251, 60.9389799263613, -28.0, 8.0], [0.9747440454983326, 62.31744984458565, -28.0, 8.0], [1.016242115109319, 63.68505740739295, -28.0, 8.0], [1.0872466759534496, 65.03786754001432, -28.0, 8.0], [1.1941603535011907, 66.37194516768092, -28.0, 8.0], [1.3433857732230048, 67.6833552156238, -28.0, 8.0], [1.5413255605893594, 68.96816260907416, -28.0, 8.0], [1.7943823410707203, 70.22243227326304, -28.0, 8.0], [2.1089587401375485, 71.44222913342158, -28.0, 8.0], [2.4914573832603155, 72.62361811478094, -28.0, 8.0], [2.9482808959094835, 73.76266414257216, -28.0, 8.0], [3.4858319035555168, 74.8554321420264, -28.0, 8.0], [4.105903114538666, 75.93098750606622, -28.0, 8.0], [4.802300560714127, 77.01660044372773, -28.0, 8.0], [5.569446852824791, 78.10564310441265, -28.0, 8.0], [6.401764601613544, 79.19148763752253, -28.0, 8.0], [7.293676417823278, 80.26750619245905, -28.0, 8.0], [8.23960491219688, 81.32707091862382, -28.0, 8.0], [9.233972695477233, 82.36355396541839, -28.0, 8.0], [10.271202378407228, 83.37032748224448, -28.0, 8.0], [11.345716571729763, 84.34076361850367, -28.0, 8.0], [12.451937886187714, 85.26823452359756, -28.0, 8.0], [13.584288932523972, 86.14611234692777, -28.0, 8.0], [14.737192321481437, 86.96776923789596, -28.0, 8.0], [15.905070663802974, 87.72657734590372, -28.0, 8.0], [17.08234657023149, 88.4159088203527, -28.0, 8.0], [18.263442651509873, 89.02913581064449, -28.0, 8.0], [19.442781518381, 89.55963046618072, -28.0, 8.0], [20.61478578158777, 90.00076493636304, -28.0, 8.0], [21.77387805187308, 90.34591137059304, -28.0, 8.0], [22.91448093997979, 90.58844191827234, -28.0, 8.0], [24.05456769545742, 90.7108754599246, -28.0, 8.0], [25.214727751519543, 90.70747079962916, -28.0, 8.0], [26.39330799440522, 90.58920997212145, -28.0, 8.0], [27.588655310353456, 90.3670750121367, -28.0, 8.0], [28.799116585603304, 90.0520479544102, -28.0, 8.0], [30.023038706393784, 89.65511083367734, -28.0, 8.0], [31.258768558963922, 89.18724568467334, -28.0, 8.0], [32.50465302955277, 88.65943454213354, -28.0, 8.0], [33.759039004399355, 88.08265944079326, -28.0, 8.0], [35.020273369742696, 87.46790241538778, -28.0, 8.0], [36.28670301182182, 86.82614550065242, -28.0, 8.0], [37.5566748168758, 86.16837073132248, -28.0, 8.0], [38.82853567114362, 85.50556014213328, -28.0, 8.0], [40.10063246086434, 84.84869576782012, -28.0, 8.0], [41.37131207227699, 84.20875964311828, -28.0, 8.0], [42.638921391620585, 83.59673380276314, -28.0, 8.0], [43.9018073051342, 83.02360028148992, -28.0, 8.0], [45.15831669905683, 82.50034111403399, -28.0, 8.0], [46.4067964596275, 82.03793833513062, -28.0, 8.0], [47.65098886201892, 81.61020314544254, -28.0, 8.0], [48.89576381063762, 81.18375073394701, -28.0, 8.0], [50.14115963557348, 80.75876911785126, -28.0, 8.0], [51.38721466691635, 80.3354463143625, -28.0, 8.0], [52.63396723475611, 79.91397034068788, -28.0, 8.0], [53.881455669182614, 79.49452921403461, -28.0, 8.0], [55.12971830028569, 79.07731095160987, -28.0, 8.0], [56.378793458155236, 78.66250357062088, -28.0, 8.0], [57.6287194728811, 78.25029508827481, -28.0, 8.0], [58.87953467455314, 77.84087352177883, -28.0, 8.0], [60.131277393261215, 77.43442688834018, -28.0, 8.0], [61.38398595909519, 77.031143205166, -28.0, 8.0], [62.63769870214492, 76.63121048946356, -28.0, 8.0], [63.89245395250026, 76.23481675843995, -28.0, 8.0], [65.14829004025108, 75.84215002930242, -28.0, 8.0], [66.40524529548723, 75.45339831925818, -28.0, 8.0], [67.66335804829859, 75.0687496455144, -28.0, 8.0], [68.92266662877502, 74.68839202527825, -28.0, 8.0], [70.18320936700634, 74.31251347575693, -28.0, 8.0], [71.44866168831368, 73.9502335717255, -28.0, 8.0], [72.72183682858098, 73.60842248057818, -28.0, 8.0], [74.0014798337425, 73.28389410845111, -28.0, 8.0], [75.28633574973234, 72.9734623614803, -28.0, 8.0], [76.57514962248476, 72.67394114580182, -28.0, 8.0], [77.86666649793392, 72.38214436755176, -28.0, 8.0], [79.159631422014, 72.09488593286615, -28.0, 8.0], [80.45278944065922, 71.80897974788107, -28.0, 8.0], [81.74488559980375, 71.52123971873257, -28.0, 8.0], [83.03466494538179, 71.22847975155673, -28.0, 8.0], [84.3208725233275, 70.9275137524896, -28.0, 8.0], [85.60225337957512, 70.61515562766725, -28.0, 8.0], [86.87755256005879, 70.28821928322574, -28.0, 8.0], [88.14551511071271, 69.94351862530114, -28.0, 8.0], [89.40488607747113, 69.57786756002949, -28.0, 8.0], [90.65441050626815, 69.18807999354689, -28.0, 8.0], [91.89283344303803, 68.77096983198939, -28.0, 8.0], [93.11889993371496, 68.32335098149305, -28.0, 8.0], [94.33135502423305, 67.84203734819391, -28.0, 8.0], [95.52545999066251, 67.31072223794216, -28.0, 8.0], [96.6990165118025, 66.72049877764513, -28.0, 8.0], [97.85458023768088, 66.07928060502478, -28.0, 8.0], [98.9947068183254, 65.39498135780296, -28.0, 8.0], [100.12195190376391, 64.6755146737016, -28.0, 8.0], [101.23887114402422, 63.92879419044259, -28.0, 8.0], [102.34802018913409, 