{"control_nodes": [[-4.592425496802574e-15, -25.0, -28.0, 8.0], [0.0, 0.0, -28.0, 8.0], [0.43631016093208996, 24.996192378909782, -28.0, 8.0], [0.8726203218641799, 49.992384757819565, -28.0, 8.0], [-8.895657890367666, 73.00500609413058, -28.0, 8.0], [1.6697986531498206, 95.66270077004683, -28.0, 8.0], [26.12348867149496, 90.46490849960284, -28.0, 8.0], [35.08268741012747, 67.1253978371728, -28.0, 8.0], [58.72065180011039, 58.98619397574388, -28.0, 8.0], [71.59660367286175, 80.41537649329669, -28.0, 8.0], [96.45965105706858, 77.80216491160536, -28.0, 8.0], [121.36451850936223, 75.62327134291391, -28.0, 8.0]], "sample_nodes": [[0.0, 0.0, -28.0, 8.0], [0.012658656076029565, 1.3156790032662282, -28.0, 8.0], [0.02754370894935066, 2.6313385770619515, -28.0, 8.0], [0.044464324608766974, 3.9469803867703668, -28.0, 8.0], [0.06322966904308198, 5.262606097774648, -28.0, 8.0], [0.08364890824109937, 6.578217375457992, -28.0, 8.0], [0.10553120819162266, 7.893815885203578, -28.0, 8.0], [0.12868573488345536, 9.20940329239459, -28.0, 8.0], [0.15292165430540106, 10.524981262414212, -28.0, 8.0], [0.17804813244626355, 11.840551460645646, -28.0, 8.0], [0.20387433529484628, 13.156115552472063, -28.0, 8.0], [0.2302094288399526, 14.471675203276643, -28.0, 8.0], [0.2568625790703865, 15.78723207844259, -28.0, 8.0], [0.28364295197495115, 17.10278784335307, -28.0, 8.0], [0.31035971354245045, 18.418344163391282, -28.0, 8.0], [0.33682202976168785, 19.733902703940412, -28.0, 8.0], [0.36283906662146675, 21.049465130383634, -28.0, 8.0], [0.38821999011059116, 22.36503310810415, -28.0, 8.0], [0.41277396621786433, 23.68060830248514, -28.0, 8.0], [0.43631016093208996, 24.996192378909782, -28.0, 8.0], [0.4726637494223889, 26.31438418357079, -28.0, 8.0], [0.5328215971298653, 27.637203067497214, -28.0, 8.0], [0.6123204054512994, 28.963781453326813, -28.0, 8.0], [0.7066968757834688, 30.293251763697295, -28.0, 8.0], [0.8114877095231545, 31.624746421246414, -28.0, 8.0], [0.9222296080671342, 32.95739784861188, -28.0, 8.0], [1.0344592728121873, 34.29033846843144, -28.0, 8.0], [1.143713405155093, 35.622700703342815, -28.0, 8.0], [1.2455287064926315, 36.953616975983756, -28.0, 8.0], [1.3354418782215807, 38.282219708991974, -28.0, 8.0], [1.4089896217387199, 39.607641325005204, -28.0, 8.0], [1.4617086384408284, 40.929014246661204, -28.0, 8.0], [1.4891356297246856, 42.24547089659766, -28.0, 8.0], [1.4868072969870705, 43.55614369745234, -28.0, 8.0], [1.450260341624762, 44.860165071862966, -28.0, 8.0], [1.37503146503454, 46.15666744246727, -28.0, 8.0], [1.2566573686131828, 47.44478323190298, -28.0, 8.0], [1.0906747537574697, 48.723644862807845, -28.0, 8.0], [0.8726203218641799, 49.992384757819565, -28.0, 8.0], [0.5728377397144663, 51.25089024714058, -28.0, 8.0], [0.1735508057419331, 52.50010193854284, -28.0, 8.0], [-0.311883581177968, 53.74073217101845, -28.0, 8.0], [-0.8701085221697796, 54.97349328355945, -28.0, 8.0], [-1.4877671183580523, 56.19909761515794, -28.0, 8.0], [-2.151502470867328, 57.41825750480595, -28.0, 8.0], [-2.847957680822153, 58.631685291495586, -28.0, 8.0], [-3.563775849347072, 59.84009331421889, -28.0, 8.0], [-4.285600077566636, 61.04419391196796, -28.0, 8.0], [-5.00007346660539, 62.24469942373486, -28.0, 8.0], [-5.6938391175878715, 63.442322188511625, -28.0, 8.0], [-6.35354013163864, 64.63777454529038, -28.0, 8.0], [-6.965819609882226, 65.83176883306317, -28.0, 8.0], [-7.517320653443186, 67.02501739082206, -28.0, 8.0], [-7.994686363446065, 68.21823255755912, -28.0, 8.0], [-8.384559841015404, 69.41212667226645, -28.0, 8.0], [-8.673584187275756, 70.60741207393608, -28.0, 8.0], [-8.848402503351663, 71.80480110156009, -28.0, 8.0], [-8.895657890367666, 73.00500609413058, -28.0, 8.0], [-8.838059015822546, 74.24244963976507, -28.0, 8.0], [-8.709098575327, 75.54306060893475, -28.0, 8.0], [-8.511595712173452, 76.8948107641622, -28.0, 8.0], [-8.248369569654336, 78.28567186796991, -28.0, 8.0], [-7.922239291062073, 79.70361568288043, -28.0, 8.0], [-7.536024019689098, 81.13661397141634, -28.0, 8.0], [-7.092542898827834, 82.57263849610014, -28.0, 8.0], [-6.594615071770713, 83.99966101945438, -28.0, 8.0], [-6.045059681810164, 85.4056533040016, -28.0, 8.0], [-5.4466958722386085, 86.77858711226435, -28.0, 8.0], [-4.802342786348479, 88.10643420676517, -28.0, 8.0], [-4.114819567432204, 89.37716635002658, -28.0, 8.0], [-3.386945358782217, 90.57875530457113, -28.0, 8.0], [-2.621539303690936, 91.6991728329214, -28.0, 8.0], [-1.8214205454507928, 92.72639069759987, -28.0, 8.0], [-0.9894082273542225, 93.64838066112911, -28.0, 8.0], [-0.12832149269364235, 94.45311448603165, -28.0, 8.0], [0.7590205152385151, 95.12856393483005, -28.0, 8.0], [1.6697986531498203, 95.66270077004683, -28.0, 8.0], [2.649145306483826, 96.07084500990806, -28.0, 8.0], [3.73550464856172, 96.37916791300717, -28.0, 8.0], [4.916025217907553, 96.59191810241808, -28.0, 8.0], [6.177855553045351, 96.71334420121453, -28.0, 8.0], [7.508144192499165, 96.7476948324703, -28.0, 8.0], [8.894039674793023, 96.6992186192592, -28.0, 8.0], [10.322690538450965, 96.57216418465501, -28.0, 8.0], [11.781245321997028, 96.37078015173151, -28.0, 8.0], [13.256852563955263, 96.09931514356249, -28.0, 8.0], [14.736660802849698, 95.76201778322176, -28.0, 8.0], [16.207818577204364, 95.36313669378309, -28.0, 8.0], [17.65747442554332, 94.90692049832026, -28.0, 8.0], [19.072776886390578, 94.39761781990711, -28.0, 8.0], [20.440874498270198, 93.83947728161735, -28.0, 8.0], [21.748915799706214, 93.23674750652484, -28.0, 8.0], [22.98404932922265, 92.59367711770335, -28.0, 8.0], [24.13342362534357, 91.91451473822669, -28.0, 8.0], [25.184187226592993, 91.20350899116856, -28.0, 8.0], [26.12348867149496, 90.46490849960284, -28.0, 8.0], [26.941723026517217, 89.64505025046383, -28.0, 8.0], [27.646651149550607, 88.69716093957592, -28.0, 8.0], [28.251470266253882, 87.63582375334812, -28.0, 8.0], [28.769377602285743, 86.47562187818932, -28.0, 8.0], [29.213570383304923, 85.23113850050848, -28.0, 8.0], [29.597245834970153, 83.91695680671455, -28.0, 8.0], [29.93360118294014, 82.54765998321646, -28.0, 8.0], [30.235833652873623, 81.13783121642322, -28.0, 8.0], [30.51714047042933, 79.7020536927437, -28.0, 8.0], [30.790718861265965, 78.25491059858687, -28.0, 8.0], [31.069766051042258, 76.81098512036169, -28.0, 8.0], [31.367479265416954, 75.38486044447707, -28.0, 8.0], [31.697055730048753, 73.99111975734202, -28.0, 8.0], [32.07169267059639, 72.64434624536543, -28.0, 8.0], [32.504587312718584, 71.35912309495626, -28.0, 8.0], [33.00893688207407, 70.15003349252348, -28.0, 8.0], [33.59793860432156, 69.03166062447602, -28.0, 8.0], [34.28478970511979, 68.0185876772228, -28.0, 8.0], [35.08268741012747, 67.1253978371728, -28.0, 8.0], [35.99422017320084, 66.29921067094611, -28.0, 8.0], [37.00576007989176, 65.4816131760959, -28.0, 8.0], [38.106179803402526, 64.67888968543075, -28.0, 8.0], [39.28435201693537, 63.89732453175923, -28.0, 8.0], [40.52914939369256, 63.14320204788987, -28.0, 8.0], [41.82944460687635, 62.422806566631266, -28.0, 8.0], [43.17411032968897, 61.74242242079197, -28.0, 8.0], [44.552019235332686, 61.108333943180554, -28.0, 8.0], [45.95204399700976, 60.52682546660557, -28.0, 8.0], [47.36305728792244, 60.004181323875585, -28.0, 8.0], [48.77393178127295, 59.54668584779916, -28.0, 8.0], [50.173540150263605, 59.16062337118487, -28.0, 8.0], [51.55075506809659, 58.85227822684128, -28.0, 8.0], [52.894449207974205, 58.62793474757694, -28.0, 8.0], [54.193495243098695, 58.493877266200414, -28.0, 8.0], [55.4367658466723, 58.4563901155203, -28.0, 8.0], [56.61313369189729, 58.52175762834512, -28.0, 8.0], [57.711471451975896, 58.69626413748348, -28.0, 8.0], [58.72065180011039, 58.98619397574388, -28.0, 8.0], [59.636788378948665, 59.447228797486815, -28.0, 8.0], [60.470046408977105, 60.115228457960185, -28.0, 8.0], [61.23037593015586, 60.966744591303915, -28.0, 8.0], [61.92772698244491, 61.97832883165782, -28.0, 8.0], [62.57204960580436, 63.12653281316179, -28.0, 8.0], [63.17329384019426, 