{"control_nodes": [[-4.592425496802574e-15, -25.0, -28.0, 8.0], [0.0, 0.0, -28.0, 8.0], [0.43631016093208996, 24.996192378909782, -28.0, 8.0], [0.8726203218641799, 49.992384757819565, -28.0, 8.0], [-14.860389454381753, 69.42103379424384, -28.0, 8.0], [-39.72343683858858, 66.80782221255251, -28.0, 8.0], [-63.21575235823629, 58.25731862941079, -28.0, 8.0], [-87.24729475669426, 51.36638473398581, -28.0, 8.0], [-94.97271961606795, 27.58997182660697, -28.0, 8.0], [-111.04240985823144, 8.438860748632518, -28.0, 8.0], [-135.0739522566894, 15.329794644057493, -28.0, 8.0], [-159.10549465514737, 22.220728539482472, -28.0, 8.0]], "sample_nodes": [[0.0, 0.0, -28.0, 8.0], [0.012658656076029565, 1.3156790032662282, -28.0, 8.0], [0.02754370894935066, 2.6313385770619515, -28.0, 8.0], [0.044464324608766974, 3.9469803867703668, -28.0, 8.0], [0.06322966904308198, 5.262606097774648, -28.0, 8.0], [0.08364890824109937, 6.578217375457992, -28.0, 8.0], [0.10553120819162266, 7.893815885203578, -28.0, 8.0], [0.12868573488345536, 9.20940329239459, -28.0, 8.0], [0.15292165430540106, 10.524981262414212, -28.0, 8.0], [0.17804813244626355, 11.840551460645646, -28.0, 8.0], [0.20387433529484628, 13.156115552472063, -28.0, 8.0], [0.2302094288399526, 14.471675203276643, -28.0, 8.0], [0.2568625790703865, 15.78723207844259, -28.0, 8.0], [0.28364295197495115, 17.10278784335307, -28.0, 8.0], [0.31035971354245045, 18.418344163391282, -28.0, 8.0], [0.33682202976168785, 19.733902703940412, -28.0, 8.0], [0.36283906662146675, 21.049465130383634, -28.0, 8.0], [0.38821999011059116, 22.36503310810415, -28.0, 8.0], [0.41277396621786433, 23.68060830248514, -28.0, 8.0], [0.43631016093208996, 24.996192378909782, -28.0, 8.0], [0.48049033989857015, 26.319086873569184, -28.0, 8.0], [0.5623887167065498, 27.654968785268924, -28.0, 8.0], [0.6749331292607489, 29.00140297331396, -28.0, 8.0], [0.8110514154658848, 30.355954297009205, -28.0, 8.0], [0.9636714132266777, 31.71618761565962, -28.0, 8.0], [1.1257209604478453, 33.07966778857011, -28.0, 8.0], [1.2901278950341062, 34.443959675045626, -28.0, 8.0], [1.4498200548901798, 35.80662813439109, -28.0, 8.0], [1.5977252779207851, 37.165238025911464, -28.0, 8.0], [1.7267714020306406, 38.517354208911655, -28.0, 8.0], [1.8298862651244638, 39.860541542696595, -28.0, 8.0], [1.899997705106975, 41.19236488657124, -28.0, 8.0], [1.9300335598828928, 42.51038909984049, -28.0, 8.0], [1.9129216673569354, 43.812179041809316, -28.0, 8.0], [1.841589865433821, 45.09529957178263, -28.0, 8.0], [1.7089659920182712, 46.35731554906539, -28.0, 8.0], [1.5079778850150016, 47.595791832962504, -28.0, 8.0], [1.2315533823287312, 48.80829328277892, -28.0, 8.0], [0.8726203218641799, 49.992384757819565, -28.0, 8.0], [0.4384438586872884, 51.1753649399445, -28.0, 8.0], [-0.056943509296986675, 52.38135222994269, -28.0, 8.0], [-0.610462929925411, 53.60314106551255, -28.0, 8.0], [-1.2190355510347417, 54.83352588435243, -28.0, 8.0], [-1.8795825204617456, 56.06530112416072, -28.0, 8.0], [-2.5890249860431815, 57.29126122263575, -28.0, 8.0], [-3.3442840956158095, 58.5042006174759, -28.0, 8.0], [-4.142280997016391, 59.696913746379565, -28.0, 8.0], [-4.979936838081695, 60.86219504704508, -28.0, 8.0], [-5.854172766648478, 61.99283895717083, -28.0, 8.0], [-6.761909930553497, 63.08163991445517, -28.0, 8.0], [-7.700069477633529, 64.1213923565965, -28.0, 8.0], [-8.665572555725312, 65.10489072129316, -28.0, 8.0], [-9.655340312665627, 66.0249294462435, -28.0, 8.0], [-10.666293896291231, 66.87430296914596, -28.0, 8.0], [-11.69535445443888, 67.64580572769883, -28.0, 8.0], [-12.739443134945345, 68.33223215960054, -28.0, 8.0], [-13.795481085647383, 68.92637670254943, -28.0, 8.0], [-14.860389454381753, 69.42103379424384, -28.0, 8.0], [-15.955130757777301, 69.81188489019914, -28.0, 8.0], [-17.099658185405463, 70.1041110481735, -28.0, 8.0], [-18.289378894516943, 70.30475610922986, -28.0, 8.0], [-19.519700042362416, 70.420863914431, -28.0, 8.0], [-20.78602878619256, 70.45947830483978, -28.0, 8.0], [-22.08377228325807, 70.42764312151904, -28.0, 8.0], [-23.40833769080962, 70.3324022055316, -28.0, 8.0], [-24.7551321660979, 70.18079939794029, -28.0, 8.0], [-26.1195628663736, 69.97987853980797, -28.0, 8.0], [-27.497036948887384, 69.73668347219746, -28.0, 8.0], [-28.88296157088994, 69.45825803617159, -28.0, 8.0], [-30.272743889631982, 69.15164607279321, -28.0, 8.0], [-31.661791062364152, 68.82389142312516, -28.0, 8.0], [-33.04551024633716, 68.48203792823026, -28.0, 8.0], [-34.419308598801685, 68.13312942917136, -28.0, 8.0], [-35.7785932770084, 67.78420976701132, -28.0, 8.0], [-37.118771438208, 67.44232278281294, -28.0, 8.0], [-38.435250239651175, 67.11451231763905, -28.0, 8.0], [-39.72343683858858, 66.80782221255251, -28.0, 8.0], [-40.99154172599814, 66.49584865715543, -28.0, 8.0], [-42.25139420849143, 66.14970709839716, -28.0, 8.0], [-43.503829666769775, 65.77272026336149, -28.0, 8.0], [-44.74968348153445, 65.36821087913218, -28.0, 8.0], [-45.9897910334867, 64.939501672793, -28.0, 8.0], [-47.224987703327876, 64.48991537142766, -28.0, 8.0], [-48.4561088717592, 64.02277470211996, -28.0, 8.0], [-49.683989919482, 63.541402391953646, -28.0, 8.0], [-50.90946622719755, 63.04912116801249, -28.0, 8.0], [-52.13337317560711, 62.54925375738023, -28.0, 8.0], [-53.356546145411976, 62.04512288714062, -28.0, 8.0], [-54.57982051731345, 61.54005128437744, -28.0, 8.0], [-55.80403167201281, 61.037361676174456, -28.0, 8.0], [-57.030014990211306, 60.540376789615394, -28.0, 8.0], [-58.25860585261028, 60.052419351784046, -28.0, 8.0], [-59.49063963991097, 59.57681208976415, -28.0, 8.0], [-60.72695173281467, 59.116877730639466, -28.0, 8.0], [-61.968377512022705, 58.67593900149377, -28.0, 8.0], [-63.21575235823629, 58.25731862941079, -28.0, 8.0], [-64.48923057799541, 57.87759737054639, -28.0, 8.0], [-65.80349766222218, 57.54573332166322, -28.0, 8.0], [-67.15118576819123, 57.25361522075533, -28.0, 8.0], [-68.52492705317707, 56.99313180581672, -28.0, 8.0], [-69.9173536744543, 56.75617181484141, -28.0, 8.0], [-71.32109778929751, 56.53462398582343, -28.0, 8.0], [-72.72879155498124, 56.3203770567568, -28.0, 8.0], [-74.13306712878011, 56.10531976563553, -28.0, 8.0], [-75.52655666796869, 55.88134085045367, -28.0, 8.0], [-76.90189232982152, 55.6403290492052, -28.0, 8.0], [-78.25170627161319, 55.37417309988415, -28.0, 8.0], [-79.5686306506183, 55.07476174048457, -28.0, 8.0], [-80.8452976241114, 54.733983709000455, -28.0, 8.0], [-82.07433934936707, 54.343727743425816, -28.0, 8.0], [-83.24838798365988, 53.895882581754705, -28.0, 8.0], [-84.36007568426446, 53.382336961981125, -28.0, 8.0], [-85.40203460845534, 52.79497962209912, -28.0, 8.0], [-86.36689691350708, 52.12569930010267, -28.0, 8.0], [-87.24729475669426, 51.36638473398581, -28.0, 8.0], [-88.02807490352625, 50.50773694624826, -28.0, 8.0], [-88.70618376299957, 49.552136746396855, -28.0, 8.0], [-89.29240295761994, 48.50899255293637, -28.0, 8.0], [-89.7975141098928, 47.38771278437153, -28.0, 8.0], [-90.23229884232373, 46.1977058592071, -28.0, 8.0], [-90.60753877741833, 44.94838019594781, -28.0, 8.0], [-90.9340155376821, 43.64914421309844, -28.0, 8.0], [-91.22251074562062, 42.309406329163714, -28.0, 8.0], [-91.48380602373948, 40.93857496264839, -28.0, 8.0], [-91.72868299454422, 39.54605853205721, -28.0, 8.0], [-91.96792328054035, 38.141265455894924, -28.0, 8.0], [-92.21230850423349, 36.733604152666295, -28.0, 8.0], [-92.47262028812916, 35.33248304087607, -28.0, 8.0], [-92.75964025473294, 33.947310539028976, -28.0, 8.0], [-93.08415002655039, 32.58749506562979, -28.0, 8.0], [-93.45693122608705, 31.262445039183252, -28.0, 8.0], [-93.8887654758485, 29.9815688781941, -28.0, 8.0], [-94.39043439834029, 28.754275001167095, -28.0, 8.0], [-94.97271961606795, 27.58997182660697, -28.0, 8.0], [-95.61096579131251, 26.438604513547798, -28.0, 8.0], [-96.27321833102665, 25.25009080078819, -28.0, 8.0], [-96.95930997472351, 24.033797976479782, -28.0, 8.0], [-97.66907346191621, 22.799093328774198, -28.0, 8.0], 