{"control_nodes": [[-4.592425496802574e-15, -25.0, -28.0, 8.0], [0.0, 0.0, -28.0, 8.0], [0.43631016093208996, 24.996192378909782, -28.0, 8.0], [0.8726203218641799, 49.992384757819565, -28.0, 8.0], [9.4231239050059, 73.48470027746727, -28.0, 8.0], [3.7993475464092743, 97.84395189709815, -28.0, 8.0], [15.149110039897945, 120.11911500180734, -28.0, 8.0], [-3.4295105970369093, 136.8473801607788, -28.0, 8.0], [-19.499200839200395, 155.99849123875327, -28.0, 8.0], [-29.6676169160954, 178.8371276798183, -28.0, 8.0], [-10.516505838120949, 194.9068179219818, -28.0, 8.0], [8.634605239853503, 210.9765081641453, -28.0, 8.0]], "sample_nodes": [[0.0, 0.0, -28.0, 8.0], [0.012658656076029565, 1.3156790032662282, -28.0, 8.0], [0.02754370894935066, 2.6313385770619515, -28.0, 8.0], [0.044464324608766974, 3.9469803867703668, -28.0, 8.0], [0.06322966904308198, 5.262606097774648, -28.0, 8.0], [0.08364890824109937, 6.578217375457992, -28.0, 8.0], [0.10553120819162266, 7.893815885203578, -28.0, 8.0], [0.12868573488345536, 9.20940329239459, -28.0, 8.0], [0.15292165430540106, 10.524981262414212, -28.0, 8.0], [0.17804813244626355, 11.840551460645646, -28.0, 8.0], [0.20387433529484628, 13.156115552472063, -28.0, 8.0], [0.2302094288399526, 14.471675203276643, -28.0, 8.0], [0.2568625790703865, 15.78723207844259, -28.0, 8.0], [0.28364295197495115, 17.10278784335307, -28.0, 8.0], [0.31035971354245045, 18.418344163391282, -28.0, 8.0], [0.33682202976168785, 19.733902703940412, -28.0, 8.0], [0.36283906662146675, 21.049465130383634, -28.0, 8.0], [0.38821999011059116, 22.36503310810415, -28.0, 8.0], [0.41277396621786433, 23.68060830248514, -28.0, 8.0], [0.43631016093208996, 24.996192378909782, -28.0, 8.0], [0.4486268583073047, 26.313754755425283, -28.0, 8.0], [0.44201556402843645, 27.634825227836412, -28.0, 8.0], [0.4200252765306262, 28.95874602816276, -28.0, 8.0], [0.386204994249014, 30.28485938842387, -28.0, 8.0], [0.3441037156187406, 31.612507540639342, -28.0, 8.0], [0.2972704390749464, 32.94103271682871, -28.0, 8.0], [0.24925416305277234, 34.26977714901156, -28.0, 8.0], [0.20360388598735854, 35.59808306920745, -28.0, 8.0], [0.16386860631384534, 36.92529270943596, -28.0, 8.0], [0.13359732246737363, 38.25074830171664, -28.0, 8.0], [0.11633903288308409, 39.573792078069076, -28.0, 8.0], [0.1156427359961168, 40.893766270512835, -28.0, 8.0], [0.1350574302416125, 42.21001311106745, -28.0, 8.0], [0.1781321140547119, 43.52187483175254, -28.0, 8.0], [0.2484157858705553, 44.82869366458763, -28.0, 8.0], [0.3494574441242828, 46.129811841592314, -28.0, 8.0], [0.4848060872510359, 47.42457159478616, -28.0, 8.0], [0.6580107136859548, 48.712315156188716, -28.0, 8.0], [0.8726203218641799, 49.992384757819565, -28.0, 8.0], [1.1495996160166584, 51.263204342145784, -28.0, 8.0], [1.5010482568443286, 52.52432766350741, -28.0, 8.0], [1.9172176774873244, 53.776791671733584, -28.0, 8.0], [2.3883593110857726, 55.02163331665338, -28.0, 8.0], [2.904724590779809, 56.25988954809591, -28.0, 8.0], [3.4565649497095605, 57.49259731589024, -28.0, 8.0], [4.034131821015157, 58.720793569865464, -28.0, 8.0], [4.6276766378367284, 59.945515259850666, -28.0, 8.0], [5.227450833314412, 61.16779933567496, -28.0, 8.0], [5.8237058405883335, 62.38868274716742, -28.0, 8.0], [6.406693092798621, 63.60920244415714, -28.0, 8.0], [6.966664023085413, 64.8303953764732, -28.0, 8.0], [7.49387006458883, 66.05329849394472, -28.0, 8.0], [7.97856265044901, 67.27894874640079, -28.0, 8.0], [8.410993213806083, 68.50838308367045, -28.0, 8.0], [8.781413187800176, 69.74263845558285, -28.0, 8.0], [9.080074005571424, 70.98275181196708, -28.0, 8.0], [9.297227100259956, 72.22976010265218, -28.0, 8.0], [9.4231239050059, 73.48470027746727, -28.0, 8.0], [9.439640632727064, 74.74902495790522, -28.0, 8.0], [9.344234861600842, 76.0226349831074, -28.0, 8.0], [9.150530072656759, 77.30423962937587, -28.0, 8.0], [8.872149746924325, 78.59254817301255, -28.0, 8.0], [8.52271736543307, 79.88626989031947, -28.0, 8.0], [8.115856409212503, 81.18411405759859, -28.0, 8.0], [7.665190359292147, 82.48478995115187, -28.0, 8.0], [7.184342696701525, 83.7870068472813, -28.0, 8.0], [6.6869369024701495, 85.0894740222889, -28.0, 8.0], [6.186596457627539, 86.3909007524766, -28.0, 8.0], [5.6969448432032195, 87.68999631414641, -28.0, 8.0], [5.231605540226703, 88.9854699836003, -28.0, 8.0], [4.8042020297275165, 90.27603103714024, -28.0, 8.0], [4.42835779273517, 91.56038875106825, -28.0, 8.0], [4.117696310279189, 92.83725240168624, -28.0, 8.0], [3.88584106338909, 94.10533126529626, -28.0, 8.0], [3.7464155330943916, 95.36333461820027, -28.0, 8.0], [3.713043200424613, 96.60997173670025, -28.0, 8.0], [3.7993475464092743, 97.84395189709815, -28.0, 8.0], [4.035082553594783, 99.07283049481342, -28.0, 8.0], [4.427243860519285, 100.30401369511061, -28.0, 8.0], [4.9553174321999105, 101.53598692905952, -28.0, 8.0], [5.598789233653781, 102.76723562772992, -28.0, 8.0], [6.337145229898031, 103.99624522219156, -28.0, 8.0], [7.149871385949781, 105.22150114351425, -28.0, 8.0], [8.016453666826155, 106.44148882276772, -28.0, 8.0], [8.916378037544288, 107.65469369102175, -28.0, 8.0], [9.82913046312131, 108.8596011793461, -28.0, 8.0], [10.734196908574335, 110.05469671881059, -28.0, 8.0], [11.611063338920495, 111.23846574048488, -28.0, 8.0], [12.439215719176925, 112.40939367543888, -28.0, 8.0], [13.198140014360739, 113.56596595474225, -28.0, 8.0], [13.867322189489073, 114.70666800946482, -28.0, 8.0], [14.426248209579052, 115.82998527067633, -28.0, 8.0], [14.854404039647799, 116.93440316944658, -28.0, 8.0], [15.13127564471245, 118.01840713684531, -28.0, 8.0], [15.236348989790123, 119.08048260394233, -28.0, 8.0], [15.149110039897945, 120.11911500180734, -28.0, 8.0], [14.874862429990113, 121.1273808680163, -28.0, 8.0], [14.442044139825516, 122.10169033200845, -28.0, 8.0], [13.864842651628319, 123.04552921264876, -28.0, 8.0], [13.157445447622697, 123.962383328802, -28.0, 8.0], [12.334040010032822, 124.85573849933314, -28.0, 8.0], [11.408813821082859, 125.72908054310702, -28.0, 8.0], [10.395954362996982, 126.58589527898853, -28.0, 8.0], [9.309649117999363, 127.42966852584257, -28.0, 8.0], [8.164085568314166, 128.263886102534, -28.0, 8.0], [6.973451196165562, 129.0920338279277, -28.0, 8.0], [5.751933483777729, 129.91759752088853, -28.0, 8.0], [4.5137199133748265, 130.74406300028144, -28.0, 8.0], [3.2729979671810425, 131.57491608497122, -28.0, 8.0], [2.043955127420528, 132.41364259382289, -28.0, 8.0], [0.8407788763174613, 133.26372834570114, -28.0, 8.0], [-0.3223433039039794, 134.128659159471, -28.0, 8.0], [-1.4312239310196389, 135.01192085399734, -28.0, 8.0], [-2.4716755228053393, 135.91699924814498, -28.0, 8.0], [-3.4295105970369093, 136.8473801607788, -28.0, 8.0], [-4.342284524557161, 137.79327057220942, -28.0, 8.0], [-5.256021831990997, 138.74292234846806, -28.0, 8.0], [-6.169238770787397, 139.6968886370008, -28.0, 8.0], [-7.08045159239533, 140.65572258525364, -28.0, 8.0], [-7.988176548263771, 141.61997734067262, -28.0, 8.0], [-8.890929889841694, 142.59020605070373, -28.0, 8.0], [-9.787227868578071, 143.56696186279302, -28.0, 8.0], [-10.675586735921875, 144.55079792438647, -28.0, 8.0], [-11.554522743322085, 145.54226738293016, -28.0, 8.0], [-12.422552142227666, 146.54192338587004, -28.0, 8.0], [-13.278191184087596, 147.5503190806522, -28.0, 8.0], [-14.119956120350846, 148.56800761472263, -28.0, 8.0], [-14.946363202466394, 149.59554213552738, -28.0, 8.0], [-15.755928681883216, 150.63347579051245, -28.0, 8.0], [-16.54716881005027, 151.68236172712383, -28.0, 8.0], [-17.318599838416546, 152.7427530928076, -28.0, 8.0], [-18.06873801843101, 153.81520303500974, -28.0, 8.0], [-18.796099601542632, 154.90026470117633, -28.0, 8.0], [-19.49920083920039, 155.99849123875327, -28.0, 8.0], [-20.21223194620236, 157.1223123733493, -28.0, 8.0], [-20.963543828637093, 158.28074008716825, -28.0, 8.0], [-21.742893774889414, 159.4692009125494, -28.0, 8.0], [-22.54003907334408, 160.68312138183177, -28.0, 8.0], [-23.344737012385878, 