{"control_nodes": [[-4.592425496802574e-15, -25.0, -28.0, 8.0], [0.0, 0.0, -28.0, 8.0], [0.43631016093208996, 24.996192378909782, -28.0, 8.0], [0.8726203218641799, 49.992384757819565, -28.0, 8.0], [-10.47714217162449, 72.26754786252876, -28.0, 8.0], [-14.818346613297747, 96.88774168783397, -28.0, 8.0], [-39.177598232928624, 102.5115180464306, -28.0, 8.0], [-48.54276306832642, 125.69111441060028, -28.0, 8.0], [-52.88396750999968, 150.31130823590547, -28.0, 8.0], [-30.045331068934658, 160.47972431280047, -28.0, 8.0], [-23.997283678942967, 184.7371174697004, -28.0, 8.0], [-17.949236288951276, 208.99451062660032, -28.0, 8.0]], "sample_nodes": [[0.0, 0.0, -28.0, 8.0], [0.012658656076029565, 1.3156790032662282, -28.0, 8.0], [0.02754370894935066, 2.6313385770619515, -28.0, 8.0], [0.044464324608766974, 3.9469803867703668, -28.0, 8.0], [0.06322966904308198, 5.262606097774648, -28.0, 8.0], [0.08364890824109937, 6.578217375457992, -28.0, 8.0], [0.10553120819162266, 7.893815885203578, -28.0, 8.0], [0.12868573488345536, 9.20940329239459, -28.0, 8.0], [0.15292165430540106, 10.524981262414212, -28.0, 8.0], [0.17804813244626355, 11.840551460645646, -28.0, 8.0], [0.20387433529484628, 13.156115552472063, -28.0, 8.0], [0.2302094288399526, 14.471675203276643, -28.0, 8.0], [0.2568625790703865, 15.78723207844259, -28.0, 8.0], [0.28364295197495115, 17.10278784335307, -28.0, 8.0], [0.31035971354245045, 18.418344163391282, -28.0, 8.0], [0.33682202976168785, 19.733902703940412, -28.0, 8.0], [0.36283906662146675, 21.049465130383634, -28.0, 8.0], [0.38821999011059116, 22.36503310810415, -28.0, 8.0], [0.41277396621786433, 23.68060830248514, -28.0, 8.0], [0.43631016093208996, 24.996192378909782, -28.0, 8.0], [0.4747388855255106, 26.31535183542739, -28.0, 8.0], [0.5406610001861027, 27.6408586411777, -28.0, 8.0], [0.6289214942762726, 28.97152266817961, -28.0, 8.0], [0.7343653571584243, 30.306153788451955, -28.0, 8.0], [0.8518375781949644, 31.643561874013628, -28.0, 8.0], [0.9761831467482971, 32.98255679688347, -28.0, 8.0], [1.1022470521808279, 34.321948429080365, -28.0, 8.0], [1.2248742838549624, 35.66054664262315, -28.0, 8.0], [1.338909831133106, 36.99716130953074, -28.0, 8.0], [1.4391986833776633, 38.330602301821955, -28.0, 8.0], [1.5205858299510397, 39.659679491515675, -28.0, 8.0], [1.5779162602156411, 40.98320275063078, -28.0, 8.0], [1.6060349635338718, 42.299981951186105, -28.0, 8.0], [1.5997869292681381, 43.608826965200535, -28.0, 8.0], [1.5540171467808443, 44.90854766469295, -28.0, 8.0], [1.4635706054343973, 46.19795392168218, -28.0, 8.0], [1.3232922945912005, 47.47585560818713, -28.0, 8.0], [1.1280272036136596, 48.74106259622663, -28.0, 8.0], [0.8726203218641799, 49.992384757819565, -28.0, 8.0], [0.5444387337901766, 51.2259516548505, -28.0, 8.0], [0.13976648064345643, 52.440163468614685, -28.0, 8.0], [-0.3331760130069923, 53.63723600024706, -28.0, 8.0], [-0.8661683225921757, 54.819385050882524, -28.0, 8.0], [-1.4509900235431064, 55.98882642165599, -28.0, 8.0], [-2.0794206912907915, 57.147775913702404, -28.0, 8.0], [-2.743239901266238, 58.298449328156636, -28.0, 8.0], [-3.4342272289004567, 59.44306246615364, -28.0, 8.0], [-4.144162249624461, 60.58383112882833, -28.0, 8.0], [-4.8648245388692555, 61.722971117315595, -28.0, 8.0], [-5.5879936720658465, 62.86269823275036, -28.0, 8.0], [-6.305449224645253, 64.00522827626756, -28.0, 8.0], [-7.00897077203847, 65.15277704900208, -28.0, 8.0], [-7.690337889676517, 66.3075603520889, -28.0, 8.0], [-8.341330152990404, 67.47179398666286, -28.0, 8.0], [-8.95372713741113, 68.64769375385889, -28.0, 8.0], [-9.519308418369718, 69.83747545481197, -28.0, 8.0], [-10.029853571297169, 71.04335489065697, -28.0, 8.0], [-10.47714217162449, 72.26754786252876, -28.0, 8.0], [-10.844892395160944, 73.53288723436125, -28.0, 8.0], [-11.130183326284378, 74.85450576564672, -28.0, 8.0], [-11.34483590327871, 76.22306910085791, -28.0, 8.0], [-11.500671064427841, 77.62924288446746, -28.0, 8.0], [-11.609509748015682, 79.06369276094804, -28.0, 8.0], [-11.683172892326137, 80.51708437477234, -28.0, 8.0], [-11.733481435643114, 81.98008337041301, -28.0, 8.0], [-11.772256316250521, 83.44335539234277, -28.0, 8.0], [-11.811318472432266, 84.8975660850343, -28.0, 8.0], [-11.862488842472247, 86.33338109296022, -28.0, 8.0], [-11.937588364654385, 87.74146606059323, -28.0, 8.0], [-12.048437977262576, 89.11248663240602, -28.0, 8.0], [-12.206858618580736, 90.43710845287123, -28.0, 8.0], [-12.424671226892766, 91.7059971664616, -28.0, 8.0], [-12.713696740482572, 92.90981841764976, -28.0, 8.0], [-13.085756097634068, 94.0392378509084, -28.0, 8.0], [-13.55267023663116, 95.08492111071021, -28.0, 8.0], [-14.126260095757749, 96.03753384152786, -28.0, 8.0], [-14.818346613297747, 96.88774168783397, -28.0, 8.0], [-15.647288583397719, 97.60936299050346, -28.0, 8.0], [-16.613355067242587, 98.19309717676764, -28.0, 8.0], [-17.701232403673796, 98.65493152063392, -28.0, 8.0], [-18.895606931532768, 99.01085329610976, -28.0, 8.0], [-20.181164989660957, 99.27684977720249, -28.0, 8.0], [-21.542592916899803, 99.4689082379196, -28.0, 8.0], [-22.96457705209074, 99.60301595226848, -28.0, 8.0], [-24.431803734075196, 99.69516019425652, -28.0, 8.0], [-25.92895930169462, 99.76132823789114, -28.0, 8.0], [-27.440730093790457, 99.81750735717978, -28.0, 8.0], [-28.951802449204138, 99.87968482612982, -28.0, 8.0], [-30.446862706777097, 99.96384791874868, -28.0, 8.0], [-31.910597205350776, 100.08598390904376, -28.0, 8.0], [-33.32769228376662, 100.26208007102255, -28.0, 8.0], [-34.682834280866075, 100.50812367869239, -28.0, 8.0], [-35.96070953549055, 100.84010200606068, -28.0, 8.0], [-37.146004386481515, 101.27400232713484, -28.0, 8.0], [-38.223405172680394, 101.82581191592239, -28.0, 8.0], [-39.17759823292862, 102.51151804643058, -28.0, 8.0], [-40.03123319548409, 103.31496258199151, -28.0, 8.0], [-40.820075962216734, 104.20463020266928, -28.0, 8.0], [-41.54848728238619, 105.17347240756982, -28.0, 8.0], [-42.22082790525203, 106.21444069579884, -28.0, 8.0], [-42.841458580073834, 107.32048656646218, -28.0, 8.0], [-43.414740056111214, 108.48456151866566, -28.0, 8.0], [-43.94503308262373, 109.69961705151503, -28.0, 8.0], [-44.43669840887098, 110.95860466411611, -28.0, 8.0], [-44.89409678411259, 112.25447585557473, -28.0, 8.0], [-45.3215889576081, 113.58018212499665, -28.0, 8.0], [-45.72353567861711, 114.92867497148767, -28.0, 8.0], [-46.10429769639924, 116.29290589415363, -28.0, 8.0], [-46.46823576021404, 117.66582639210031, -28.0, 8.0], [-46.81971061932114, 119.0403879644335, -28.0, 8.0], [-47.163083022980096, 120.40954211025898, -28.0, 8.0], [-47.502713720450515, 121.76624032868263, -28.0, 8.0], [-47.84296346099198, 123.10343411881021, -28.0, 8.0], [-48.18819299386409, 124.4140749797475, -28.0, 8.0], [-48.54276306832642, 125.69111441060028, -28.0, 8.0], [-48.9255703223244, 126.97185200820445, -28.0, 8.0], [-49.34614384550788, 128.2936523489365, -28.0, 8.0], [-49.79479306469317, 129.64956440121335, -28.0, 8.0], [-50.26182740669656, 131.03263713345186, -28.0, 8.0], [-50.737556298334354, 132.4359195140689, -28.0, 8.0], [-51.21228916642285, 133.85246051148138, -28.0, 8.0], [-51.67633543777831, 135.27530909410612, -28.0, 8.0], [-52.120004539217064, 136.69751423036007, -28.0, 8.0], [-52.53360589755539, 138.11212488866005, -28.0, 8.0], [-52.90744893960958, 139.51219003742293, -28.0, 8.0], [-53.231843092195916, 140.89075864506563, -28.0, 8.0], [-53.49709778213072, 142.240879680005, -28.0, 8.0], [-53.69352243623027, 143.55560211065796, -28.0, 8.0], [-53.811426481310846, 144.8279749054413, -28.0, 8.0], [-53.84111934418876, 146.05104703277203, -28.0, 8.0], [-53.77291045168032, 147.21786746106687, -28.0, 8.0], [-53.597109230601795, 148.32148515874286, -28.0, 8.0], [-53.30402510776949, 149.35494909421675, -28.0, 8.0], [-52.88396750999968, 150.31130823590547, -28.0, 8.0], [-52.30185221131467, 151.16933205939017, -28.0, 8.0], [-51.541876604171705, 151.9207461942213, -28.0, 8.0], [-50.6232725430396, 152.57803383976997, -28.0, 8.0], 