{"control_nodes": [[-4.592425496802574e-15, -25.0, -28.0, 8.0], [0.0, 0.0, -28.0, 8.0], [0.43631016093208996, 24.996192378909782, -28.0, 8.0], [0.8726203218641799, 49.992384757819565, -28.0, 8.0], [-23.66805926432742, 54.76260964223319, -28.0, 8.0], [-33.836475341222425, 77.60124608329821, -28.0, 8.0], [-39.03426761166641, 102.05493610164335, -28.0, 8.0], [-18.808842752292723, 116.74956740895517, -28.0, 8.0], [-21.42205433398406, 141.612614793162, -28.0, 8.0], [-32.77181682747273, 163.88777789787122, -28.0, 8.0], [-27.574024557028746, 188.34146791621635, -28.0, 8.0], [-21.950248198432124, 212.7007195358472, -28.0, 8.0]], "sample_nodes": [[0.0, 0.0, -28.0, 8.0], [0.012658656076029565, 1.3156790032662282, -28.0, 8.0], [0.02754370894935066, 2.6313385770619515, -28.0, 8.0], [0.044464324608766974, 3.9469803867703668, -28.0, 8.0], [0.06322966904308198, 5.262606097774648, -28.0, 8.0], [0.08364890824109937, 6.578217375457992, -28.0, 8.0], [0.10553120819162266, 7.893815885203578, -28.0, 8.0], [0.12868573488345536, 9.20940329239459, -28.0, 8.0], [0.15292165430540106, 10.524981262414212, -28.0, 8.0], [0.17804813244626355, 11.840551460645646, -28.0, 8.0], [0.20387433529484628, 13.156115552472063, -28.0, 8.0], [0.2302094288399526, 14.471675203276643, -28.0, 8.0], [0.2568625790703865, 15.78723207844259, -28.0, 8.0], [0.28364295197495115, 17.10278784335307, -28.0, 8.0], [0.31035971354245045, 18.418344163391282, -28.0, 8.0], [0.33682202976168785, 19.733902703940412, -28.0, 8.0], [0.36283906662146675, 21.049465130383634, -28.0, 8.0], [0.38821999011059116, 22.36503310810415, -28.0, 8.0], [0.41277396621786433, 23.68060830248514, -28.0, 8.0], [0.43631016093208996, 24.996192378909782, -28.0, 8.0], [0.49204727652045543, 26.338320846067813, -28.0, 8.0], [0.6060482550558941, 27.727630459152632, -28.0, 8.0], [0.7673886222358312, 29.155274753302994, -28.0, 8.0], [0.9651439037576881, 30.612407263657595, -28.0, 8.0], [1.1883896253188913, 32.090181525355185, -28.0, 8.0], [1.4262013126168622, 33.57975107353447, -28.0, 8.0], [1.6676544913490248, 35.07226944333417, -28.0, 8.0], [1.9018246872128033, 36.558890169893026, -28.0, 8.0], [2.1177874259056217, 38.030766788349766, -28.0, 8.0], [2.304618233124904, 39.4790528338431, -28.0, 8.0], [2.451392634568071, 40.89490184151175, -28.0, 8.0], [2.5471861559325504, 42.26946734649446, -28.0, 8.0], [2.5810743229157627, 43.59390288392992, -28.0, 8.0], [2.542132661215133, 44.85936198895689, -28.0, 8.0], [2.419436696528084, 46.056998196714076, -28.0, 8.0], [2.2020619545520423, 47.17796504234022, -28.0, 8.0], [1.8790839609844285, 48.21341606097403, -28.0, 8.0], [1.4395782415226663, 49.15450478775424, -28.0, 8.0], [0.8726203218641799, 49.992384757819565, -28.0, 8.0], [0.15206873079189426, 50.6974499587777, -28.0, 8.0], [-0.7294612619858958, 51.257158191196126, -28.0, 8.0], [-1.7547590193837233, 51.6882587096533, -28.0, 8.0], [-2.9066139043161074, 52.007500768727624, -28.0, 8.0], [-4.167815279697585, 52.231633622997535, -28.0, 8.0], [-5.521152508442675, 52.377406527041465, -28.0, 8.0], [-6.949414953465903, 52.46156873543784, -28.0, 8.0], [-8.435391977681796, 52.5008695027651, -28.0, 8.0], [-9.961872944004895, 52.51205808360166, -28.0, 8.0], [-11.511647215349711, 52.511883732525945, -28.0, 8.0], [-13.067504154630768, 52.517095704116386, -28.0, 8.0], [-14.612233124762612, 52.544443252951424, -28.0, 8.0], [-16.12862348865975, 52.610675633609475, -28.0, 8.0], [-17.599464609236712, 52.73254210066896, -28.0, 8.0], [-19.00754584940804, 52.92679190870834, -28.0, 8.0], [-20.335656572088233, 53.21017431230602, -28.0, 8.0], [-21.566586140191855, 53.59943856604045, -28.0, 8.0], [-22.683123916633406, 54.111333924490026, -28.0, 8.0], [-23.66805926432742, 54.76260964223319, -28.0, 8.0], [-24.54921402544759, 55.53577331053053, -28.0, 8.0], [-25.368625202674735, 56.39736875419545, -28.0, 8.0], [-26.130404899684127, 57.34019957813567, -28.0, 8.0], [-26.838665220151004, 58.35706938725886, -28.0, 8.0], [-27.49751826775063, 59.44078178647275, -28.0, 8.0], [-28.111076146158226, 60.584140380685014, -28.0, 8.0], [-28.68345095904906, 61.77994877480333, -28.0, 8.0], [-29.21875481009839, 63.02101057373544, -28.0, 8.0], [-29.721099802981456, 64.300129382389, -28.0, 8.0], [-30.194598041373503, 65.61010880567173, -28.0, 8.0], [-30.643361628949776, 66.94375244849128, -28.0, 8.0], [-31.071502669385545, 68.29386391575541, -28.0, 8.0], [-31.48313326635604, 69.6532468123718, -28.0, 8.0], [-31.882365523536528, 71.01470474324812, -28.0, 8.0], [-32.27331154460224, 72.37104131329207, -28.0, 8.0], [-32.660083433228436, 73.71506012741135, -28.0, 8.0], [-33.046793293090374, 75.03956479051368, -28.0, 8.0], [-33.43755322786328, 76.33735890750675, -28.0, 8.0], [-33.836475341222425, 77.60124608329821, -28.0, 8.0], [-34.26080148503984, 78.86294238676847, -28.0, 8.0], [-34.719068384193505, 80.15564493234126, -28.0, 8.0], [-35.202330451867546, 81.47437889323939, -28.0, 8.0], [-35.701642101246065, 82.81416944268562, -28.0, 8.0], [-36.2080577455132, 84.17004175390275, -28.0, 8.0], [-36.71263179785308, 85.53702100011354, -28.0, 8.0], [-37.20641867144981, 86.91013235454076, -28.0, 8.0], [-37.68047277948753, 88.28440099040725, -28.0, 8.0], [-38.125848535150354, 89.65485208093574, -28.0, 8.0], [-38.5336003516224, 91.01651079934902, -28.0, 8.0], [-38.89478264208779, 92.36440231886985, -28.0, 8.0], [-39.200449819730665, 93.6935518127211, -28.0, 8.0], [-39.441656297735136, 94.99898445412545, -28.0, 8.0], [-39.60945648928533, 96.27572541630572, -28.0, 8.0], [-39.694904807565365, 97.51879987248473, -28.0, 8.0], [-39.68905566575937, 98.72323299588517, -28.0, 8.0], [-39.582963477051464, 99.88404995972992, -28.0, 8.0], [-39.36768265462577, 100.99627593724173, -28.0, 8.0], [-39.03426761166641, 102.05493610164335, -28.0, 8.0], [-38.54026485220103, 103.04549065309911, -28.0, 8.0], [-37.86325716744032, 103.9625269493986, -28.0, 8.0], [-37.02435340134297, 104.81476090020276, -28.0, 8.0], [-36.04466239786768, 105.61090841517242, -28.0, 8.0], [-34.94529300097312, 106.3596854039684, -28.0, 8.0], [-33.74735405461799, 107.0698077762516, -28.0, 8.0], [-32.47195440276098, 107.7499914416828, -28.0, 8.0], [-31.140202889360776, 108.40895230992292, -28.0, 8.0], [-29.773208358376063, 109.0554062906328, -28.0, 8.0], [-28.392079653765535, 109.69806929347328, -28.0, 8.0], [-27.017925619487876, 110.34565722810518, -28.0, 8.0], [-25.671855099501776, 111.00688600418943, -28.0, 8.0], [-24.37497693776594, 111.6904715313868, -28.0, 8.0], [-23.148399978239027, 112.40512971935821, -28.0, 8.0], [-22.013233064879753, 113.15957647776447, -28.0, 8.0], [-20.990585041646803, 113.96252771626644, -28.0, 8.0], [-20.101564752498852, 114.82269934452499, -28.0, 8.0], [-19.367281041394598, 115.74880727220093, -28.0, 8.0], [-18.808842752292723, 116.74956740895517, -28.0, 8.0], [-18.39549989172002, 117.82138074322508, -28.0, 8.0], [-18.078317908949995, 118.95111807678977, -28.0, 8.0], [-17.851128812061397, 120.13320003932289, -28.0, 8.0], [-17.707764609132983, 121.3620472604979, -28.0, 8.0], [-17.64205730824351, 122.63208036998839, -28.0, 8.0], [-17.647838917471745, 123.9377199974679, -28.0, 8.0], [-17.718941444896426, 125.27338677260991, -28.0, 8.0], [-17.849196898596333, 126.63350132508803, -28.0, 8.0], [-18.032437286650207, 128.0124842845758, -28.0, 8.0], [-18.262494617136813, 129.4047562807467, -28.0, 8.0], [-18.5332008981349, 130.80473794327435, -28.0, 8.0], [-18.838388137723236, 132.20684990183221, -28.0, 8.0], [-19.171888343980577, 133.6055127860939, -28.0, 8.0], [-19.52753352498567, 134.9951472257329, -28.0, 8.0], [-19.899155688817288, 136.3701738504228, -28.0, 8.0], [-20.280586843554172, 137.7250132898371, -28.0, 8.0], [-20.665658997275095, 139.0540861736494, -28.0, 8.0], [-21.048204158058812, 140.35181313153322, -28.0, 8.0], [-21.42205433398406, 141.612614793162, -28.0, 8.0], [-21.834777909623902, 142.84325546845812, -28.0, 8.0], [-22.330682730071402, 144.05560887441456, -28.0, 8.0], [-22.898709994185435, 145.2517597513112, -28.0, 8.0], 