{"control_nodes": [[-4.592425496802574e-15, -25.0, -28.0, 8.0], [0.0, 0.0, -28.0, 8.0], [0.43631016093208996, 24.996192378909782, -28.0, 8.0], [0.8726203218641799, 49.992384757819565, -28.0, 8.0], [-7.677883261277537, 73.48470027746728, -28.0, 8.0], [-20.177883261277533, 95.13533537207826, -28.0, 8.0], [-41.828518355888505, 107.63533537207826, -28.0, 8.0], [-65.32083387553621, 116.18583895521998, -28.0, 8.0], [-86.04677318941225, 102.20601636845132, -28.0, 8.0], [-88.6599847711036, 77.34296898424448, -28.0, 8.0], [-84.31878032943034, 52.72277515893928, -28.0, 8.0], [-79.97757588775708, 28.102581333634078, -28.0, 8.0]], "sample_nodes": [[0.0, 0.0, -28.0, 8.0], [0.012658656076029565, 1.3156790032662282, -28.0, 8.0], [0.02754370894935066, 2.6313385770619515, -28.0, 8.0], [0.044464324608766974, 3.9469803867703668, -28.0, 8.0], [0.06322966904308198, 5.262606097774648, -28.0, 8.0], [0.08364890824109937, 6.578217375457992, -28.0, 8.0], [0.10553120819162266, 7.893815885203578, -28.0, 8.0], [0.12868573488345536, 9.20940329239459, -28.0, 8.0], [0.15292165430540106, 10.524981262414212, -28.0, 8.0], [0.17804813244626355, 11.840551460645646, -28.0, 8.0], [0.20387433529484628, 13.156115552472063, -28.0, 8.0], [0.2302094288399526, 14.471675203276643, -28.0, 8.0], [0.2568625790703865, 15.78723207844259, -28.0, 8.0], [0.28364295197495115, 17.10278784335307, -28.0, 8.0], [0.31035971354245045, 18.418344163391282, -28.0, 8.0], [0.33682202976168785, 19.733902703940412, -28.0, 8.0], [0.36283906662146675, 21.049465130383634, -28.0, 8.0], [0.38821999011059116, 22.36503310810415, -28.0, 8.0], [0.41277396621786433, 23.68060830248514, -28.0, 8.0], [0.43631016093208996, 24.996192378909782, -28.0, 8.0], [0.4710658529853265, 26.313754755425283, -28.0, 8.0], [0.5267850994787406, 27.634825227836412, -28.0, 8.0], [0.5995372339548, 28.95874602816276, -28.0, 8.0], [0.6853915899559699, 30.28485938842387, -28.0, 8.0], [0.7804175010247185, 31.61250754063934, -28.0, 8.0], [0.8806843007035112, 32.94103271682871, -28.0, 8.0], [0.9822613225348149, 34.26977714901156, -28.0, 8.0], [1.0812179000610962, 35.59808306920745, -28.0, 8.0], [1.1736233668248226, 36.92529270943596, -28.0, 8.0], [1.2555470563684596, 38.25074830171664, -28.0, 8.0], [1.3230583022344737, 39.573792078069076, -28.0, 8.0], [1.3722264379653326, 40.89376627051283, -28.0, 8.0], [1.3991207971035025, 42.21001311106745, -28.0, 8.0], [1.3998107131914497, 43.52187483175254, -28.0, 8.0], [1.370365519771641, 44.82869366458763, -28.0, 8.0], [1.3068545503865434, 46.129811841592314, -28.0, 8.0], [1.205347138578623, 47.42457159478616, -28.0, 8.0], [1.0619126178903462, 48.712315156188716, -28.0, 8.0], [0.8726203218641799, 49.992384757819565, -28.0, 8.0], [0.6400321166998001, 51.266758438767035, -28.0, 8.0], [0.37079913265032843, 52.537754250743255, -28.0, 8.0], [0.06712459933839718, 53.805224444703626, -28.0, 8.0], [-0.2687882536133578, 55.06902127160343, -28.0, 8.0], [-0.6347361965823046, 56.32899698239807, -28.0, 8.0], [-1.028515999945808, 57.585003828042844, -28.0, 8.0], [-1.447924434081233, 58.83689405949308, -28.0, 8.0], [-1.890758269365946, 60.08451992770415, -28.0, 8.0], [-2.354814276177316, 61.32773368363139, -28.0, 8.0], [-2.8378892248927072, 62.566387578230106, -28.0, 8.0], [-3.337779885889482, 63.80033386245568, -28.0, 8.0], [-3.852283029545014, 65.02942478726345, -28.0, 8.0], [-4.379195426236659, 66.2535126036087, -28.0, 8.0], [-4.916313846341792, 67.47244956244683, -28.0, 8.0], [-5.4614350602377755, 68.68608791473315, -28.0, 8.0], [-6.012355838301973, 69.89427991142301, -28.0, 8.0], [-6.566872950911758, 71.09687780347178, -28.0, 8.0], [-7.12278316844449, 72.29373384183474, -28.0, 8.0], [-7.677883261277537, 73.48470027746728, -28.0, 8.0], [-8.230489452357501, 74.67971226374256, -28.0, 8.0], [-8.781903372417815, 75.88667225215187, -28.0, 8.0], [-9.334399903516118, 77.1023834408278, -28.0, 8.0], [-9.890253927710027, 78.32364902790293, -28.0, 8.0], [-10.451740327057173, 79.54727221150982, -28.0, 8.0], [-11.02113398361518, 80.77005618978106, -28.0, 8.0], [-11.600709779441669, 81.98880416084914, -28.0, 8.0], [-12.192742596594275, 83.2003193228467, -28.0, 8.0], [-12.799507317130622, 84.40140487390627, -28.0, 8.0], [-13.423278823108333, 85.58886401216046, -28.0, 8.0], [-14.066331996585038, 86.75949993574179, -28.0, 8.0], [-14.730941719618361, 87.91011584278286, -28.0, 8.0], [-15.41938287426593, 89.03751493141623, -28.0, 8.0], [-16.133930342585366, 90.13850039977443, -28.0, 8.0], [-16.876859006634305, 91.2098754459901, -28.0, 8.0], [-17.650443748470362, 92.24844326819573, -28.0, 8.0], [-18.45695945015117, 93.25100706452392, -28.0, 8.0], [-19.29868099373435, 94.21437003310726, -28.0, 8.0], [-20.177883261277536, 95.13533537207826, -28.0, 8.0], [-21.098848600248555, 96.01453763962144, -28.0, 8.0], [-22.062211568831884, 96.8562591832046, -28.0, 8.0], [-23.064775365160084, 97.66277488488544, -28.0, 8.0], [-24.10334318736572, 98.4363596267215, -28.0, 8.0], [-25.17471823358136, 99.17928829077042, -28.0, 8.0], [-26.275703701939584, 99.89383575908985, -28.0, 8.0], [-27.40310279057294, 100.58227691373743, -28.0, 8.0], [-28.553718697614002, 101.24688663677074, -28.0, 8.0], [-29.72435462119533, 101.88993981024744, -28.0, 8.0], [-30.911813759449515, 102.51371131622517, -28.0, 8.0], [-32.1128993105091, 103.12047603676152, -28.0, 8.0], [-33.32441447250666, 103.71250885391412, -28.0, 8.0], [-34.54316244357475, 104.2920846497406, -28.0, 8.0], [-35.76594642184597, 104.86147830629861, -28.0, 8.0], [-36.98956960545286, 105.42296470564575, -28.0, 8.0], [-38.21083519252798, 105.97881872983967, -28.0, 8.0], [-39.42654638120391, 106.53131526093796, -28.0, 8.0], [-40.63350636961325, 107.0827291809983, -28.0, 8.0], [-41.828518355888505, 107.63533537207825, -28.0, 8.0], [-43.02508798113837, 108.20820651197833, -28.0, 8.0], [-44.237508435105035, 108.81348074914156, -28.0, 8.0], [-45.463764238871434, 109.44303117158978, -28.0, 8.0], [-46.701839913520416, 110.08873086734462, -28.0, 8.0], [-47.949719980134915, 110.74245292442785, -28.0, 8.0], [-49.20538895979781, 111.39607043086104, -28.0, 8.0], [-50.46683137359197, 112.041456474666, -28.0, 8.0], [-51.73203174260033, 112.6704841438644, -28.0, 8.0], [-52.99897458790577, 113.27502652647794, -28.0, 8.0], [-54.26564443059117, 113.84695671052833, -28.0, 8.0], [-55.53002579173944, 114.37814778403722, -28.0, 8.0], [-56.790103192433484, 114.86047283502637, -28.0, 8.0], [-58.04386115375616, 115.28580495151746, -28.0, 8.0], [-59.289284196790405, 115.64601722153219, -28.0, 8.0], [-60.52435684261909, 115.93298273309226, -28.0, 8.0], [-61.747063612325114, 116.13857457421939, -28.0, 8.0], [-62.95538902699139, 116.25466583293523, -28.0, 8.0], [-64.1473176077008, 116.27312959726154, -28.0, 8.0], [-65.32083387553621, 116.18583895521998, -28.0, 8.0], [-66.50077724734464, 115.99647401993481, -28.0, 8.0], [-67.70885598531616, 115.71752899729168, -28.0, 8.0], [-68.93835787854852, 115.35409811445466, -28.0, 8.0], [-70.18257071613927, 114.91127559858755, -28.0, 8.0], [-71.43478228718611, 114.39415567685438, -28.0, 8.0], [-72.68828038078668, 113.807832576419, -28.0, 8.0], [-73.93635278603861, 113.15740052444539, -28.0, 8.0], [-75.17228729203956, 112.44795374809749, -28.0, 8.0], [-76.38937168788718, 111.68458647453924, -28.0, 8.0], [-77.58089376267912, 110.87239293093452, -28.0, 8.0], [-78.74014130551299, 110.01646734444729, -28.0, 8.0], [-79.86040210548649, 109.1219039422415, -28.0, 8.0], [-80.93496395169723, 108.19379695148108, -28.0, 8.0], [-81.95711463324287, 107.23724059932992, -28.0, 8.0], [-82.92014193922105, 106.25732911295202, -28.0, 8.0], [-83.81733365872945, 105.25915671951125, -28.0, 8.0], [-84.64197758086567, 104.24781764617163, -28.0, 8.0], [-85.3873614947274, 103.228406120097, -28.0, 8.0], [-86.04677318941225, 102.20601636845132, -28.0, 8.0], [-86.62123317159839, 101.15416283724505, -28.0, 8.0], [-87.11949038162348, 100.04620804858831, -28.0, 8.0], [-87.54642525907443, 98.88701834379457, -28.0, 8.0], [-87.9069182435381, 