{"control_nodes": [[-4.592425496802574e-15, -25.0, -28.0, 8.0], [0.0, 0.0, -28.0, 8.0], [0.43631016093208996, 24.996192378909782, -28.0, 8.0], [0.8726203218641799, 49.992384757819565, -28.0, 8.0], [-16.493838939610754, 67.97587976628584, -28.0, 8.0], [-40.40145783868664, 60.666587148217424, -28.0, 8.0], [-51.75122033217531, 38.39142404350822, -28.0, 8.0], [-76.29189991836691, 43.16164892792184, -28.0, 8.0], [-100.74558993671205, 48.35944119836582, -28.0, 8.0], [-110.11075477210986, 25.17984483419614, -28.0, 8.0], [-134.73094859741505, 29.5210492758694, -28.0, 8.0], [-159.27162818360665, 34.291274160283024, -28.0, 8.0]], "sample_nodes": [[0.0, 0.0, -28.0, 8.0], [0.012658656076029565, 1.3156790032662282, -28.0, 8.0], [0.02754370894935066, 2.6313385770619515, -28.0, 8.0], [0.044464324608766974, 3.9469803867703668, -28.0, 8.0], [0.06322966904308198, 5.262606097774648, -28.0, 8.0], [0.08364890824109937, 6.578217375457992, -28.0, 8.0], [0.10553120819162266, 7.893815885203578, -28.0, 8.0], [0.12868573488345536, 9.20940329239459, -28.0, 8.0], [0.15292165430540106, 10.524981262414212, -28.0, 8.0], [0.17804813244626355, 11.840551460645646, -28.0, 8.0], [0.20387433529484628, 13.156115552472063, -28.0, 8.0], [0.2302094288399526, 14.471675203276643, -28.0, 8.0], [0.2568625790703865, 15.78723207844259, -28.0, 8.0], [0.28364295197495115, 17.10278784335307, -28.0, 8.0], [0.31035971354245045, 18.418344163391282, -28.0, 8.0], [0.33682202976168785, 19.733902703940412, -28.0, 8.0], [0.36283906662146675, 21.049465130383634, -28.0, 8.0], [0.38821999011059116, 22.36503310810415, -28.0, 8.0], [0.41277396621786433, 23.68060830248514, -28.0, 8.0], [0.43631016093208996, 24.996192378909782, -28.0, 8.0], [0.48263366186490064, 26.320983124662874, -28.0, 8.0], [0.5704857108015762, 27.66213240051175, -28.0, 8.0], [0.6920797049913932, 29.016572982063483, -28.0, 8.0], [0.839629041683625, 30.38123764492508, -28.0, 8.0], [1.0053471181275488, 31.7530591647036, -28.0, 8.0], [1.1814473315724388, 33.128970317006065, -28.0, 8.0], [1.3601430792675695, 34.505903877439515, -28.0, 8.0], [1.5336477584622175, 35.88079262161098, -28.0, 8.0], [1.6941747664056583, 37.25056932512753, -28.0, 8.0], [1.8339375003471663, 38.612166763596164, -28.0, 8.0], [1.945149357536016, 39.962517712623935, -28.0, 8.0], [2.0200237352214843, 41.29855494781789, -28.0, 8.0], [2.0507740306528452, 42.61721124478505, -28.0, 8.0], [2.029613641079375, 43.91541937913246, -28.0, 8.0], [1.9487559637503469, 45.190112126467156, -28.0, 8.0], [1.8004143959150398, 46.43822226239618, -28.0, 8.0], [1.576802334822726, 47.65668256252657, -28.0, 8.0], [1.2701331777226808, 48.84242580246535, -28.0, 8.0], [0.8726203218641799, 49.992384757819565, -28.0, 8.0], [0.3876556462228168, 51.13770240772582, -28.0, 8.0], [-0.17289415488619725, 52.30623629820052, -28.0, 8.0], [-0.8041034612041669, 53.489991055170464, -28.0, 8.0], [-1.5010466524723887, 54.68097130456238, -28.0, 8.0], [-2.2587981084321678, 55.87118167230309, -28.0, 8.0], [-3.0724322088248024, 57.052626784319344, -28.0, 8.0], [-3.9370233333915916, 58.21731126653789, -28.0, 8.0], [-4.847645861873837, 59.35723974488553, -28.0, 8.0], [-5.7993741740128435, 60.46441684528903, -28.0, 8.0], [-6.78728264954991, 61.53084719367517, -28.0, 8.0], [-7.8064456682263295, 62.548535415970676, -28.0, 8.0], [-8.851937609783421, 63.50948613810239, -28.0, 8.0], [-9.918832853962462, 64.40570398599701, -28.0, 8.0], [-11.002205780504768, 65.22919358558137, -28.0, 8.0], [-12.097130769151638, 65.97195956278219, -28.0, 8.0], [-13.198682199644365, 66.62600654352629, -28.0, 8.0], [-14.301934451724264, 67.18333915374042, -28.0, 8.0], [-15.401961905132628, 67.63596201935134, -28.0, 8.0], [-16.493838939610754, 67.97587976628584, -28.0, 8.0], [-17.614119340387155, 68.20819785853774, -28.0, 8.0], [-18.797071601464676, 68.34636321144824, -28.0, 8.0], [-20.034342165746153, 68.39489262796529, -28.0, 8.0], [-21.31757747613438, 68.35830291103677, -28.0, 8.0], [-22.638423975532213, 68.24111086361061, -28.0, 8.0], [-23.98852810684244, 68.0478332886347, -28.0, 8.0], [-25.35953631296788, 67.78298698905694, -28.0, 8.0], [-26.74309503681136, 67.45108876782524, -28.0, 8.0], [-28.130850721275714, 67.05665542788752, -28.0, 8.0], [-29.51444980926374, 66.60420377219165, -28.0, 8.0], [-30.885538743678257, 66.09825060368556, -28.0, 8.0], [-32.2357639674221, 65.54331272531715, -28.0, 8.0], [-33.556771923398074, 64.94390694003434, -28.0, 8.0], [-34.840209054508996, 64.304550050785, -28.0, 8.0], [-36.0777218036577, 63.62975886051707, -28.0, 8.0], [-37.260956613747, 62.92405017217844, -28.0, 8.0], [-38.38155992767971, 62.19194078871703, -28.0, 8.0], [-39.43117818835865, 61.43794751308072, -28.0, 8.0], [-40.40145783868664, 60.666587148217424, -28.0, 8.0], [-41.27810439708003, 59.81219564014536, -28.0, 8.0], [-42.059900445533344, 58.81834769894041, -28.0, 8.0], [-42.75810802231677, 57.70341827363704, -28.0, 8.0], [-43.38398916570041, 56.485782313269695, -28.0, 8.0], [-43.94880591395442, 55.183814766872814, -28.0, 8.0], [-44.46382030534894, 53.815890583480865, -28.0, 8.0], [-44.94029437815407, 52.4003847121283, -28.0, 8.0], [-45.38949017063999, 50.955672101849544, -28.0, 8.0], [-45.82266972107682, 49.50012770167908, -28.0, 8.0], [-46.251095067734695, 48.052126460651316, -28.0, 8.0], [-46.686028248883744, 46.630043327800735, -28.0, 8.0], [-47.138731302794135, 45.25225325216176, -28.0, 8.0], [-47.62046626773597, 43.93713118276888, -28.0, 8.0], [-48.1424951819794, 42.703052068656504, -28.0, 8.0], [-48.716080083794566, 41.568390858859104, -28.0, 8.0], [-49.352483011451596, 40.55152250241113, -28.0, 8.0], [-50.062966003220644, 39.67082194834704, -28.0, 8.0], [-50.85879109737185, 38.944664145701246, -28.0, 8.0], [-51.75122033217531, 38.39142404350822, -28.0, 8.0], [-52.73139815222313, 38.00315319098762, -28.0, 8.0], [-53.77908930239633, 37.75189174238052, -28.0, 8.0], [-54.888486271398605, 37.62599755425361, -28.0, 8.0], [-56.05378154793356, 37.613828483173535, -28.0, 8.0], [-57.269167620704906, 37.703742385706946, -28.0, 8.0], [-58.528836978416265, 37.88409711842053, -28.0, 8.0], [-59.82698210977128, 38.14325053788093, -28.0, 8.0], [-61.157795503473615, 38.46956050065481, -28.0, 8.0], [-62.515469648226926, 38.851384863308816, -28.0, 8.0], [-63.894197032734866, 39.27708148240963, -28.0, 8.0], [-65.28817014570106, 39.7350082145239, -28.0, 8.0], [-66.6915814758292, 40.213522916218295, -28.0, 8.0], [-68.09862351182291, 40.70098344405946, -28.0, 8.0], [-69.50348874238585, 41.18574765461407, -28.0, 8.0], [-70.90036965622167, 41.65617340444878, -28.0, 8.0], [-72.28345874203404, 42.10061855013026, -28.0, 8.0], [-73.6469484885266, 42.50744094822515, -28.0, 8.0], [-74.98503138440303, 42.864998455300125, -28.0, 8.0], [-76.29189991836691, 43.16164892792184, -28.0, 8.0], [-77.60078913447134, 43.46235363572252, -28.0, 8.0], [-78.94443148777543, 43.83143610655934, -28.0, 8.0], [-80.316265583492, 44.25629758433638, -28.0, 8.0], [-81.70973002683388, 44.72433931295771, -28.0, 8.0], [-83.11826342301387, 45.22296253632742, -28.0, 8.0], [-84.5353043772448, 45.739568498349584, -28.0, 8.0], [-85.95429149473944, 46.261558442928255, -28.0, 8.0], [-87.36866338071067, 46.77633361396755, -28.0, 8.0], [-88.77185864037129, 47.27129525537152, -28.0, 8.0], [-90.15731587893407, 47.73384461104426, -28.0, 8.0], [-91.51847370161184, 48.151382924889816, -28.0, 8.0], [-92.84877071361745, 48.51131144081231, -28.0, 8.0], [-94.14164552016369, 48.801031402715786, -28.0, 8.0], [-95.39053672646335, 49.00794405450432, -28.0, 8.0], [-96.58888293772932, 49.119450640082015, -28.0, 8.0], [-97.73012275917434, 49.12295240335293, -28.0, 8.0], [-98.80769479601128, 49.005850588221165, -28.0, 8.0], [-99.81503765345292, 48.75554643859076, -28.0, 8.0], [-100.74558993671205, 48.35944119836582, -28.0, 8.0], [-101.57484643537177, 47.773585456142406, -28.0, 8.0], [-102.29152400922584, 46.97872819546076, -28.0, 8.0], [-102.90889436880336, 45.99931825264126, -28.0, 8.0], [-103.44022922463328, 44.85980446400425, 