{"control_nodes": [[-4.592425496802574e-15, -25.0, -28.0, 8.0], [0.0, 0.0, -28.0, 8.0], [0.43631016093208996, 24.996192378909782, -28.0, 8.0], [0.8726203218641799, 49.992384757819565, -28.0, 8.0], [-22.90379258551466, 57.717809617193254, -28.0, 8.0], [-29.37426871307768, 81.86595527441996, -28.0, 8.0], [-29.810578874009767, 106.86214765332974, -28.0, 8.0], [-47.48824840367345, 124.53981718299343, -28.0, 8.0], [-66.91689744009773, 140.27282695923935, -28.0, 8.0], [-90.55486183008065, 148.41203082066826, -28.0, 8.0], [-108.53835683854693, 131.04557155919332, -28.0, 8.0], [-126.52185184701321, 113.67911229771839, -28.0, 8.0]], "sample_nodes": [[0.0, 0.0, -28.0, 8.0], [0.012658656076029565, 1.3156790032662282, -28.0, 8.0], [0.02754370894935066, 2.6313385770619515, -28.0, 8.0], [0.044464324608766974, 3.9469803867703668, -28.0, 8.0], [0.06322966904308198, 5.262606097774648, -28.0, 8.0], [0.08364890824109937, 6.578217375457992, -28.0, 8.0], [0.10553120819162266, 7.893815885203578, -28.0, 8.0], [0.12868573488345536, 9.20940329239459, -28.0, 8.0], [0.15292165430540106, 10.524981262414212, -28.0, 8.0], [0.17804813244626355, 11.840551460645646, -28.0, 8.0], [0.20387433529484628, 13.156115552472063, -28.0, 8.0], [0.2302094288399526, 14.471675203276643, -28.0, 8.0], [0.2568625790703865, 15.78723207844259, -28.0, 8.0], [0.28364295197495115, 17.10278784335307, -28.0, 8.0], [0.31035971354245045, 18.418344163391282, -28.0, 8.0], [0.33682202976168785, 19.733902703940412, -28.0, 8.0], [0.36283906662146675, 21.049465130383634, -28.0, 8.0], [0.38821999011059116, 22.36503310810415, -28.0, 8.0], [0.41277396621786433, 23.68060830248514, -28.0, 8.0], [0.43631016093208996, 24.996192378909782, -28.0, 8.0], [0.4910444481038765, 26.33444319629749, -28.0, 8.0], [0.6022597921488182, 27.712981560020303, -28.0, 8.0], [0.7593659949031997, 29.124253555140413, -28.0, 8.0], [0.9517728582033024, 30.560705266719964, -28.0, 8.0], [1.168890183885412, 32.01478277982114, -28.0, 8.0], [1.4001277737858102, 33.47893217950609, -28.0, 8.0], [1.6348954297407796, 34.94559955083698, -28.0, 8.0], [1.862602953586605, 36.40723097887597, -28.0, 8.0], [2.0726601471595703, 37.85627254868526, -28.0, 8.0], [2.254476812295957, 39.28517034532698, -28.0, 8.0], [2.397462750832049, 40.686370453863304, -28.0, 8.0], [2.4910277646041306, 42.052318959356406, -28.0, 8.0], [2.5245816554484826, 43.375461946868434, -28.0, 8.0], [2.4875342252013914, 44.648245501461574, -28.0, 8.0], [2.3692952756991374, 45.86311570819798, -28.0, 8.0], [2.1592746087780084, 47.0125186521398, -28.0, 8.0], [1.846882026274283, 48.08890041834925, -28.0, 8.0], [1.4215273300242457, 49.08470709188843, -28.0, 8.0], [0.8726203218641799, 49.992384757819565, -28.0, 8.0], [0.17039297771550804, 50.78534848798696, -28.0, 8.0], [-0.6957562640666257, 51.451873904121754, -28.0, 8.0], [-1.7076679079953667, 52.006697916116416, -28.0, 8.0], [-2.8471824585838466, 52.46455743386337, -28.0, 8.0], [-4.096140420345213, 52.840189367255036, -28.0, 8.0], [-5.436382297792598, 53.14833062618385, -28.0, 8.0], [-6.84974859543914, 53.40371812054222, -28.0, 8.0], [-8.318079817797976, 53.621088760222605, -28.0, 8.0], [-9.82321646938226, 53.8151794551174, -28.0, 8.0], [-11.346999054705115, 54.000727115119076, -28.0, 8.0], [-12.871268078279682, 54.19246865012001, -28.0, 8.0], [-14.377864044619116, 54.405140970012674, -28.0, 8.0], [-15.848627458236528, 54.653480984689466, -28.0, 8.0], [-17.265398823645075, 54.95222560404284, -28.0, 8.0], [-18.610018645357897, 55.3161117379652, -28.0, 8.0], [-19.86432742788812, 55.759876296349006, -28.0, 8.0], [-21.010165675748897, 56.29825618908666, -28.0, 8.0], [-22.02937389345337, 56.94598832607062, -28.0, 8.0], [-22.90379258551466, 57.717809617193254, -28.0, 8.0], [-23.661003714553896, 58.59977016428635, -28.0, 8.0], [-24.343982283186726, 59.5635540792724, -28.0, 8.0], [-24.957658355918134, 60.602349287180104, -28.0, 8.0], [-25.50696199725308, 61.70934371303805, -28.0, 8.0], [-25.996823271696528, 62.877725281874945, -28.0, 8.0], [-26.432172243753435, 64.10068191871939, -28.0, 8.0], [-26.817938977928772, 65.37140154860003, -28.0, 8.0], [-27.15905353872751, 66.68307209654554, -28.0, 8.0], [-27.46044599065461, 68.02888148758458, -28.0, 8.0], [-27.72704639821503, 69.40201764674576, -28.0, 8.0], [-27.96378482591374, 70.79566849905771, -28.0, 8.0], [-28.175591338255707, 72.20302196954916, -28.0, 8.0], [-28.367395999745895, 73.61726598324866, -28.0, 8.0], [-28.54412887488926, 75.03158846518491, -28.0, 8.0], [-28.710720028190785, 76.43917734038656, -28.0, 8.0], [-28.872099524155423, 77.83322053388223, -28.0, 8.0], [-29.033197427288147, 79.2069059707006, -28.0, 8.0], [-29.198943802093915, 80.55342157587032, -28.0, 8.0], [-29.37426871307768, 81.86595527441996, -28.0, 8.0], [-29.51712782087359, 83.17111762833702, -28.0, 8.0], [-29.588976933228196, 84.4976793117258, -28.0, 8.0], [-29.59999633531519, 85.84206841779053, -28.0, 8.0], [-29.560366312308183, 87.20071303973529, -28.0, 8.0], [-29.480267149380865, 88.57004127076426, -28.0, 8.0], [-29.369879131706867, 89.94648120408155, -28.0, 8.0], [-29.23938254445985, 91.32646093289132, -28.0, 8.0], [-29.098957672813462, 92.70640855039773, -28.0, 8.0], [-28.958784801941363, 94.08275214980489, -28.0, 8.0], [-28.829044217017202, 95.45191982431695, -28.0, 8.0], [-28.719916203214623, 96.81033966713807, -28.0, 8.0], [-28.641581045707305, 98.15443977147237, -28.0, 8.0], [-28.604219029668872, 99.48064823052398, -28.0, 8.0], [-28.618010440273, 100.7853931374971, -28.0, 8.0], [-28.693135562693325, 102.06510258559581, -28.0, 8.0], [-28.839774682103513, 103.3162046680243, -28.0, 8.0], [-29.06810808367722, 104.53512747798669, -28.0, 8.0], [-29.388316052588085, 105.71829910868713, -28.0, 8.0], [-29.810578874009767, 106.86214765332974, -28.0, 8.0], [-30.33146816791752, 107.9679562755148, -28.0, 8.0], [-30.936251893345506, 109.04095636239308, -28.0, 8.0], [-31.61815484405585, 110.08349834249469, -28.0, 8.0], [-32.37040181381059, 111.0979326443496, -28.0, 8.0], [-33.186217596371826, 112.08660969648787, -28.0, 8.0], [-34.058826985501625, 113.05187992743953, -28.0, 8.0], [-34.98145477496207, 113.9960937657346, -28.0, 8.0], [-35.94732575851522, 114.92160163990313, -28.0, 8.0], [-36.949664729923185, 115.83075397847514, -28.0, 8.0], [-37.981696482947996, 116.72590120998066, -28.0, 8.0], [-39.036645811351775, 117.60939376294971, -28.0, 8.0], [-40.107737508896584, 118.48358206591234, -28.0, 8.0], [-41.18819636934449, 119.35081654739857, -28.0, 8.0], [-42.27124718645758, 120.21344763593844, -28.0, 8.0], [-43.35011475399792, 121.07382576006198, -28.0, 8.0], [-44.418023865727605, 121.9343013482992, -28.0, 8.0], [-45.46819931540871, 122.79722482918018, -28.0, 8.0], [-46.4938658968033, 123.66494663123491, -28.0, 8.0], [-47.48824840367345, 124.53981718299343, -28.0, 8.0], [-48.46392995840038, 125.42376464800465, -28.0, 8.0], [-49.43872730800696, 126.31550301595612, -28.0, 8.0], [-50.41371568321788, 127.21256145458602, -28.0, 8.0], [-51.38997031475776, 128.11246913163245, -28.0, 8.0], [-52.368566433351305, 129.01275521483356, -28.0, 8.0], [-53.35057926972311, 129.9109488719275, -28.0, 8.0], [-54.33708405459787, 130.8045792706523, -28.0, 8.0], [-55.32915601870022, 131.69117557874617, -28.0, 8.0], [-56.327870392754804, 132.5682669639472, -28.0, 8.0], [-57.33430240748629, 133.43338259399354, -28.0, 8.0], [-58.34952729361932, 134.28405163662325, -28.0, 8.0], [-59.374620281878556, 135.11780325957457, -28.0, 8.0], [-60.41065660298864, 135.9321666305855, -28.0, 8.0], [-61.45871148767424, 136.72467091739426, -28.0, 8.0], [-62.519860166659996, 137.49284528773893, -28.0, 8.0], [-63.59517787067058, 138.23421890935765, -28.0, 8.0], [-64.68573983043063, 138.94632094998857, -28.0, 8.0], [-65.7926212766648, 139.62668057736977, -28.0, 8.0], [-66.91689744009773, 140.27282695923935, -28.0, 8.0], [-68.0690021611855, 140.9140283180792, -28.0, 8.0], [-69.25577630164618, 141.57597722072245, -28.0, 8.0], [-70.47290562409746, 142.25083935143448, -28.0, 8.0], 