{"archive_len": 8, "radius": 0.06875, "diameter_out": 0.31608986456359167, "diameter_in": 0.23603255911634707}