{"archive_len": 8, "radius": 0.07500000000000001, "diameter_out": 0.13738332261804032, "diameter_in": 0.3143560870496488}