,archive_size,min_fog_failure,max_fog_failure,avg_fog_failure,std_fog_failure
0,6,0.04212155995154088,0.24073717919671023,0.11918675754682377,0.06024276073457017
