,Seed id,Fog density of successful version,Fog density of failure version
0,0,0.125,0.1328125
1,1,0.125,0.1328125
2,2,0.1875,0.1953125
3,3,0.125,0.1328125
4,4,0.203125,0.2109375
5,5,0.09375,0.1015625
6,6,0.171875,0.1796875
7,7,0.140625,0.1484375
8,8,0.140625,0.1484375
9,9,0.328125,0.3359375
