{"control_nodes": [[-4.592425496802574e-15, -25.0, -28.0, 8.0], [0.0, 0.0, -28.0, 8.0], [0.43631016093208996, 24.996192378909782, -28.0, 8.0], [0.8726203218641799, 49.992384757819565, -28.0, 8.0], [25.020765979090886, 56.46286088538258, -28.0, 8.0], [48.360276641520926, 47.503662146750074, -28.0, 8.0], [72.50842229874763, 41.033186019187056, -28.0, 8.0], [87.89995918188909, 60.733454859355106, -28.0, 8.0], [77.3345026383716, 83.39114953527135, -28.0, 8.0], [52.395401381876, 85.1350613788745, -28.0, 8.0], [27.63869966333674, 81.65573385487286, -28.0, 8.0], [2.881997944797483, 78.17640633087123, -28.0, 8.0]], "sample_nodes": [[0.0, 0.0, -28.0, 8.0], [0.012658656076029565, 1.3156790032662282, -28.0, 8.0], [0.02754370894935066, 2.6313385770619515, -28.0, 8.0], [0.044464324608766974, 3.9469803867703668, -28.0, 8.0], [0.06322966904308198, 5.262606097774648, -28.0, 8.0], [0.08364890824109937, 6.578217375457992, -28.0, 8.0], [0.10553120819162266, 7.893815885203578, -28.0, 8.0], [0.12868573488345536, 9.20940329239459, -28.0, 8.0], [0.15292165430540106, 10.524981262414212, -28.0, 8.0], [0.17804813244626355, 11.840551460645646, -28.0, 8.0], [0.20387433529484628, 13.156115552472063, -28.0, 8.0], [0.2302094288399526, 14.471675203276643, -28.0, 8.0], [0.2568625790703865, 15.78723207844259, -28.0, 8.0], [0.28364295197495115, 17.10278784335307, -28.0, 8.0], [0.31035971354245045, 18.418344163391282, -28.0, 8.0], [0.33682202976168785, 19.733902703940412, -28.0, 8.0], [0.36283906662146675, 21.049465130383634, -28.0, 8.0], [0.38821999011059116, 22.36503310810415, -28.0, 8.0], [0.41277396621786433, 23.68060830248514, -28.0, 8.0], [0.43631016093208996, 24.996192378909782, -28.0, 8.0], [0.42816049605817724, 26.33608987053372, -28.0, 8.0], [0.364698195531733, 27.71920232935717, -28.0, 8.0], [0.25629437853760684, 29.13742694903025, -28.0, 8.0], [0.11332016426064873, 30.58266092320302, -28.0, 8.0], [-0.053853328114292276, 32.046801445525595, -28.0, 8.0], [-0.23485497940236638, 33.521745709648044, -28.0, 8.0], [-0.41931367041872286, 34.999390909220466, -28.0, 8.0], [-0.596858281978513, 36.47163423789294, -28.0, 8.0], [-0.7571176948968877, 37.93037288931558, -28.0, 8.0], [-0.8897207899889967, 39.36750405713845, -28.0, 8.0], [-0.9842964480699894, 40.774924935011626, -28.0, 8.0], [-1.030473549955018, 42.144532716585246, -28.0, 8.0], [-1.0178809764592314, 43.46822459550934, -28.0, 8.0], [-0.9361476083977802, 44.737897765434056, -28.0, 8.0], [-0.7749023265858146, 45.94544942000944, -28.0, 8.0], [-0.5237740118384872, 47.082776752885586, -28.0, 8.0], [-0.17239154497094483, 48.1417769577126, -28.0, 8.0], [0.2896161932016611, 49.114347228140566, -28.0, 8.0], [0.8726203218641799, 49.992384757819565, -28.0, 8.0], [1.5845959665372067, 50.790733640829366, -28.0, 8.0], [2.4194543058139715, 51.53054260972077, -28.0, 8.0], [3.3664705384882874, 52.21316581585047, -28.0, 8.0], [4.414919863353956, 52.83995741057513, -28.0, 8.0], [5.554077479204793, 53.41227154525146, -28.0, 8.0], [6.7732185848345985, 53.93146237123611, -28.0, 8.0], [8.061618379037181, 54.39888403988575, -28.0, 8.0], [9.408552060606349, 54.815890702557084, -28.0, 8.0], [10.803294828335915, 55.18383651060678, -28.0, 8.0], [12.235121881019683, 55.50407561539151, -28.0, 8.0], [13.693308417451453, 55.77796216826795, -28.0, 8.0], [15.167129636425052, 56.006850320592775, -28.0, 8.0], [16.64586073673426, 56.19209422372269, -28.0, 8.0], [18.11877691717291, 56.335048029014345, -28.0, 8.0], [19.575153376534796, 56.43706588782442, -28.0, 8.0], [21.004265313613722, 56.4995019515096, -28.0, 8.0], [22.395387927203515, 56.52371037142659, -28.0, 8.0], [23.737796416097968, 56.511045298932025, -28.0, 8.0], [25.020765979090886, 56.46286088538258, -28.0, 8.0], [26.267199060202, 56.352485915296235, -28.0, 8.0], [27.507619546950284, 56.15757118983825, -28.0, 8.0], [28.74273480337844, 55.88595388533638, -28.0, 8.0], [29.97325219352912, 55.5454711781183, -28.0, 8.0], [31.199879081445044, 55.143960244511746, -28.0, 8.0], [32.42332283116888, 54.689258260844426, -28.0, 8.0], [33.644290806743314, 54.189202403444064, -28.0, 8.0], [34.86349037221103, 53.651629848638386, -28.0, 8.0], [36.08162889161473, 53.08437777275507, -28.0, 8.0], [37.29941372899708, 52.495283352121845, -28.0, 8.0], [38.517552248400776, 51.892183763066434, -28.0, 8.0], [39.7367518138685, 51.28291618191654, -28.0, 8.0], [40.957719789442926, 50.67531778499989, -28.0, 8.0], [42.18116353916677, 50.0772257486442, -28.0, 8.0], [43.40779042708268, 49.496477249177175, -28.0, 8.0], [44.63830781723337, 48.94090946292654, -28.0, 8.0], [45.87342307366153, 48.418359566220005, -28.0, 8.0], [47.11384356040981, 47.93666473538528, -28.0, 8.0], [48.360276641520926, 47.503662146750074, -28.0, 8.0], [49.62362278411731, 47.06999081714619, -28.0, 8.0], [50.91152177191024, 46.5879703654988, -28.0, 8.0], [52.21978994382574, 46.0679588712758, -28.0, 8.0], [53.54424363878978, 45.520314413945, -28.0, 8.0], [54.880699195728354, 44.95539507297426, -28.0, 8.0], [56.224972953567445, 44.38355892783146, -28.0, 8.0], [57.57288125123305, 43.81516405798441, -28.0, 8.0], [58.92024042765114, 43.260568542900984, -28.0, 8.0], [60.26286682174772, 42.73013046204902, -28.0, 8.0], [61.59657677244878, 42.23420789489637, -28.0, 8.0], [62.917186618680276, 41.78315892091087, -28.0, 8.0], [64.22051269936826, 41.38734161956042, -28.0, 8.0], [65.50237135343866, 41.057114070312814, -28.0, 8.0], [66.7585789198175, 40.802834352635934, -28.0, 8.0], [67.98495173743073, 40.63486054599762, -28.0, 8.0], [69.17730614520438, 40.563550729865725, -28.0, 8.0], [70.33145848206442, 40.5992629837081, -28.0, 8.0], [71.44322508693685, 40.7523553869926, -28.0, 8.0], [72.50842229874763, 41.033186019187056, -28.0, 8.0], [73.55938138564892, 41.44804526018524, -28.0, 8.0], [74.62620730266148, 41.98954938534999, -28.0, 8.0], [75.70137691901449, 42.64754531735288, -28.0, 8.0], [76.77736710393697, 43.411879978865414, -28.0, 8.0], [77.84665472665802, 44.27240029255915, -28.0, 8.0], [78.90171665640673, 45.218953181105604, -28.0, 8.0], [79.93502976241217, 46.241385567176295, -28.0, 8.0], [80.93907091390344, 47.329544373442786, -28.0, 8.0], [81.90631698010964, 48.473276522576626, -28.0, 8.0], [82.82924483025977, 49.6624289372493, -28.0, 8.0], [83.70033133358297, 50.88684854013236, -28.0, 8.0], [84.51205335930834, 52.13638225389737, -28.0, 8.0], [85.25688777666495, 53.400877001215804, -28.0, 8.0], [85.92731145488185, 54.670179704759256, -28.0, 8.0], [86.51580126318817, 55.934137287199235, -28.0, 8.0], [87.01483407081297, 57.182596671207264, -28.0, 8.0], [87.41688674698534, 58.40540477945491, -28.0, 8.0], [87.71443616093435, 59.59240853461368, -28.0, 8.0], [87.89995918188909, 60.733454859355106, -28.0, 8.0], [87.97581075286529, 61.883556745651276, -28.0, 8.0], [87.9527387993444, 63.09753535298084, -28.0, 8.0], [87.83580966425416, 64.36494985527528, -28.0, 8.0], [87.63008969052223, 65.67535942646603, -28.0, 8.0], [87.34064522107629, 67.01832324048456, -28.0, 8.0], [86.97254259884406, 68.3834004712623, -28.0, 8.0], [86.5308481667532, 69.76015029273071, -28.0, 8.0], [86.02062826773144, 71.13813187882124, -28.0, 8.0], [85.44694924470647, 72.50690440346533, -28.0, 8.0], [84.81487744060595, 73.85602704059443, -28.0, 8.0], [84.12947919835759, 75.17505896413999, -28.0, 8.0], [83.39582086088907, 76.45355934803348, -28.0, 8.0], [82.61896877112814, 77.68108736620633, -28.0, 8.0], [81.80398927200241, 78.84720219259, -28.0, 8.0], [80.95594870643961, 79.94146300111593, -28.0, 8.0], [80.07991341736744, 80.95342896571559, -28.0, 8.0], [79.18094974771361, 81.8726592603204, -28.0, 8.0], [78.26412404040578, 82.68871305886185, -28.0, 8.0], [77.3345026383716, 83.39114953527135, -28.0, 8.0], [76.36116443951842, 83.9837423547325, -28.0, 8.0], [75.31405514319304, 84.48180090254331, -28.0, 8.0], [74.19954129448269, 84.89218793280715, -28.0, 8.0], [73.0239894384745, 85.22176619962713, -28.0, 8.0], [71.7937661202556, 85.4773984571066, -28.0, 8.0], [70.51523788491318, 85.66594745934873, -28.0, 