{"control_nodes": [[-4.592425496802574e-15, -25.0, -28.0, 8.0], [0.0, 0.0, -28.0, 8.0], [0.43631016093208996, 24.996192378909782, -28.0, 8.0], [0.8726203218641799, 49.992384757819565, -28.0, 8.0], [11.438076865381666, 72.65007943373581, -28.0, 8.0], [34.095771541297914, 83.2155359772533, -28.0, 8.0], [33.659461380365826, 108.21172835616308, -28.0, 8.0], [47.639283967134496, 128.93766767003913, -28.0, 8.0], [69.28991906174547, 141.43766767003913, -28.0, 8.0], [90.49112146565611, 154.68564927586925, -28.0, 8.0], [113.98343698530383, 146.13514569272755, -28.0, 8.0], [137.62140137528675, 137.99594183129864, -28.0, 8.0]], "sample_nodes": [[0.0, 0.0, -28.0, 8.0], [0.012658656076029565, 1.3156790032662282, -28.0, 8.0], [0.02754370894935066, 2.6313385770619515, -28.0, 8.0], [0.044464324608766974, 3.9469803867703668, -28.0, 8.0], [0.06322966904308198, 5.262606097774648, -28.0, 8.0], [0.08364890824109937, 6.578217375457992, -28.0, 8.0], [0.10553120819162266, 7.893815885203578, -28.0, 8.0], [0.12868573488345536, 9.20940329239459, -28.0, 8.0], [0.15292165430540106, 10.524981262414212, -28.0, 8.0], [0.17804813244626355, 11.840551460645646, -28.0, 8.0], [0.20387433529484628, 13.156115552472063, -28.0, 8.0], [0.2302094288399526, 14.471675203276643, -28.0, 8.0], [0.2568625790703865, 15.78723207844259, -28.0, 8.0], [0.28364295197495115, 17.10278784335307, -28.0, 8.0], [0.31035971354245045, 18.418344163391282, -28.0, 8.0], [0.33682202976168785, 19.733902703940412, -28.0, 8.0], [0.36283906662146675, 21.049465130383634, -28.0, 8.0], [0.38821999011059116, 22.36503310810415, -28.0, 8.0], [0.41277396621786433, 23.68060830248514, -28.0, 8.0], [0.43631016093208996, 24.996192378909782, -28.0, 8.0], [0.44598294860568904, 26.31484989868138, -28.0, 8.0], [0.4320274607112217, 27.638962435692786, -28.0, 8.0], [0.3988739989177008, 28.967507174211555, -28.0, 8.0], [0.35095286489413835, 30.299461298505193, -28.0, 8.0], [0.292694360309547, 31.633801992841263, -28.0, 8.0], [0.22852878683293884, 32.96950644148728, -28.0, 8.0], [0.1628864461333271, 34.30555182871079, -28.0, 8.0], [0.10019763987972341, 35.640915338779315, -28.0, 8.0], [0.044892669741140034, 36.97457415596041, -28.0, 8.0], [0.0014018373865899991, 38.3055054645216, -28.0, 8.0], [-0.025844555514914214, 39.6326864487304, -28.0, 8.0], [-0.0324162072943609, 40.955094292854376, -28.0, 8.0], [-0.01388281628273691, 42.27170618116103, -28.0, 8.0], [0.034185919188969766, 43.58149929791793, -28.0, 8.0], [0.11622030078977172, 44.88345082739259, -28.0, 8.0], [0.2366506301886807, 46.176537953852545, -28.0, 8.0], [0.39990720905471033, 47.45973786156533, -28.0, 8.0], [0.6104203390568725, 48.73202773479851, -28.0, 8.0], [0.8726203218641799, 49.992384757819565, -28.0, 8.0], [1.1735939266228026, 51.2559938187734, -28.0, 8.0], [1.4980468014313013, 52.53587761227039, -28.0, 8.0], [1.8468375663872787, 53.827770032276405, -28.0, 8.0], [2.220824841588333, 55.127404972757304, -28.0, 8.0], [2.620867247132067, 56.43051632767893, -28.0, 8.0], [3.047823403116078, 57.732837991007145, -28.0, 8.0], [3.5025519296379684, 59.03010385670778, -28.0, 8.0], [3.985911446795335, 60.31804781874672, -28.0, 8.0], [4.498760574685783, 61.59240377108979, -28.0, 8.0], [5.041957933406912, 62.84890560770286, -28.0, 8.0], [5.616362143056316, 64.08328722255175, -28.0, 8.0], [6.222831823731607, 65.29128250960235, -28.0, 8.0], [6.862225595530369, 66.46862536282052, -28.0, 8.0], [7.5354020785502165, 67.61104967617209, -28.0, 8.0], [8.243219892888746, 68.71428934362291, -28.0, 8.0], [8.98653765864355, 69.77407825913883, -28.0, 8.0], [9.76621399591224, 70.78615031668573, -28.0, 8.0], [10.583107524792414, 71.74623941022944, -28.0, 8.0], [11.438076865381666, 72.65007943373581, -28.0, 8.0], [12.375288010459492, 73.47282265682081, -28.0, 8.0], [13.428074663923889, 74.20019919263353, -28.0, 8.0], [14.58104701255024, 74.84380970043975, -28.0, 8.0], [15.8188152431139, 75.41525483950511, -28.0, 8.0], [17.12598954239025, 75.92613526909531, -28.0, 8.0], [18.487180097154656, 76.38805164847605, -28.0, 8.0], [19.88699709418248, 76.812604636913, -28.0, 8.0], [21.310050720249098, 77.21139489367187, -28.0, 8.0], [22.740951162129885, 77.59602307801835, -28.0, 8.0], [24.1643086066002, 77.97808984921812, -28.0, 8.0], [25.56473324043541, 78.36919586653687, -28.0, 8.0], [26.926835250410903, 78.78094178924029, -28.0, 8.0], [28.235224823302023, 79.22492827659408, -28.0, 8.0], [29.47451214588416, 79.71275598786394, -28.0, 8.0], [30.629307404932675, 80.25602558231556, -28.0, 8.0], [31.684220787222937, 80.8663377192146, -28.0, 8.0], [32.623862479530324, 81.55529305782679, -28.0, 8.0], [33.432842668630194, 82.3344922574178, -28.0, 8.0], [34.095771541297914, 83.2155359772533, -28.0, 8.0], [34.599339936216076, 84.19589441449462, -28.0, 8.0], [34.9514360621077, 85.25985101521154, -28.0, 8.0], [35.168466160808904, 86.39922631203258, -28.0, 8.0], [35.26683647415572, 87.60584083758616, -28.0, 8.0], [35.262953243984256, 88.8715151245008, -28.0, 8.0], [35.173222712130574, 90.188069705405, -28.0, 8.0], [35.01405112043075, 91.54732511292718, -28.0, 8.0], [34.80184471072087, 92.94110187969585, -28.0, 8.0], [34.553009724837004, 94.36122053833947, -28.0, 8.0], [34.28395240461522, 95.79950162148653, -28.0, 8.0], [34.01107899189161, 97.24776566176547, -28.0, 8.0], [33.75079572850223, 98.69783319180482, -28.0, 8.0], [33.51950885628318, 100.14152474423301, -28.0, 8.0], [33.33362461707052, 101.57066085167857, -28.0, 8.0], [33.209549252700334, 102.97706204676994, -28.0, 8.0], [33.16368900500869, 104.35254886213556, -28.0, 8.0], [33.212450115831686, 105.68894183040399, -28.0, 8.0], [33.37223882700537, 106.9780614842037, -28.0, 8.0], [33.659461380365826, 108.21172835616308, -28.0, 8.0], [34.0446873806757, 109.41421830260859, -28.0, 8.0], [34.48558208575944, 110.61410672867873, -28.0, 8.0], [34.97919521704592, 111.8096634902205, -28.0, 8.0], [35.522576495963946, 112.9991584430806, -28.0, 8.0], [36.11277564394239, 114.18086144310595, -28.0, 8.0], [36.746842382410094, 115.35304234614334, -28.0, 8.0], [37.42182643279587, 116.51397100803965, -28.0, 8.0], [38.13477751652857, 117.66191728464167, -28.0, 8.0], [38.882745355037045, 118.79515103179632, -28.0, 8.0], [39.66277966975015, 119.91194210535036, -28.0, 8.0], [40.4719301820967, 121.01056036115062, -28.0, 8.0], [41.30724661350555, 122.08927565504405, -28.0, 8.0], [42.16577868540553, 123.14635784287736, -28.0, 8.0], [43.044576119225496, 124.1800767804975, -28.0, 8.0], [43.94068863639429, 125.18870232375122, -28.0, 8.0], [44.85116595834073, 126.1705043284854, -28.0, 8.0], [45.773057806493696, 127.12375265054692, -28.0, 8.0], [46.70341390228201, 128.04671714578254, -28.0, 8.0], [47.639283967134496, 128.93766767003913, -28.0, 8.0], [48.5982069204951, 129.7888661442184, -28.0, 8.0], [49.59732077060825, 130.59634460357347, -28.0, 8.0], [50.633073872103544, 131.3640280754785, -28.0, 8.0], [51.70191457961055, 132.09584158730763, -28.0, 8.0], [52.80029124775886, 132.79571016643493, -28.0, 8.0], [53.924652231178115, 133.46755884023463, -28.0, 8.0], [55.071445884497855, 134.11531263608077, -28.0, 8.0], [56.2371205623477, 134.74289658134745, -28.0, 8.0], [57.418124619357215, 135.35423570340885, -28.0, 8.0], [58.61090641015602, 135.95325502963908, -28.0, 8.0], [59.81191428937369, 136.5438795874123, -28.0, 8.0], [61.01759661163982, 137.13003440410256, -28.0, 8.0], [62.224401731583995, 137.71564450708402, -28.0, 8.0], [63.42877800383584, 138.30463492373084, -28.0, 8.0], [64.62717378302492, 138.90093068141712, -28.0, 8.0], [65.81603742378083, 139.50845680751692, -28.0, 8.0], [66.99181728073314, 140.13113832940445, -28.0, 8.0], [68.15096170851152, 140.7729002744538, -28.0, 8.0], [69.28991906174545, 141.4376676700391, -28.0, 8.0], [70.41338052050966, 142.14586634422793, -28.0, 8.0], [71.52920413789371, 142.90873116788856, -28.0, 8.0], [72.63858857804975, 143.71640073259655, -28.0, 8.0], [73.74273250512987, 144.55901362992714, -28.0, 8.0], [74.8428345832862, 145.42670845145574, -28.0, 8.0], 