{"control_nodes": [[-4.592425496802574e-15, -25.0, -28.0, 8.0], [0.0, 0.0, -28.0, 8.0], [0.43631016093208996, 24.996192378909782, -28.0, 8.0], [0.8726203218641799, 49.992384757819565, -28.0, 8.0], [-13.822010985447646, 70.21780961719325, -28.0, 8.0], [-1.7017704792892179, 92.08330229567815, -28.0, 8.0], [3.068454405124405, 116.62398188186975, -28.0, 8.0], [10.793879264498091, 140.4003947892486, -28.0, 8.0], [-2.822096610877585, 161.36715898788418, -28.0, 8.0], [-5.4353081925689235, 186.230206372091, -28.0, 8.0], [-28.614904556738608, 195.59537120748882, -28.0, 8.0], [-51.62752589304962, 205.36364941972067, -28.0, 8.0]], "sample_nodes": [[0.0, 0.0, -28.0, 8.0], [0.012658656076029565, 1.3156790032662282, -28.0, 8.0], [0.02754370894935066, 2.6313385770619515, -28.0, 8.0], [0.044464324608766974, 3.9469803867703668, -28.0, 8.0], [0.06322966904308198, 5.262606097774648, -28.0, 8.0], [0.08364890824109937, 6.578217375457992, -28.0, 8.0], [0.10553120819162266, 7.893815885203578, -28.0, 8.0], [0.12868573488345536, 9.20940329239459, -28.0, 8.0], [0.15292165430540106, 10.524981262414212, -28.0, 8.0], [0.17804813244626355, 11.840551460645646, -28.0, 8.0], [0.20387433529484628, 13.156115552472063, -28.0, 8.0], [0.2302094288399526, 14.471675203276643, -28.0, 8.0], [0.2568625790703865, 15.78723207844259, -28.0, 8.0], [0.28364295197495115, 17.10278784335307, -28.0, 8.0], [0.31035971354245045, 18.418344163391282, -28.0, 8.0], [0.33682202976168785, 19.733902703940412, -28.0, 8.0], [0.36283906662146675, 21.049465130383634, -28.0, 8.0], [0.38821999011059116, 22.36503310810415, -28.0, 8.0], [0.41277396621786433, 23.68060830248514, -28.0, 8.0], [0.43631016093208996, 24.996192378909782, -28.0, 8.0], [0.47912783716924995, 26.318041388453782, -28.0, 8.0], [0.5572414841735626, 27.65101917483296, -28.0, 8.0], [0.6640331074261876, 28.99303909239074, -28.0, 8.0], [0.7928847124082826, 30.342014495470508, -28.0, 8.0], [0.9371783046010079, 31.695858738415687, -28.0, 8.0], [1.090295889485521, 33.05248517556965, -28.0, 8.0], [1.245619472542981, 34.40980716127582, -28.0, 8.0], [1.3965310592545468, 35.765738049877584, -28.0, 8.0], [1.536412655101378, 37.11819119571835, -28.0, 8.0], [1.6586462655646326, 38.46507995314153, -28.0, 8.0], [1.7566138961254687, 39.804317676490506, -28.0, 8.0], [1.8236975522650465, 41.1338177201087, -28.0, 8.0], [1.8532792394645239, 42.45149343833949, -28.0, 8.0], [1.8387409632050598, 43.7552581855263, -28.0, 8.0], [1.7734647289678134, 45.04302531601252, -28.0, 8.0], [1.650832542233944, 46.312708184141556, -28.0, 8.0], [1.4642264084846097, 47.562220144256806, -28.0, 8.0], [1.2070283332009684, 48.78947455070168, -28.0, 8.0], [0.8726203218641799, 49.992384757819565, -28.0, 8.0], [0.4214053881412914, 51.1674076623285, -28.0, 8.0], [-0.1695705749450681, 52.3142605787503, -28.0, 8.0], [-0.8819612428803756, 53.435747488134126, -28.0, 8.0], [-1.6974202911500988, 54.53467237152906, -28.0, 8.0], [-2.597601395239716, 55.61383920998427, -28.0, 8.0], [-3.564158230634697, 56.676051984548856, -28.0, 8.0], [-4.578744472820512, 57.72411467627194, -28.0, 8.0], [-5.623013797282635, 58.76083126620265, -28.0, 8.0], [-6.678619879506547, 59.789005735390106, -28.0, 8.0], [-7.727216394977711, 60.81144206488344, -28.0, 8.0], [-8.7504570191816, 61.830944235731764, -28.0, 8.0], [-9.729995427603695, 62.85031622898423, -28.0, 8.0], [-10.647485295729453, 63.872362025689924, -28.0, 8.0], [-11.484580299044366, 64.899885606898, -28.0, 8.0], [-12.222934113033894, 65.93569095365756, -28.0, 8.0], [-12.844200413183511, 66.98258204701773, -28.0, 8.0], [-13.330032874978697, 68.04336286802767, -28.0, 8.0], [-13.662085173904917, 69.12083739773647, -28.0, 8.0], [-13.822010985447646, 70.21780961719325, -28.0, 8.0], [-13.807789126643636, 71.32637867799916, -28.0, 8.0], [-13.639591358316459, 72.43707623904497, -28.0, 8.0], [-13.332360771631837, 73.55035504231434, -28.0, 8.0], [-12.901040457755485, 74.66666782979092, -28.0, 8.0], [-12.360573507853116, 75.78646734345831, -28.0, 8.0], [-11.725903013090445, 76.91020632530021, -28.0, 8.0], [-11.011972064633195, 78.03833751730019, -28.0, 8.0], [-10.233723753647077, 79.17131366144196, -28.0, 8.0], [-9.406101171297806, 80.3095874997091, -28.0, 8.0], [-8.544047408751096, 81.45361177408529, -28.0, 8.0], [-7.662505557172669, 82.60383922655413, -28.0, 8.0], [-6.776418707728232, 83.76072259909932, -28.0, 8.0], [-5.900729951583516, 84.92471463370444, -28.0, 8.0], [-5.050382379904221, 86.09626807235318, -28.0, 8.0], [-4.240319083856069, 87.27583565702913, -28.0, 8.0], [-3.485483154604781, 88.46387012971597, -28.0, 8.0], [-2.800817683316064, 89.66082423239735, -28.0, 8.0], [-2.201265761155638, 90.86715070705685, -28.0, 8.0], [-1.7017704792892179, 92.08330229567815, -28.0, 8.0], [-1.2809865582772135, 93.31273566084452, -28.0, 8.0], [-0.904601783840575, 94.5576027348067, -28.0, 8.0], [-0.5681088448858301, 95.81639916404973, -28.0, 8.0], [-0.26700043031951054, 97.08762059505855, -28.0, 8.0], [0.0032307709518573646, 98.36976267431815, -28.0, 8.0], [0.24709207002174163, 99.66132104831351, -28.0, 8.0], [0.4690907779836132, 100.96079136352957, -28.0, 8.0], [0.6737342059309429, 102.26666926645134, -28.0, 8.0], [0.8655296649572025, 103.5774504035638, -28.0, 8.0], [1.0489844661558614, 104.89163042135189, -28.0, 8.0], [1.2286059206203892, 106.2077049663006, -28.0, 8.0], [1.408901339444259, 107.52416968489493, -28.0, 8.0], [1.5943780337209386, 108.83952022361983, -28.0, 8.0], [1.7895433145439004, 110.15225222896024, -28.0, 8.0], [1.9989044930066147, 111.46086134740119, -28.0, 8.0], [2.2269688802025502, 112.76384322542764, -28.0, 8.0], [2.478243787225181, 114.0596935095246, -28.0, 8.0], [2.7572365251679765, 115.34690784617698, -28.0, 8.0], [3.068454405124405, 116.62398188186975, -28.0, 8.0], [3.4332610219640496, 117.89710961184647, -28.0, 8.0], [3.8629305066969115, 119.17289152546235, -28.0, 8.0], [4.346835974627102, 120.45043301037025, -28.0, 8.0], [4.874350541058724, 121.72883945422284, -28.0, 8.0], [5.434847321295889, 123.00721624467295, -28.0, 8.0], [6.017699430642704, 124.28466876937324, -28.0, 8.0], [6.612279984403272, 125.56030241597654, -28.0, 8.0], [7.207962097881701, 126.83322257213555, -28.0, 8.0], [7.7941188863821065, 128.10253462550304, -28.0, 8.0], [8.360123465208588, 129.3673439637317, -28.0, 8.0], [8.89534894966525, 130.62675597447438, -28.0, 8.0], [9.38916845505621, 131.87987604538375, -28.0, 8.0], [9.830955096685562, 133.12580956411261, -28.0, 8.0], [10.210081989857425, 134.36366191831368, -28.0, 8.0], [10.515922249875901, 135.59253849563976, -28.0, 8.0], [10.737848992045098, 136.81154468374348, -28.0, 8.0], [10.865235331669126, 138.01978587027773, -28.0, 8.0], [10.88745438405209, 139.21636744289518, -28.0, 8.0], [10.793879264498091, 140.4003947892486, -28.0, 8.0], [10.566865814924627, 141.56515618564075, -28.0, 8.0], [10.205285627573764, 142.70649168382974, -28.0, 8.0], [9.723285443236483, 143.8273343346515, -28.0, 8.0], [9.13501200270375, 144.93061718894182, -28.0, 8.0], [8.454612046766545, 146.01927329753644, -28.0, 8.0], [7.696232316215844, 147.09623571127133, -28.0, 8.0], [6.874019551842625, 148.16443748098217, -28.0, 8.0], [6.002120494437859, 149.22681165750492, -28.0, 8.0], [5.0946818847925215, 150.28629129167535, -28.0, 8.0], [4.165850463697588, 151.34580943432928, -28.0, 8.0], [3.2297729719440396, 152.40829913630256, -28.0, 8.0], [2.3005961503228405, 153.47669344843098, -28.0, 8.0], [1.3924667396249835, 154.55392542155042, -28.0, 8.0], [0.5195314806414284, 155.64292810649664, -28.0, 8.0], [-0.30406288583684427, 156.74663455410553, -28.0, 8.0], [-1.0641696190188528, 157.8679778152129, -28.0, 8.0], [-1.746641978113632, 159.0098909406546, -28.0, 8.0], [-2.3373332223302015, 160.17530698126643, -28.0, 8.0], [-2.822096610877585, 161.36715898788418, -28.0, 8.0], [-3.192517916246462, 162.60405112559746, -28.0, 8.0], [-3.458819246867038, 163.896977092189, -28.0, 8.0], [-3.634808365857621, 165.23745423753442, -28.0, 8.0], [-3.734293036336521, 166.6169999115093, 