{"control_nodes": [[-4.592425496802574e-15, -25.0, -28.0, 8.0], [0.0, 0.0, -28.0, 8.0], [0.43631016093208996, 24.996192378909782, -28.0, 8.0], [0.8726203218641799, 49.992384757819565, -28.0, 8.0], [-23.4866312977667, 55.616161116416194, -28.0, 8.0], [-43.45251904894902, 40.57078553761498, -28.0, 8.0], [-62.03113968588387, 23.84252037864352, -28.0, 8.0], [-84.10482950735704, 12.105731308996253, -28.0, 8.0], [-108.01244840643292, 4.796438690927838, -28.0, 8.0], [-124.74071356540438, 23.375059327862694, -28.0, 8.0], [-126.4846254090075, 48.3141605843583, -28.0, 8.0], [-127.7930243150811, 73.27989895322264, -28.0, 8.0]], "sample_nodes": [[0.0, 0.0, -28.0, 8.0], [0.012658656076029565, 1.3156790032662282, -28.0, 8.0], [0.02754370894935066, 2.6313385770619515, -28.0, 8.0], [0.044464324608766974, 3.9469803867703668, -28.0, 8.0], [0.06322966904308198, 5.262606097774648, -28.0, 8.0], [0.08364890824109937, 6.578217375457992, -28.0, 8.0], [0.10553120819162266, 7.893815885203578, -28.0, 8.0], [0.12868573488345536, 9.20940329239459, -28.0, 8.0], [0.15292165430540106, 10.524981262414212, -28.0, 8.0], [0.17804813244626355, 11.840551460645646, -28.0, 8.0], [0.20387433529484628, 13.156115552472063, -28.0, 8.0], [0.2302094288399526, 14.471675203276643, -28.0, 8.0], [0.2568625790703865, 15.78723207844259, -28.0, 8.0], [0.28364295197495115, 17.10278784335307, -28.0, 8.0], [0.31035971354245045, 18.418344163391282, -28.0, 8.0], [0.33682202976168785, 19.733902703940412, -28.0, 8.0], [0.36283906662146675, 21.049465130383634, -28.0, 8.0], [0.38821999011059116, 22.36503310810415, -28.0, 8.0], [0.41277396621786433, 23.68060830248514, -28.0, 8.0], [0.43631016093208996, 24.996192378909782, -28.0, 8.0], [0.49180921678885514, 26.33720086308667, -28.0, 8.0], [0.6051489182920707, 27.723399412334988, -28.0, 8.0], [0.7654841443830287, 29.146314889453862, -28.0, 8.0], [0.9619697740030173, 30.597474157242377, -28.0, 8.0], [1.1837606860933296, 32.06840407849966, -28.0, 8.0], [1.4200117595952544, 33.550631516024794, -28.0, 8.0], [1.659877873450081, 35.0356833326169, -28.0, 8.0], [1.8925139065991023, 36.51508639107506, -28.0, 8.0], [2.1070747379836083, 37.98036755419841, -28.0, 8.0], [2.2927152465448883, 39.42305368478604, -28.0, 8.0], [2.4385903112242326, 40.834671645637044, -28.0, 8.0], [2.533854810962933, 42.20674829955055, -28.0, 8.0], [2.5676636247022784, 43.53081050932563, -28.0, 8.0], [2.5291716313835613, 44.79838513776143, -28.0, 8.0], [2.4075337099480683, 46.00099904765703, -28.0, 8.0], [2.191904739337096, 47.130179101811535, -28.0, 8.0], [1.8714395984919299, 48.17745216302406, -28.0, 8.0], [1.4352931663538608, 49.1343450940937, -28.0, 8.0], [0.8726203218641799, 49.992384757819565, -28.0, 8.0], [0.1704262555204577, 50.7730433127373, -28.0, 8.0], [-0.6685426299244253, 51.50306356327937, -28.0, 8.0], [-1.6315196371462246, 52.18187834109017, -28.0, 8.0], [-2.7057380688206822, 52.80892047781405, -28.0, 8.0], [-3.8784312276235564, 53.38362280509541, -28.0, 8.0], [-5.136832416230591, 53.90541815457859, -28.0, 8.0], [-6.468174937317533, 54.37373935790798, -28.0, 8.0], [-7.859692093560134, 54.788019246727956, -28.0, 8.0], [-9.29861718763415, 55.14769065268289, -28.0, 8.0], [-10.772183522215327, 55.45218640741713, -28.0, 8.0], [-12.267624399979404, 55.70093934257507, -28.0, 8.0], [-13.772173123602151, 55.893382289801075, -28.0, 8.0], [-15.27306299575929, 56.02894808073952, -28.0, 8.0], [-16.75752731912659, 56.10706954703476, -28.0, 8.0], [-18.212799396379808, 56.1271795203312, -28.0, 8.0], [-19.626112530194664, 56.08871083227319, -28.0, 8.0], [-20.98470002324694, 55.99109631450511, -28.0, 8.0], [-22.27579517821237, 55.83376879867132, -28.0, 8.0], [-23.4866312977667, 55.616161116416194, -28.0, 8.0], [-24.643052908627432, 55.31468393842126, -28.0, 8.0], [-25.780292209885033, 54.911662208082504, -28.0, 8.0], [-26.899664012774792, 54.415400166116044, -28.0, 8.0], [-28.002483128531942, 53.83420205323797, -28.0, 8.0], [-29.090064368391744, 53.176372110164344, -28.0, 8.0], [-30.163722543589447, 52.45021457761128, -28.0, 8.0], [-31.224772465360303, 51.66403369629487, -28.0, 8.0], [-32.274528944939576, 50.82613370693123, -28.0, 8.0], [-33.31430679356251, 49.94481885023641, -28.0, 8.0], [-34.34542082246436, 49.02839336692652, -28.0, 8.0], [-35.36918584288037, 48.08516149771768, -28.0, 8.0], [-36.38691666604581, 47.12342748332593, -28.0, 8.0], [-37.399928103195926, 46.15149556446742, -28.0, 8.0], [-38.40953496556597, 45.177669981858195, -28.0, 8.0], [-39.4170520643912, 44.21025497621438, -28.0, 8.0], [-40.42379421090686, 43.25755478825206, -28.0, 8.0], [-41.431076216348224, 42.327873658687324, -28.0, 8.0], [-42.44021289195053, 41.42951582823627, -28.0, 8.0], [-43.45251904894902, 40.57078553761498, -28.0, 8.0], [-44.458520463117374, 39.72354849209741, -28.0, 8.0], [-45.44928999859331, 38.85608039938123, -28.0, 8.0], [-46.42696309915819, 37.971300503818206, -28.0, 8.0], [-47.39367520859337, 37.072128049760025, -28.0, 8.0], [-48.35156177068025, 36.16148228155844, -28.0, 8.0], [-49.30275822920013, 35.24228244356516, -28.0, 8.0], [-50.24940002793441, 34.31744778013191, -28.0, 8.0], [-51.19362261066445, 33.389897535610416, -28.0, 8.0], [-52.13756142117161, 32.462550954352416, -28.0, 8.0], [-53.08335190323723, 31.538327280709616, -28.0, 8.0], [-54.03312950064268, 30.620145759033754, -28.0, 8.0], [-54.989029657169354, 29.710925633676545, -28.0, 8.0], [-55.95318781659857, 28.81358614898973, -28.0, 8.0], [-56.92773942271171, 27.93104654932502, -28.0, 8.0], [-57.914819919290125, 27.06622607903415, -28.0, 8.0], [-58.916564750115185, 26.222043982468836, -28.0, 8.0], [-59.935109358968276, 25.40141950398082, -28.0, 8.0], [-60.97258918963072, 24.607271887921797, -28.0, 8.0], [-62.03113968588387, 23.84252037864352, -28.0, 8.0], [-63.1079578016381, 23.101093428843637, -28.0, 8.0], [-64.19833249360126, 22.374808878796063, -28.0, 8.0], [-65.3015372097511, 21.663420054216903, -28.0, 8.0], [-66.41684539806533, 20.96668028082226, -28.0, 8.0], [-67.54353050652169, 20.284342884328243, -28.0, 8.0], [-68.68086598309789, 19.616161190450956, -28.0, 8.0], [-69.82812527577164, 18.9618885249065, -28.0, 8.0], [-70.98458183252066, 18.321278213410984, -28.0, 8.0], [-72.1495091013227, 17.69408358168051, -28.0, 8.0], [-73.32218053015548, 17.080057955431187, -28.0, 8.0], [-74.50186956699667, 16.478954660379113, -28.0, 8.0], [-75.68784965982407, 15.890527022240395, -28.0, 8.0], [-76.87939425661531, 15.31452836673115, -28.0, 8.0], [-78.0757768053482, 14.750712019567464, -28.0, 8.0], [-79.27627075400041, 14.198831306465454, -28.0, 8.0], [-80.48014955054967, 13.658639553141226, -28.0, 8.0], [-81.68668664297373, 13.129890085310882, -28.0, 8.0], [-82.89515547925028, 12.612336228690522, -28.0, 8.0], [-84.10482950735704, 12.105731308996253, -28.0, 8.0], [-85.32923074597136, 11.582491728944714, -28.0, 8.0], [-86.57973741942426, 11.02145593424457, -28.0, 8.0], [-87.85240728417396, 10.43201031509997, -28.0, 8.0], [-89.14329809667865, 9.823541261715064, -28.0, 8.0], [-90.44846761339655, 9.20543516429401, -28.0, 8.0], [-91.76397359078587, 8.587078413040949, -28.0, 8.0], [-93.0858737853048, 7.977857398160039, -28.0, 8.0], [-94.41022595341161, 7.387158509855431, -28.0, 8.0], [-95.73308785156445, 6.824368138331273, -28.0, 8.0], [-97.0505172362216, 6.298872673791721, -28.0, 8.0], [-98.35857186384118, 5.820058506440921, -28.0, 8.0], [-99.6533094908815, 5.3973120264830285, -28.0, 8.0], [-100.93078787380071, 5.040019624122192, -28.0, 8.0], [-102.18706476905705, 4.757567689562564, -28.0, 8.0], [-103.4181979331087, 4.559342613008295, -28.0, 8.0], [-104.6202451224139, 4.454730784663537, -28.0, 8.0], [-105.78926409343087, 4.45311859473244, -28.0, 8.0], [-106.92131260261783, 4.563892433419158, -28.0, 8.0], [-108.01244840643294, 4.796438690927838, -28.0, 8.0], [-109.08211136140072, 5.154478605936864, -28.0, 8.0], [-110.15009364457113, 5.629781864583756, -28.0, 8.0], [-111.21298149319088, 6.2138075282613885, -28.0, 8.0], [-112.2673611445064, 6.8980146583626185, 