{"control_nodes": [[-4.592425496802574e-15, -25.0, -28.0, 8.0], [0.0, 0.0, -28.0, 8.0], [0.43631016093208996, 24.996192378909782, -28.0, 8.0], [0.8726203218641799, 49.992384757819565, -28.0, 8.0], [-23.581069696480963, 55.19017702826355, -28.0, 8.0], [-37.56089228324963, 34.4642377143875, -28.0, 8.0], [-62.54566295872702, 35.336725131950026, -28.0, 8.0], [-86.577205357185, 28.44579123652505, -28.0, 8.0], [-110.8345985140849, 34.493838626516734, -28.0, 8.0], [-128.20105777555983, 16.510343618050452, -28.0, 8.0], [-152.89326629043828, 20.42120524405622, -28.0, 8.0], [-177.58547480531672, 24.332066870061997, -28.0, 8.0]], "sample_nodes": [[0.0, 0.0, -28.0, 8.0], [0.012658656076029565, 1.3156790032662282, -28.0, 8.0], [0.02754370894935066, 2.6313385770619515, -28.0, 8.0], [0.044464324608766974, 3.9469803867703668, -28.0, 8.0], [0.06322966904308198, 5.262606097774648, -28.0, 8.0], [0.08364890824109937, 6.578217375457992, -28.0, 8.0], [0.10553120819162266, 7.893815885203578, -28.0, 8.0], [0.12868573488345536, 9.20940329239459, -28.0, 8.0], [0.15292165430540106, 10.524981262414212, -28.0, 8.0], [0.17804813244626355, 11.840551460645646, -28.0, 8.0], [0.20387433529484628, 13.156115552472063, -28.0, 8.0], [0.2302094288399526, 14.471675203276643, -28.0, 8.0], [0.2568625790703865, 15.78723207844259, -28.0, 8.0], [0.28364295197495115, 17.10278784335307, -28.0, 8.0], [0.31035971354245045, 18.418344163391282, -28.0, 8.0], [0.33682202976168785, 19.733902703940412, -28.0, 8.0], [0.36283906662146675, 21.049465130383634, -28.0, 8.0], [0.38821999011059116, 22.36503310810415, -28.0, 8.0], [0.41277396621786433, 23.68060830248514, -28.0, 8.0], [0.43631016093208996, 24.996192378909782, -28.0, 8.0], [0.49193313362635743, 26.33775981581934, -28.0, 8.0], [0.6056170485670795, 27.72551101154729, -28.0, 8.0], [0.7664754790830473, 29.15078651131521, -28.0, 8.0], [0.9636219985030481, 30.604926860344627, -28.0, 8.0], [1.1861701801558748, 32.079272603857106, -28.0, 8.0], [1.4232335973703145, 33.56516428707418, -28.0, 8.0], [1.663925823475157, 35.0539424552174, -28.0, 8.0], [1.8973604317991928, 36.53694765350832, -28.0, 8.0], [2.1126509956712125, 38.005520427168506, -28.0, 8.0], [2.298911088420004, 39.45100132141947, -28.0, 8.0], [2.445254283374357, 40.86473088148278, -28.0, 8.0], [2.5407941538630627, 42.238049652579996, -28.0, 8.0], [2.5746442732149086, 43.56229817993263, -28.0, 8.0], [2.535918214758687, 44.828817008762286, -28.0, 8.0], [2.4137295518231845, 46.02894668429046, -28.0, 8.0], [2.197191857737195, 47.154027751738724, -28.0, 8.0], [1.8754187058295042, 48.195400756328645, -28.0, 8.0], [1.4375236694289026, 49.144406243281736, -28.0, 8.0], [0.8726203218641799, 49.992384757819565, -28.0, 8.0], [0.15970781647507348, 50.767579015212874, -28.0, 8.0], [-0.704645406974961, 51.5022186292985, -28.0, 8.0], [-1.7049718455215679, 52.19362449314727, -28.0, 8.0], [-2.825803996200378, 52.83911749982993, -28.0, 8.0], [-4.051674356047036, 53.436018542417266, -28.0, 8.0], [-5.367115422097175, 53.98164851398003, -28.0, 8.0], [-6.75665969138643, 54.47332830758903, -28.0, 8.0], [-8.20483966095044, 54.90837881631502, -28.0, 8.0], [-9.696187827824854, 55.28412093322878, -28.0, 8.0], [-11.215236689045298, 55.59787555140106, -28.0, 8.0], [-12.746518741647407, 55.84696356390266, -28.0, 8.0], [-14.274566482666836, 56.02870586380434, -28.0, 8.0], [-15.783912409139194, 56.14042334417688, -28.0, 8.0], [-17.25908901810014, 56.179436898091055, -28.0, 8.0], [-18.684628806585316, 56.14306741861765, -28.0, 8.0], [-20.045064271630338, 56.028635798827416, -28.0, 8.0], [-21.324927910270873, 55.833462931791146, -28.0, 8.0], [-22.50875221954253, 55.5548697105796, -28.0, 8.0], [-23.581069696480963, 55.19017702826355, -28.0, 8.0], [-24.549787868946417, 54.68328018962347, -28.0, 8.0], [-25.439388891750895, 53.99371744733062, -28.0, 8.0], [-26.259267202357737, 53.14227411629206, -28.0, 8.0], [-27.01881723823024, 52.14973551141479, -28.0, 8.0], [-27.727433436831724, 51.036886947605836, -28.0, 8.0], [-28.394510235625496, 49.824513739772236, -28.0, 8.0], [-29.029442072074865, 48.533401202821, -28.0, 8.0], [-29.64162338364315, 47.18433465165916, -28.0, 8.0], [-30.24044860779366, 45.79809940119374, -28.0, 8.0], [-30.835312181989707, 44.395480766331744, -28.0, 8.0], [-31.435608543694592, 42.99726406198022, -28.0, 8.0], [-32.05073213037164, 41.62423460304616, -28.0, 8.0], [-32.69007737948416, 40.29717770443664, -28.0, 8.0], [-33.36303872849546, 39.03687868105864, -28.0, 8.0], [-34.079010614868864, 37.8641228478192, -28.0, 8.0], [-34.84738747606766, 36.799695519625345, -28.0, 8.0], [-35.67756374955518, 35.8643820113841, -28.0, 8.0], [-36.57893387279474, 35.078967638002474, -28.0, 8.0], [-37.56089228324963, 34.4642377143875, -28.0, 8.0], [-38.61720948371176, 34.01022016358766, -28.0, 8.0], [-39.731906161581236, 33.684524478454556, -28.0, 8.0], [-40.89975203123379, 33.4743083285999, -28.0, 8.0], [-42.11551680704504, 33.36672938363541, -28.0, 8.0], [-43.373970203390726, 33.348945313172784, -28.0, 8.0], [-44.669881934646526, 33.40811378682373, -28.0, 8.0], [-45.99802171518809, 33.531392474199976, -28.0, 8.0], [-47.35315925939113, 33.70593904491322, -28.0, 8.0], [-48.73006428163132, 33.91891116857518, -28.0, 8.0], [-50.12350649628435, 34.15746651479754, -28.0, 8.0], [-51.52825561772588, 34.40876275319204, -28.0, 8.0], [-52.93908136033164, 34.65995755337039, -28.0, 8.0], [-54.35075343847727, 34.898208584944285, -28.0, 8.0], [-55.75804156653848, 35.11067351752544, -28.0, 8.0], [-57.15571545889094, 35.28451002072556, -28.0, 8.0], [-58.538544829910336, 35.406875764156375, -28.0, 8.0], [-59.901299393972366, 35.46492841742959, -28.0, 8.0], [-61.2387488654527, 35.445825650156905, -28.0, 8.0], [-62.54566295872702, 35.336725131950026, -28.0, 8.0], [-63.832698551363634, 35.140427754035876, -28.0, 8.0], [-65.11434318295186, 34.87433252708815, -28.0, 8.0], [-66.391112560899, 34.54749429988878, -28.0, 8.0], [-67.66352239261226, 34.168967921219696, -28.0, 8.0], [-68.93208838549897, 33.74780823986282, -28.0, 8.0], [-70.19732624696633, 33.293070104600076, -28.0, 8.0], [-71.4597516844216, 32.81380836421337, -28.0, 8.0], [-72.71988040527206, 32.31907786748465, -28.0, 8.0], [-73.97822811692497, 31.81793346319582, -28.0, 8.0], [-75.23531052678757, 31.31943000012881, -28.0, 8.0], [-76.49164334226711, 30.83262232706555, -28.0, 8.0], [-77.74774227077089, 30.36656529278795, -28.0, 8.0], [-79.00412301970613, 29.930313746077953, -28.0, 8.0], [-80.2613012964801, 29.532922535717457, -28.0, 8.0], [-81.51979280850006, 29.1834465104884, -28.0, 8.0], [-82.78011326317328, 28.890940519172716, -28.0, 8.0], [-84.042778367907, 28.664459410552315, -28.0, 8.0], [-85.30830383010849, 28.513058033409116, -28.0, 8.0], [-86.577205357185, 28.44579123652505, -28.0, 8.0], [-87.85761788260155, 28.4900417134365, -28.0, 8.0], [-89.15525736805195, 28.656375442041323, -28.0, 8.0], [-90.46701106328669, 28.928622197663692, -28.0, 8.0], [-91.78976621805619, 29.29061175562775, -28.0, 8.0], [-93.12041008211095, 29.72617389125766, -28.0, 8.0], [-94.4558299052014, 30.219138379877563, -28.0, 8.0], [-95.79291293707801, 30.75333499681163, -28.0, 8.0], [-97.12854642749126, 31.312593517383995, -28.0, 8.0], [-98.45961762619156, 31.880743716918836, -28.0, 8.0], [-99.78301378292942, 32.441615370740294, -28.0, 8.0], [-101.09562214745524, 32.97903825417251, -28.0, 8.0], [-102.39432996951955, 33.47684214253967, -28.0, 8.0], [-103.67602449887276, 33.91885681116591, -28.0, 8.0], [-104.93759298526533, 34.28891203537539, -28.0, 8.0], [-106.17592267844773, 34.57083759049225, -28.0, 8.0], [-107.38790082817044, 34.74846325184066, -28.0, 8.0], [-108.5704146841839, 34.80561879474479, -28.0, 8.0], [-109.72035149623856, 34.72613399452876, -28.0, 8.0], [-110.8345985140849, 34.493838626516734, -28.0, 8.0], [-111.90176447722396, 34.08620179327335, -28.0, 8.0], [-112.91667870185962, 33.50486417418689, -28.0, 8.0], [-113.88555930279686, 32.76991290981705, -28.0, 8.0], [-114.81462439484048, 31.901435140723486, 