{"control_nodes": [[-4.592425496802574e-15, -25.0, -28.0, 8.0], [0.0, 0.0, -28.0, 8.0], [0.43631016093208996, 24.996192378909782, -28.0, 8.0], [0.8726203218641799, 49.992384757819565, -28.0, 8.0], [-5.597855805698841, 74.14053041504627, -28.0, 8.0], [-30.502723257992482, 71.96163684635482, -28.0, 8.0], [-49.93137229441675, 87.69464662260076, -28.0, 8.0], [-58.481875877558466, 111.18696214224846, -28.0, 8.0], [-38.00307477033367, 125.52637305102462, -28.0, 8.0], [-22.611537887192213, 145.22664189119268, -28.0, 8.0], [-38.6812281293557, 164.37775296916715, -28.0, 8.0], [-54.75091837151919, 183.5288640471416, -28.0, 8.0]], "sample_nodes": [[0.0, 0.0, -28.0, 8.0], [0.012658656076029565, 1.3156790032662282, -28.0, 8.0], [0.02754370894935066, 2.6313385770619515, -28.0, 8.0], [0.044464324608766974, 3.9469803867703668, -28.0, 8.0], [0.06322966904308198, 5.262606097774648, -28.0, 8.0], [0.08364890824109937, 6.578217375457992, -28.0, 8.0], [0.10553120819162266, 7.893815885203578, -28.0, 8.0], [0.12868573488345536, 9.20940329239459, -28.0, 8.0], [0.15292165430540106, 10.524981262414212, -28.0, 8.0], [0.17804813244626355, 11.840551460645646, -28.0, 8.0], [0.20387433529484628, 13.156115552472063, -28.0, 8.0], [0.2302094288399526, 14.471675203276643, -28.0, 8.0], [0.2568625790703865, 15.78723207844259, -28.0, 8.0], [0.28364295197495115, 17.10278784335307, -28.0, 8.0], [0.31035971354245045, 18.418344163391282, -28.0, 8.0], [0.33682202976168785, 19.733902703940412, -28.0, 8.0], [0.36283906662146675, 21.049465130383634, -28.0, 8.0], [0.38821999011059116, 22.36503310810415, -28.0, 8.0], [0.41277396621786433, 23.68060830248514, -28.0, 8.0], [0.43631016093208996, 24.996192378909782, -28.0, 8.0], [0.46833655613444325, 26.312894211433708, -28.0, 8.0], [0.516474422486515, 27.63157428386824, -28.0, 8.0], [0.5777028591477339, 28.951861676230163, -28.0, 8.0], [0.6490009652775266, 30.27338546853621, -28.0, 8.0], [0.7273478400353218, 31.595774740803165, -28.0, 8.0], [0.8097225825805465, 32.918658573047765, -28.0, 8.0], [0.8931042920726284, 34.241666045286784, -28.0, 8.0], [0.9744720676709956, 35.56442623753696, -28.0, 8.0], [1.0508050085350757, 36.8865682298151, -28.0, 8.0], [1.1190822138242966, 38.20772110213791, -28.0, 8.0], [1.1762827826980853, 39.52751393452216, -28.0, 8.0], [1.2193858143158705, 40.84557580698465, -28.0, 8.0], [1.2453704078370789, 42.16153579954208, -28.0, 8.0], [1.251215662421139, 43.47502299221125, -28.0, 8.0], [1.2339006772274779, 44.7856664650089, -28.0, 8.0], [1.1904045514155241, 46.0930952979518, -28.0, 8.0], [1.1177063841447048, 47.3969385710567, -28.0, 8.0], [1.0127852745744474, 48.69682536434037, -28.0, 8.0], [0.8726203218641799, 49.992384757819565, -28.0, 8.0], [0.7193861796581049, 51.31791435458364, -28.0, 8.0], [0.5739101277127623, 52.70052967701555, -28.0, 8.0], [0.43115020435608464, 54.129086684072504, -28.0, 8.0], [0.28606444791600566, 55.59244133471165, -28.0, 8.0], [0.1336108967204576, 57.07944958789022, -28.0, 8.0], [-0.031252410902625594, 58.57896740256533, -28.0, 8.0], [-0.213567436625311, 60.079850737694194, -28.0, 8.0], [-0.41837614211966445, 61.57095555223398, -28.0, 8.0], [-0.6507204890577551, 63.041137805141894, -28.0, 8.0], [-0.9156424391116489, 64.47925345537507, -28.0, 8.0], [-1.2181839539534107, 65.87415846189072, -28.0, 8.0], [-1.5633869952551112, 67.21470878364602, -28.0, 8.0], [-1.9562935246888122, 68.48976037959815, -28.0, 8.0], [-2.4019455039265845, 69.68816920870428, -28.0, 8.0], [-2.905384894640495, 70.79879122992158, -28.0, 8.0], [-3.4716536585026057, 71.81048240220726, -28.0, 8.0], [-4.105793757184991, 72.71209868451848, -28.0, 8.0], [-4.812847152359714, 73.49249603581244, -28.0, 8.0], [-5.597855805698841, 74.14053041504627, -28.0, 8.0], [-6.480429318078851, 74.62415669383279, -28.0, 8.0], [-7.469843943014545, 74.93165863577336, -28.0, 8.0], [-8.555641621135504, 75.08238553780824, -28.0, 8.0], [-9.727364293071279, 75.09568669687746, -28.0, 8.0], [-10.974553899451452, 74.9909114099213, -28.0, 8.0], [-12.286752380905586, 74.78740897387985, -28.0, 8.0], [-13.653501678063236, 74.50452868569327, -28.0, 8.0], [-15.064343731553981, 74.16161984230177, -28.0, 8.0], [-16.508820482007394, 73.7780317406455, -28.0, 8.0], [-17.976473870053027, 73.37311367766456, -28.0, 8.0], [-19.456845836320454, 72.96621495029919, -28.0, 8.0], [-20.93947832143925, 72.5766848554895, -28.0, 8.0], [-22.413913266038957, 72.22387269017568, -28.0, 8.0], [-23.869692610749162, 71.92712775129787, -28.0, 8.0], [-25.296358296199443, 71.70579933579626, -28.0, 8.0], [-26.683452263019333, 71.57923674061098, -28.0, 8.0], [-28.020516451838432, 71.5667892626822, -28.0, 8.0], [-29.297092803286294, 71.68780619895011, -28.0, 8.0], [-30.502723257992482, 71.96163684635482, -28.0, 8.0], [-31.668898064028284, 72.3564545217673, -28.0, 8.0], [-32.83250437359187, 72.82457263823221, -28.0, 8.0], [-33.991179483503146, 73.36155063695016, -28.0, 8.0], [-35.14256069058204, 73.96294795912186, -28.0, 8.0], [-36.28428529164844, 74.62432404594796, -28.0, 8.0], [-37.41399058352228, 75.34123833862913, -28.0, 8.0], [-38.52931386302345, 76.10925027836603, -28.0, 8.0], [-39.627892426971854, 76.92391930635937, -28.0, 8.0], [-40.70736357218742, 77.78080486380978, -28.0, 8.0], [-41.76536459549006, 78.67546639191795, -28.0, 8.0], [-42.799532793699655, 79.60346333188451, -28.0, 8.0], [-43.80750546363615, 80.5603551249102, -28.0, 8.0], [-44.786919902119436, 81.54170121219563, -28.0, 8.0], [-45.735413405969425, 82.54306103494149, -28.0, 8.0], [-46.65062327200602, 83.55999403434848, -28.0, 8.0], [-47.53018679704914, 84.5880596516172, -28.0, 8.0], [-48.3717412779187, 85.62281732794841, -28.0, 8.0], [-49.1729240114346, 86.65982650454269, -28.0, 8.0], [-49.93137229441675, 87.69464662260076, -28.0, 8.0], [-50.67641604702781, 88.75983025194317, -28.0, 8.0], [-51.43366767020029, 89.88595894248878, -28.0, 8.0], [-52.195188181909, 91.06563560558588, -28.0, 8.0], [-52.953038600128615, 92.29146315258254, -28.0, 8.0], [-53.69927994283391, 93.55604449482699, -28.0, 8.0], [-54.42597322799963, 94.8519825436674, -28.0, 8.0], [-55.1251794736005, 96.17188021045197, -28.0, 8.0], [-55.78895969761123, 97.50834040652887, -28.0, 8.0], [-56.409374918006634, 98.85396604324627, -28.0, 8.0], [-56.978486152761405, 100.20136003195239, -28.0, 8.0], [-57.488354419850275, 101.54312528399532, -28.0, 8.0], [-57.93104073724802, 102.87186471072337, -28.0, 8.0], [-58.29860612292936, 104.18018122348465, -28.0, 8.0], [-58.58311159486904, 105.4606777336273, -28.0, 8.0], [-58.7766181710418, 106.70595715249962, -28.0, 8.0], [-58.871186869422374, 107.90862239144968, -28.0, 8.0], [-58.858878707985525, 109.06127636182575, -28.0, 8.0], [-58.73175470470598, 110.15652197497594, -28.0, 8.0], [-58.481875877558466, 111.18696214224846, -28.0, 8.0], [-58.08300064532556, 112.15081258161965, -28.0, 8.0], [-57.52412805316434, 113.05545243806577, -28.0, 8.0], [-56.82018005861143, 113.90722976343508, -28.0, 8.0], [-55.98607861920336, 114.71249260957575, -28.0, 8.0], [-55.036745692476714, 115.47758902833601, -28.0, 8.0], [-53.987103235968064, 116.20886707156401, -28.0, 8.0], [-52.85207320721398, 116.91267479110797, -28.0, 8.0], [-51.64657756375104, 117.5953602388161, -28.0, 8.0], [-50.38553826311582, 118.2632714665366, -28.0, 8.0], [-49.08387726284487, 118.92275652611764, -28.0, 8.0], [-47.75651652047479, 119.58016346940741, -28.0, 8.0], [-46.41837799354212, 120.24184034825417, -28.0, 8.0], [-45.08438363958347, 120.91413521450605, -28.0, 8.0], [-43.7694554161354, 121.60339612001127, -28.0, 8.0], [-42.488515280734454, 122.31597111661806, -28.0, 8.0], [-41.25648519091726, 123.05820825617458, -28.0, 8.0], [-40.08828710422035, 123.83645559052908, -28.0, 8.0], [-38.9988429781803, 124.65706117152969, -28.0, 8.0], [-38.00307477033367, 125.52637305102462, -28.0, 8.0], [-37.031558126035186, 126.43733390337555, -28.0, 8.0], [-36.012611041998845, 127.37693108052507, -28.0, 8.0], [-34.95776900280019, 128.34257965069304, -28.0, 8.0], [-33.878567493014764, 