{"control_nodes": [[-4.592425496802574e-15, -25.0, -28.0, 8.0], [0.0, 0.0, -28.0, 8.0], [0.43631016093208996, 24.996192378909782, -28.0, 8.0], [0.8726203218641799, 49.992384757819565, -28.0, 8.0], [-23.384772835035733, 56.04043214781126, -28.0, 8.0], [-22.512285417473205, 81.02520282328865, -28.0, 8.0], [-6.4425951753097195, 100.1763139012631, -28.0, 8.0], [17.705550481916987, 93.70583777370008, -28.0, 8.0], [39.98071358662618, 105.05560026718875, -28.0, 8.0], [61.84620626511108, 117.17584077334718, -28.0, 8.0], [85.484170655094, 125.31504463477609, -28.0, 8.0], [109.26058356247285, 133.04046949414976, -28.0, 8.0]], "sample_nodes": [[0.0, 0.0, -28.0, 8.0], [0.012658656076029565, 1.3156790032662282, -28.0, 8.0], [0.02754370894935066, 2.6313385770619515, -28.0, 8.0], [0.044464324608766974, 3.9469803867703668, -28.0, 8.0], [0.06322966904308198, 5.262606097774648, -28.0, 8.0], [0.08364890824109937, 6.578217375457992, -28.0, 8.0], [0.10553120819162266, 7.893815885203578, -28.0, 8.0], [0.12868573488345536, 9.20940329239459, -28.0, 8.0], [0.15292165430540106, 10.524981262414212, -28.0, 8.0], [0.17804813244626355, 11.840551460645646, -28.0, 8.0], [0.20387433529484628, 13.156115552472063, -28.0, 8.0], [0.2302094288399526, 14.471675203276643, -28.0, 8.0], [0.2568625790703865, 15.78723207844259, -28.0, 8.0], [0.28364295197495115, 17.10278784335307, -28.0, 8.0], [0.31035971354245045, 18.418344163391282, -28.0, 8.0], [0.33682202976168785, 19.733902703940412, -28.0, 8.0], [0.36283906662146675, 21.049465130383634, -28.0, 8.0], [0.38821999011059116, 22.36503310810415, -28.0, 8.0], [0.41277396621786433, 23.68060830248514, -28.0, 8.0], [0.43631016093208996, 24.996192378909782, -28.0, 8.0], [0.4916755637542176, 26.336644158132223, -28.0, 8.0], [0.6046440068278847, 27.721296304729297, -28.0, 8.0], [0.7644149201059286, 29.141861249818284, -28.0, 8.0], [0.9601877335411838, 30.59005142451641, -28.0, 8.0], [1.1811618770864891, 32.05757925994096, -28.0, 8.0], [1.416536780694679, 33.536157187209156, -28.0, 8.0], [1.6555118743185893, 35.01749763743828, -28.0, 8.0], [1.8872865879110574, 36.49331304174556, -28.0, 8.0], [2.10106035142492, 37.95531583124827, -28.0, 8.0], [2.2860325948130127, 39.39521843706367, -28.0, 8.0], [2.4314027480281704, 40.804733290308974, -28.0, 8.0], [2.526370241023232, 42.17557282210149, -28.0, 8.0], [2.560134503751032, 43.49944946355843, -28.0, 8.0], [2.5218949661644077, 44.76807564579707, -28.0, 8.0], [2.400851058216193, 45.97316379993465, -28.0, 8.0], [2.1862022098592293, 47.10642635708844, -28.0, 8.0], [1.8671478510463477, 48.15957574837569, -28.0, 8.0], [1.4328874117303856, 49.124324404913644, -28.0, 8.0], [0.8726203218641799, 49.992384757819565, -28.0, 8.0], [0.14617216363087268, 50.733384041450186, -28.0, 8.0], [-0.7649031567711906, 51.333521297499516, -28.0, 8.0], [-1.8388137233663815, 51.80936666809082, -28.0, 8.0], [-3.0537676201790562, 52.17749029534731, -28.0, 8.0], [-4.387972931233589, 52.45446232139223, -28.0, 8.0], [-5.819637740554338, 52.656852888348766, -28.0, 8.0], [-7.326970132165664, 52.80123213834018, -28.0, 8.0], [-8.888178190091937, 52.90417021348969, -28.0, 8.0], [-10.481469998357529, 52.98223725592052, -28.0, 8.0], [-12.085053640986795, 53.0520034077559, -28.0, 8.0], [-13.677137202004094, 53.13003881111905, -28.0, 8.0], [-15.235928765433812, 53.232913608133195, -28.0, 8.0], [-16.739636415300282, 53.37719794092156, -28.0, 8.0], [-18.166468235627896, 53.579461951607385, -28.0, 8.0], [-19.494632310441013, 53.85627578231389, -28.0, 8.0], [-20.702336723763977, 54.2242095751643, -28.0, 8.0], [-21.767789559621185, 54.69983347228185, -28.0, 8.0], [-22.66919890203698, 55.29971761578977, -28.0, 8.0], [-23.384772835035733, 56.04043214781126, -28.0, 8.0], [-23.95232605281446, 56.915815728213104, -28.0, 8.0], [-24.427097440164165, 57.90143751659743, -28.0, 8.0], [-24.813431367000252, 58.986463404690646, -28.0, 8.0], [-25.11567220323808, 60.16005928421906, -28.0, 8.0], [-25.33816431879304, 61.411391046909046, -28.0, 8.0], [-25.485252083580512, 62.72962458448694, -28.0, 8.0], [-25.561279867515864, 64.10392578867908, -28.0, 8.0], [-25.570592040514487, 65.52346055121184, -28.0, 8.0], [-25.51753297249175, 66.97739476381159, -28.0, 8.0], [-25.406447033363044, 68.45489431820462, -28.0, 8.0], [-25.24167859304373, 69.9451251061173, -28.0, 8.0], [-25.027572021449195, 71.43725301927603, -28.0, 8.0], [-24.768471688494827, 72.92044394940709, -28.0, 8.0], [-24.468721964095998, 74.38386378823685, -28.0, 8.0], [-24.132667218168088, 75.8166784274917, -28.0, 8.0], [-23.764651820626476, 77.20805375889795, -28.0, 8.0], [-23.36902014138654, 78.54715567418197, -28.0, 8.0], [-22.95011655036366, 79.82315006507008, -28.0, 8.0], [-22.512285417473205, 81.02520282328865, -28.0, 8.0], [-22.03604905341138, 82.20455815770973, -28.0, 8.0], [-21.50110926141252, 83.41391309985435, -28.0, 8.0], [-20.910579650199296, 84.64461277542252, -28.0, 8.0], [-20.267573828494335, 85.88800231011412, -28.0, 8.0], [-19.575205405020284, 87.13542682962913, -28.0, 8.0], [-18.83658798849979, 88.37823145966749, -28.0, 8.0], [-18.054835187655495, 89.6077613259291, -28.0, 8.0], [-17.233060611210043, 90.81536155411396, -28.0, 8.0], [-16.374377867886075, 91.99237726992199, -28.0, 8.0], [-15.481900566406235, 93.1301535990531, -28.0, 8.0], [-14.55874231549317, 94.22003566720724, -28.0, 8.0], [-13.608016723869518, 95.2533686000844, -28.0, 8.0], [-12.632837400257934, 96.22149752338447, -28.0, 8.0], [-11.636317953381049, 97.1157675628074, -28.0, 8.0], [-10.62157199196151, 97.92752384405316, -28.0, 8.0], [-9.59171312472197, 98.64811149282167, -28.0, 8.0], [-8.54985496038506, 99.26887563481287, -28.0, 8.0], [-7.499111107673429, 99.78116139572671, -28.0, 8.0], [-6.4425951753097195, 100.1763139012631, -28.0, 8.0], [-5.359984350409404, 100.41752589975523, -28.0, 8.0], [-4.23178179779842, 100.48642715759551, -28.0, 8.0], [-3.0623400927651043, 100.40201832757305, -28.0, 8.0], [-1.8560118105978072, 100.18330006247679, -28.0, 8.0], [-0.6171495265848616, 99.84927301509573, -28.0, 8.0], [0.6498941839853826, 99.41893783821891, -28.0, 8.0], [1.940766745824582, 98.91129518463529, -28.0, 8.0], [3.2511155836443946, 98.34534570713393, -28.0, 8.0], [4.576588122156487, 97.74009005850377, -28.0, 8.0], [5.912831786072509, 97.11452889153384, -28.0, 8.0], [7.255494000104108, 96.48766285901313, -28.0, 8.0], [8.600222188962968, 95.87849261373066, -28.0, 8.0], [9.942663777360714, 95.30601880847541, -28.0, 8.0], [11.278466190009027, 94.78924209603642, -28.0, 8.0], [12.603276851619558, 94.34716312920267, -28.0, 8.0], [13.912743186903954, 93.99878256076315, -28.0, 8.0], [15.202512620573891, 93.7631010435069, -28.0, 8.0], [16.468232577341016, 93.65911923022287, -28.0, 8.0], [17.705550481916987, 93.70583777370008, -28.0, 8.0], [18.922702266163075, 93.88129356921328, -28.0, 8.0], [20.13125226260939, 94.14588490978173, -28.0, 8.0], [21.33184049697092, 94.49215454481134, -28.0, 8.0], [22.525106994962595, 94.91264522370794, -28.0, 8.0], [23.711691782299393, 95.39989969587742, -28.0, 8.0], [24.892234884696254, 95.94646071072567, -28.0, 8.0], [26.067376327868125, 96.5448710176585, -28.0, 8.0], [27.237756137529985, 97.18767336608184, -28.0, 8.0], [28.40401433939678, 97.86741050540154, -28.0, 8.0], [29.56679095918346, 98.57662518502345, -28.0, 8.0], [30.72672602260497, 99.30786015435339, -28.0, 8.0], [31.884459555376303, 100.05365816279735, -28.0, 8.0], [33.040631583212374, 100.80656195976113, -28.0, 8.0], [34.19588213182816, 101.55911429465058, -28.0, 8.0], [35.350851226938616, 102.3038579168716, -28.0, 8.0], [36.506178894258674, 103.03333557583007, -28.0, 8.0], [37.66250515950333, 103.74009002093185, -28.0, 8.0], [38.82047004838751, 104.41666400158279, -28.0, 8.0], [39.98071358662618, 105.05560026718875, -28.0, 8.0], [41.13887909480201, 105.68053374356626, -28.0, 8.0], [42.29081949548374, 106.31868537372111, -28.0, 8.0], [43.43748921736557, 106.96797693284336, -28.0, 8.0], [44.57984268914161, 107.62633019612284, -28.0, 8.0], 