{"control_nodes": [[-4.592425496802574e-15, -25.0, -28.0, 8.0], [0.0, 0.0, -28.0, 8.0], [0.43631016093208996, 24.996192378909782, -28.0, 8.0], [0.8726203218641799, 49.992384757819565, -28.0, 8.0], [-21.201069499608995, 61.72917382746683, -28.0, 8.0], [-26.82484585820562, 86.0884254470977, -28.0, 8.0], [-6.599420998831935, 100.78305675440953, -28.0, 8.0], [18.305446453461705, 102.96195032310098, -28.0, 8.0], [30.042235523108978, 125.03564014457415, -28.0, 8.0], [51.00899972174458, 138.6516160199498, -28.0, 8.0], [73.47885087922376, 149.61089468967674, -28.0, 8.0], [96.13654555514, 160.17635123319423, -28.0, 8.0]], "sample_nodes": [[0.0, 0.0, -28.0, 8.0], [0.012658656076029565, 1.3156790032662282, -28.0, 8.0], [0.02754370894935066, 2.6313385770619515, -28.0, 8.0], [0.044464324608766974, 3.9469803867703668, -28.0, 8.0], [0.06322966904308198, 5.262606097774648, -28.0, 8.0], [0.08364890824109937, 6.578217375457992, -28.0, 8.0], [0.10553120819162266, 7.893815885203578, -28.0, 8.0], [0.12868573488345536, 9.20940329239459, -28.0, 8.0], [0.15292165430540106, 10.524981262414212, -28.0, 8.0], [0.17804813244626355, 11.840551460645646, -28.0, 8.0], [0.20387433529484628, 13.156115552472063, -28.0, 8.0], [0.2302094288399526, 14.471675203276643, -28.0, 8.0], [0.2568625790703865, 15.78723207844259, -28.0, 8.0], [0.28364295197495115, 17.10278784335307, -28.0, 8.0], [0.31035971354245045, 18.418344163391282, -28.0, 8.0], [0.33682202976168785, 19.733902703940412, -28.0, 8.0], [0.36283906662146675, 21.049465130383634, -28.0, 8.0], [0.38821999011059116, 22.36503310810415, -28.0, 8.0], [0.41277396621786433, 23.68060830248514, -28.0, 8.0], [0.43631016093208996, 24.996192378909782, -28.0, 8.0], [0.4888102291545907, 26.329179706300046, -28.0, 8.0], [0.5938194094515165, 27.693097264474407, -28.0, 8.0], [0.7414922433089136, 29.08214563516087, -28.0, 8.0], [0.9219832722128257, 30.49052540008739, -28.0, 8.0], [1.1254470376493, 31.912437140981964, -28.0, 8.0], [1.3420380811043804, 33.34208143957257, -28.0, 8.0], [1.5619109440641117, 34.773658877587174, -28.0, 8.0], [1.7752201680145403, 36.20137003675376, -28.0, 8.0], [1.9721202944417113, 37.61941549880032, -28.0, 8.0], [2.1427658648316696, 39.021995845454825, -28.0, 8.0], [2.2773114206704594, 40.40331165844525, -28.0, 8.0], [2.365911503444128, 41.75756351949959, -28.0, 8.0], [2.3987206546387188, 43.07895201034581, -28.0, 8.0], [2.3658934157402784, 44.361677712711895, -28.0, 8.0], [2.2575843282348496, 45.599941208325816, -28.0, 8.0], [2.0639479336084827, 46.78794307891557, -28.0, 8.0], [1.7751387733472181, 47.91988390620912, -28.0, 8.0], [1.381311388937102, 48.98996427193447, -28.0, 8.0], [0.8726203218641799, 49.992384757819565, -28.0, 8.0], [0.2209172675460491, 50.90671658859568, -28.0, 8.0], [-0.5840222082315059, 51.72394410145022, -28.0, 8.0], [-1.5251577584301692, 52.4553875467955, -28.0, 8.0], [-2.585449036011614, 53.11236717504376, -28.0, 8.0], [-3.7478556939375265, 53.706203236607266, -28.0, 8.0], [-4.995337385169579, 54.24821598189828, -28.0, 8.0], [-6.310853762669449, 54.74972566132909, -28.0, 8.0], [-7.677364479398817, 55.22205252531193, -28.0, 8.0], [-9.077829188319372, 55.6765168242591, -28.0, 8.0], [-10.49520754239278, 56.12443880858285, -28.0, 8.0], [-11.912459194580718, 56.57713872869544, -28.0, 8.0], [-13.312543797844882, 57.04593683500916, -28.0, 8.0], [-14.678421005146923, 57.54215337793625, -28.0, 8.0], [-15.993050469448548, 58.077108607889, -28.0, 8.0], [-17.23939184371142, 58.662122775279656, -28.0, 8.0], [-18.40040478089722, 59.3085161305205, -28.0, 8.0], [-19.459048933967637, 60.027608924023816, -28.0, 8.0], [-20.39828395588433, 60.83072140620183, -28.0, 8.0], [-21.201069499608995, 61.72917382746683, -28.0, 8.0], [-21.919499599827855, 62.72579614623054, -28.0, 8.0], [-22.614287805934854, 63.809372848176416, -28.0, 8.0], [-23.2813230429533, 64.97015597462436, -28.0, 8.0], [-23.916494235906473, 66.19839756689423, -28.0, 8.0], [-24.515690309817657, 67.48434966630597, -28.0, 8.0], [-25.07480018971014, 68.81826431417939, -28.0, 8.0], [-25.589712800607202, 70.19039355183442, -28.0, 8.0], [-26.05631706753214, 71.59098942059093, -28.0, 8.0], [-26.470501915508233, 73.01030396176881, -28.0, 8.0], [-26.828156269558768, 74.43858921668797, -28.0, 8.0], [-27.125169054707023, 75.86609722666823, -28.0, 8.0], [-27.357429195976298, 77.28308003302953, -28.0, 8.0], [-27.52082561838987, 78.67978967709175, -28.0, 8.0], [-27.611247246971026, 80.04647820017476, -28.0, 8.0], [-27.62458300674306, 81.37339764359845, -28.0, 8.0], [-27.556721822729244, 82.65080004868268, -28.0, 8.0], [-27.403552619952883, 83.86893745674742, -28.0, 8.0], [-27.160964323437245, 85.01806190911245, -28.0, 8.0], [-26.82484585820562, 86.0884254470977, -28.0, 8.0], [-26.37701194749175, 87.10651438603675, -28.0, 8.0], [-25.808190872301683, 88.10448232962466, -28.0, 8.0], [-25.12764189431717, 89.08108225172373, -28.0, 8.0], [-24.34462427521997, 90.03506712619614, -28.0, 8.0], [-23.46839727669183, 90.9651899269042, -28.0, 8.0], [-22.508220160414513, 91.87020362771008, -28.0, 8.0], [-21.473352188069768, 92.74886120247606, -28.0, 8.0], [-20.373052621339355, 93.59991562506437, -28.0, 8.0], [-19.21658072190501, 94.42211986933725, -28.0, 8.0], [-18.013195751448507, 95.21422690915692, -28.0, 8.0], [-16.77215697165159, 95.97498971838561, -28.0, 8.0], [-15.50272364419601, 96.7031612708856, -28.0, 8.0], [-14.214155030763541, 97.39749454051912, -28.0, 8.0], [-12.915710393035916, 98.0567425011484, -28.0, 8.0], [-11.61664899269489, 98.67965812663567, -28.0, 8.0], [-10.326230091422232, 99.26499439084319, -28.0, 8.0], [-9.053712950899683, 99.81150426763318, -28.0, 8.0], [-7.808356832808999, 100.31794073086787, -28.0, 8.0], [-6.599420998831935, 100.78305675440953, -28.0, 8.0], [-5.381881976282176, 101.1672347578618, -28.0, 8.0], [-4.109747568854953, 101.44113902448706, -28.0, 8.0], [-2.7908239528043364, 101.61894532363577, -28.0, 8.0], [-1.4329173043844075, 101.71482942465823, -28.0, 8.0], [-0.04383379984923097, 101.7429670969048, -28.0, 8.0], [1.368620384547111, 101.71753410972593, -28.0, 8.0], [2.7966390725505414, 101.65270623247193, -28.0, 8.0], [4.232416087906987, 101.56265923449322, -28.0, 8.0], [5.668145254362383, 101.46156888514012, -28.0, 8.0], [7.096020395662648, 101.36361095376301, -28.0, 8.0], [8.508235335553696, 101.2829612097123, -28.0, 8.0], [9.896983897781476, 101.23379542233835, -28.0, 8.0], [11.254459906091885, 101.23028936099152, -28.0, 8.0], [12.57285718423087, 101.28661879502218, -28.0, 8.0], [13.844369555944349, 101.4169594937807, -28.0, 8.0], [15.061190844978242, 101.63548722661749, -28.0, 8.0], [16.215514875078487, 101.95637776288285, -28.0, 8.0], [17.299535469991003, 102.39380687192725, -28.0, 8.0], [18.305446453461705, 102.96195032310098, -28.0, 8.0], [19.22207275116844, 103.66493391518674, -28.0, 8.0], [20.04997440308767, 104.48916569097048, -28.0, 8.0], [20.79894790441331, 105.42224478580782, -28.0, 8.0], [21.47878975033923, 106.45177033505419, -28.0, 8.0], [22.09929643605933, 107.56534147406512, -28.0, 8.0], [22.670264456767498, 108.75055733819609, -28.0, 8.0], [23.201490307657632, 109.99501706280259, -28.0, 8.0], [23.702770483923622, 111.28631978324012, -28.0, 8.0], [24.18390148075936, 112.61206463486423, -28.0, 8.0], [24.65467979335873, 113.95985075303034, -28.0, 8.0], [25.124901916915633, 115.31727727309398, -28.0, 8.0], [25.604364346623957, 116.67194333041067, -28.0, 8.0], [26.102863577677596, 118.01144806033585, -28.0, 8.0], [26.630196105270443, 119.32339059822509, -28.0, 8.0], [27.19615842459639, 120.59537007943388, -28.0, 8.0], [27.810547030849314, 121.81498563931764, -28.0, 8.0], [28.483158419223138, 122.96983641323197, -28.0, 8.0], [29.22378908491173, 124.0475215365323, -28.0, 8.0], [30.042235523108978, 125.03564014457415, -28.0, 8.0], [30.92577803982888, 125.95551581524471, -28.0, 8.0], [31.852912878778397, 126.8384308746274, -28.0, 8.0], [32.820260441691, 127.68692258037237, -28.0, 8.0], [33.82444113030009, 128.5035281901295, -28.0, 8.0], 