{"control_nodes": [[-4.592425496802574e-15, -25.0, -28.0, 8.0], [0.0, 0.0, -28.0, 8.0], [0.43631016093208996, 24.996192378909782, -28.0, 8.0], [0.8726203218641799, 49.992384757819565, -28.0, 8.0], [9.4231239050059, 73.48470027746727, -28.0, 8.0], [33.876813923351044, 78.68249254791125, -28.0, 8.0], [50.27828964811373, 97.55023205348056, -28.0, 8.0], [54.61949408978699, 122.17042587878575, -28.0, 8.0], [66.73973459594542, 144.03591855727063, -28.0, 8.0], [91.28041418213702, 139.26569367285703, -28.0, 8.0], [107.01342395838296, 158.6943427092813, -28.0, 8.0], [122.7464337346289, 178.12299174570558, -28.0, 8.0]], "sample_nodes": [[0.0, 0.0, -28.0, 8.0], [0.012658656076029565, 1.3156790032662282, -28.0, 8.0], [0.02754370894935066, 2.6313385770619515, -28.0, 8.0], [0.044464324608766974, 3.9469803867703668, -28.0, 8.0], [0.06322966904308198, 5.262606097774648, -28.0, 8.0], [0.08364890824109937, 6.578217375457992, -28.0, 8.0], [0.10553120819162266, 7.893815885203578, -28.0, 8.0], [0.12868573488345536, 9.20940329239459, -28.0, 8.0], [0.15292165430540106, 10.524981262414212, -28.0, 8.0], [0.17804813244626355, 11.840551460645646, -28.0, 8.0], [0.20387433529484628, 13.156115552472063, -28.0, 8.0], [0.2302094288399526, 14.471675203276643, -28.0, 8.0], [0.2568625790703865, 15.78723207844259, -28.0, 8.0], [0.28364295197495115, 17.10278784335307, -28.0, 8.0], [0.31035971354245045, 18.418344163391282, -28.0, 8.0], [0.33682202976168785, 19.733902703940412, -28.0, 8.0], [0.36283906662146675, 21.049465130383634, -28.0, 8.0], [0.38821999011059116, 22.36503310810415, -28.0, 8.0], [0.41277396621786433, 23.68060830248514, -28.0, 8.0], [0.43631016093208996, 24.996192378909782, -28.0, 8.0], [0.4486268583073047, 26.313754755425283, -28.0, 8.0], [0.44201556402843645, 27.634825227836412, -28.0, 8.0], [0.4200252765306262, 28.95874602816276, -28.0, 8.0], [0.386204994249014, 30.28485938842387, -28.0, 8.0], [0.3441037156187406, 31.612507540639342, -28.0, 8.0], [0.2972704390749464, 32.94103271682871, -28.0, 8.0], [0.24925416305277234, 34.26977714901156, -28.0, 8.0], [0.20360388598735854, 35.59808306920745, -28.0, 8.0], [0.16386860631384534, 36.92529270943596, -28.0, 8.0], [0.13359732246737363, 38.25074830171664, -28.0, 8.0], [0.11633903288308409, 39.573792078069076, -28.0, 8.0], [0.1156427359961168, 40.893766270512835, -28.0, 8.0], [0.1350574302416125, 42.21001311106745, -28.0, 8.0], [0.1781321140547119, 43.52187483175254, -28.0, 8.0], [0.2484157858705553, 44.82869366458763, -28.0, 8.0], [0.3494574441242828, 46.129811841592314, -28.0, 8.0], [0.4848060872510359, 47.42457159478616, -28.0, 8.0], [0.6580107136859548, 48.712315156188716, -28.0, 8.0], [0.8726203218641799, 49.992384757819565, -28.0, 8.0], [1.110133630101441, 51.28834694808581, -28.0, 8.0], [1.3519545322757298, 52.619310841503086, -28.0, 8.0], [1.6014897901655853, 53.97793251925384, -28.0, 8.0], [1.8621461655495415, 55.356868062520476, -28.0, 8.0], [2.137330420206138, 56.74877355248543, -28.0, 8.0], [2.4304493159139082, 58.14630507033108, -28.0, 8.0], [2.744909614451389, 59.54211869723984, -28.0, 8.0], [3.0841180775971173, 60.928870514394156, -28.0, 8.0], [3.451481467129631, 62.299216602976415, -28.0, 8.0], [3.8504065448274645, 63.645813044169046, -28.0, 8.0], [4.284300072469154, 64.96131591915444, -28.0, 8.0], [4.75656881183324, 66.23838130911503, -28.0, 8.0], [5.270619524698251, 67.46966529523321, -28.0, 8.0], [5.8298589728427315, 68.64782395869143, -28.0, 8.0], [6.437693918045214, 69.76551338067208, -28.0, 8.0], [7.0975311220842325, 70.81538964235756, -28.0, 8.0], [7.812777346738331, 71.79010882493033, -28.0, 8.0], [8.586839353786042, 72.68232700957276, -28.0, 8.0], [9.4231239050059, 73.48470027746727, -28.0, 8.0], [10.34511483994713, 74.17242243097145, -28.0, 8.0], [11.367039723558634, 74.73490366459166, -28.0, 8.0], [12.478420905718485, 75.1861246477335, -28.0, 8.0], [13.668780736304738, 75.54006604980255, -28.0, 8.0], [14.927641565195467, 75.81070854020443, -28.0, 8.0], [16.244525742268735, 76.01203278834475, -28.0, 8.0], [17.60895561740259, 76.15801946362907, -28.0, 8.0], [19.010453540475112, 76.262649235463, -28.0, 8.0], [20.438541861364367, 76.33990277325213, -28.0, 8.0], [21.882742929948414, 76.4037607464021, -28.0, 8.0], [23.332579096105313, 76.46820382431844, -28.0, 8.0], [24.77757270971314, 76.54721267640677, -28.0, 8.0], [26.207246120649938, 76.6547679720727, -28.0, 8.0], [27.611121678793786, 76.80485038072185, -28.0, 8.0], [28.978721734022756, 77.01144057175976, -28.0, 8.0], [30.299568636214897, 77.28851921459206, -28.0, 8.0], [31.563184735248292, 77.65006697862435, -28.0, 8.0], [32.75909238100098, 78.11006453326222, -28.0, 8.0], [33.876813923351044, 78.68249254791125, -28.0, 8.0], [34.946056363028475, 79.34511835641726, -28.0, 8.0], [36.00234310074556, 80.06408020284618, -28.0, 8.0], [37.04392108635383, 80.83591512193405, -28.0, 8.0], [38.069037269704765, 81.65716014841678, -28.0, 8.0], [39.07593860064988, 82.52435231703028, -28.0, 8.0], [40.062872029040676, 83.43402866251053, -28.0, 8.0], [41.02808450472867, 84.38272621959344, -28.0, 8.0], [41.969822977565364, 85.36698202301497, -28.0, 8.0], [42.886334397402265, 86.3833331075111, -28.0, 8.0], [43.77586571409087, 87.4283165078177, -28.0, 8.0], [44.63666387748268, 88.49846925867075, -28.0, 8.0], [45.466975837429224, 89.59032839480622, -28.0, 8.0], [46.265048543782, 90.70043095096, -28.0, 8.0], [47.02912894639249, 91.82531396186806, -28.0, 8.0], [47.75746399511224, 92.96151446226635, -28.0, 8.0], [48.448300639792734, 94.10556948689079, -28.0, 8.0], [49.09988583028547, 95.25401607047736, -28.0, 8.0], [49.710466516441976, 96.40339124776196, -28.0, 8.0], [50.27828964811373, 97.55023205348056, -28.0, 8.0], [50.78141363509787, 98.71378135825668, -28.0, 8.0], [51.20485048519033, 99.91311009436967, -28.0, 8.0], [51.557277545240936, 101.14449738903939, -28.0, 8.0], [51.84737216209946, 102.4042223694855, -28.0, 8.0], [52.08381168261572, 103.68856416292783, -28.0, 8.0], [52.27527345363947, 104.99380189658609, -28.0, 8.0], [52.43043482202052, 106.31621469768007, -28.0, 8.0], [52.55797313460867, 107.65208169342952, -28.0, 8.0], [52.66656573825372, 108.99768201105422, -28.0, 8.0], [52.76488997980543, 110.34929477777388, -28.0, 8.0], [52.861623206113606, 111.70319912080828, -28.0, 8.0], [52.965442764028055, 113.05567416737722, -28.0, 8.0], [53.08502600039854, 114.40299904470041, -28.0, 8.0], [53.229050262074885, 115.74145287999762, -28.0, 8.0], [53.40619289590686, 117.06731480048863, -28.0, 8.0], [53.62513124874427, 118.3768639333932, -28.0, 8.0], [53.8945426674369, 119.66637940593105, -28.0, 8.0], [54.223104498834545, 120.932140345322, -28.0, 8.0], [54.61949408978699, 122.17042587878575, -28.0, 8.0], [55.05737410561383, 123.42125339019906, -28.0, 8.0], [55.50597568974164, 124.72015743476119, -28.0, 8.0], [55.96732890618077, 126.05669289667566, -28.0, 8.0], [56.44346381894145, 127.42041466014587, -28.0, 8.0], [56.93641049203402, 128.8008776093754, -28.0, 8.0], [57.44819898946878, 130.1876366285677, -28.0, 8.0], [57.98085937525602, 131.57024660192627, -28.0, 8.0], [58.53642171340603, 132.93826241365463, -28.0, 8.0], [59.116916067929125, 134.2812389479562, -28.0, 8.0], [59.72437250283561, 135.5887310890346, -28.0, 8.0], [60.36082108213578, 136.85029372109324, -28.0, 8.0], [61.028291869839904, 138.0554817283356, -28.0, 8.0], [61.728814929958304, 139.1938499949652, -28.0, 8.0], [62.4644203265013, 140.25495340518555, -28.0, 8.0], [63.23713812347918, 141.22834684320014, -28.0, 8.0], [64.04899838490222, 142.10358519321244, -28.0, 8.0], [64.90203117478076, 142.870223339426, -28.0, 8.0], [65.79826655712505, 143.5178161660442, -28.0, 8.0], [66.73973459594541, 144.03591855727063, -28.0, 8.0], [67.74955282424973, 144.3822001138574, -28.0, 8.0], [68.84329554369859, 144.53611658844466, -28.0, 8.0], [70.01167797128132, 144.5199020930678, -28.0, 8.0], [71.2454153239873, 144.3557907397623, -28.0, 8.0], [72.53522281880592, 144.06601664056373, -28.0, 8.0], [73.87181567272651, 