{"control_nodes": [[-4.592425496802574e-15, -25.0, -28.0, 8.0], [0.0, 0.0, -28.0, 8.0], [0.43631016093208996, 24.996192378909782, -28.0, 8.0], [0.8726203218641799, 49.992384757819565, -28.0, 8.0], [17.274096046626862, 68.86012426338887, -28.0, 8.0], [42.1789634989205, 66.68123069469742, -28.0, 8.0], [48.2270108889122, 90.93862385159733, -28.0, 8.0], [66.80563152584705, 107.66688901056878, -28.0, 8.0], [57.44046669044924, 130.84648537473848, -28.0, 8.0], [50.13117407238082, 154.75410427381436, -28.0, 8.0], [50.56748423331291, 179.75029665272416, -28.0, 8.0], [51.003794394245, 204.74648903163393, -28.0, 8.0]], "sample_nodes": [[0.0, 0.0, -28.0, 8.0], [0.012658656076029565, 1.3156790032662282, -28.0, 8.0], [0.02754370894935066, 2.6313385770619515, -28.0, 8.0], [0.044464324608766974, 3.9469803867703668, -28.0, 8.0], [0.06322966904308198, 5.262606097774648, -28.0, 8.0], [0.08364890824109937, 6.578217375457992, -28.0, 8.0], [0.10553120819162266, 7.893815885203578, -28.0, 8.0], [0.12868573488345536, 9.20940329239459, -28.0, 8.0], [0.15292165430540106, 10.524981262414212, -28.0, 8.0], [0.17804813244626355, 11.840551460645646, -28.0, 8.0], [0.20387433529484628, 13.156115552472063, -28.0, 8.0], [0.2302094288399526, 14.471675203276643, -28.0, 8.0], [0.2568625790703865, 15.78723207844259, -28.0, 8.0], [0.28364295197495115, 17.10278784335307, -28.0, 8.0], [0.31035971354245045, 18.418344163391282, -28.0, 8.0], [0.33682202976168785, 19.733902703940412, -28.0, 8.0], [0.36283906662146675, 21.049465130383634, -28.0, 8.0], [0.38821999011059116, 22.36503310810415, -28.0, 8.0], [0.41277396621786433, 23.68060830248514, -28.0, 8.0], [0.43631016093208996, 24.996192378909782, -28.0, 8.0], [0.43832524739105033, 26.319822867996606, -28.0, 8.0], [0.4030983672336978, 27.65774920866141, -28.0, 8.0], [0.3376123892005912, 29.007290928733347, -28.0, 8.0], [0.24885018203228923, 30.365767556041515, -28.0, 8.0], [0.14379461446935016, 31.73049861841507, -28.0, 8.0], [0.0294285552523329, 33.09880364368311, -28.0, 8.0], [-0.08726512687820348, 34.46800215967478, -28.0, 8.0], [-0.19930356318170073, 35.83541369421919, -28.0, 8.0], [-0.299703884917601, 37.198357775145496, -28.0, 8.0], [-0.3814832233453447, 38.5541539302828, -28.0, 8.0], [-0.4376587097243725, 39.90012168746023, -28.0, 8.0], [-0.4612474753141275, 41.233580574506924, -28.0, 8.0], [-0.4452666513740497, 42.55185011925199, -28.0, 8.0], [-0.38273336916358125, 43.85224984952458, -28.0, 8.0], [-0.26666475994216254, 45.132099293153786, -28.0, 8.0], [-0.09007795496923704, 46.38871797796877, -28.0, 8.0], [0.1540099144957566, 47.619425431798646, -28.0, 8.0], [0.47258171719337605, 48.82154118247254, -28.0, 8.0], [0.8726203218641799, 49.992384757819565, -28.0, 8.0], [1.3476232945644275, 51.15778540290778, -28.0, 8.0], [1.8842571940898045, 52.34100938647407, -28.0, 8.0], [2.4792583782900164, 53.53553177185092, -28.0, 8.0], [3.1293632050147595, 54.73482762237074, -28.0, 8.0], [3.831308032113741, 55.93237200136602, -28.0, 8.0], [4.581829217436658, 57.12163997216914, -28.0, 8.0], [5.377663118833211, 58.2961065981126, -28.0, 8.0], [6.215546094153101, 59.449246942528816, -28.0, 8.0], [7.092214501246037, 60.57453606875024, -28.0, 8.0], [8.004404697961714, 61.66544904010932, -28.0, 8.0], [8.948853042149825, 62.71546091993851, -28.0, 8.0], [9.922295891660092, 63.71804677157022, -28.0, 8.0], [10.921469604342192, 64.66668165833693, -28.0, 8.0], [11.943110538045847, 65.55484064357107, -28.0, 8.0], [12.983955050620752, 66.37599879060511, -28.0, 8.0], [14.040739499916596, 67.12363116277145, -28.0, 8.0], [15.110200243783101, 67.79121282340256, -28.0, 8.0], [16.189073640069957, 68.37221883583089, -28.0, 8.0], [17.274096046626862, 68.86012426338887, -28.0, 8.0], [18.40878318337839, 69.20784950018759, -28.0, 8.0], [19.630848630592133, 69.38651033325269, -28.0, 8.0], [20.928325536632386, 69.41687491528867, -28.0, 8.0], [22.289247049863384, 69.31971139899987, -28.0, 8.0], [23.701646318649416, 69.11578793709074, -28.0, 8.0], [25.153556491354742, 68.8258726822657, -28.0, 8.0], [26.633010716343613, 68.47073378722912, -28.0, 8.0], [28.12804214198031, 68.07113940468543, -28.0, 8.0], [29.626683916629105, 67.64785768733906, -28.0, 8.0], [31.11696918865426, 67.2216567878944, -28.0, 8.0], [32.586931106420025, 66.81330485905585, -28.0, 8.0], [34.02460281829069, 66.44357005352785, -28.0, 8.0], [35.41801747263049, 66.13322052401479, -28.0, 8.0], [36.75520821780372, 65.9030244232211, -28.0, 8.0], [38.024208202174634, 65.77374990385118, -28.0, 8.0], [39.2130505741075, 65.76616511860942, -28.0, 8.0], [40.30976848196661, 65.90103822020029, -28.0, 8.0], [41.30239507411618, 66.19913736132816, -28.0, 8.0], [42.1789634989205, 66.68123069469742, -28.0, 8.0], [42.92621161069445, 67.34342673378131, -28.0, 8.0], [43.5480073425104, 68.15808465992782, -28.0, 8.0], [44.05807896086904, 69.11034862765358, -28.0, 8.0], [44.47015473227094, 70.1853627914752, -28.0, 8.0], [44.797962923216744, 71.36827130590926, -28.0, 8.0], [45.05523180020704, 72.64421832547241, -28.0, 8.0], [45.25568962974248, 73.99834800468125, -28.0, 8.0], [45.41306467832365, 75.41580449805235, -28.0, 8.0], [45.54108521245118, 76.8817319601024, -28.0, 8.0], [45.6534794986257, 78.38127454534796, -28.0, 8.0], [45.76397580334779, 79.89957640830563, -28.0, 8.0], [45.886302393118115, 81.42178170349207, -28.0, 8.0], [46.034187534437265, 82.93303458542385, -28.0, 8.0], [46.22135949380586, 84.4184792086176, -28.0, 8.0], [46.46154653772453, 85.86325972758993, -28.0, 8.0], [46.768476932693886, 87.25252029685747, -28.0, 8.0], [47.155878945214525, 88.57140507093682, -28.0, 8.0], [47.637480841787095, 89.80505820434455, -28.0, 8.0], [48.2270108889122, 90.93862385159733, -28.0, 8.0], [48.94554467709994, 91.98842126772307, -28.0, 8.0], [49.79320379422779, 92.98475013461261, -28.0, 8.0], [50.752285502847506, 93.93372524707719, -28.0, 8.0], [51.80508706551073, 94.84146139992781, -28.0, 8.0], [52.93390574476924, 95.7140733879756, -28.0, 8.0], [54.12103880317471, 96.55767600603173, -28.0, 8.0], [55.34878350327884, 97.37838404890721, -28.0, 8.0], [56.599437107633364, 98.18231231141321, -28.0, 8.0], [57.85529687878997, 98.97557558836081, -28.0, 8.0], [59.09866007930039, 99.76428867456116, -28.0, 8.0], [60.3118239717163, 100.55456636482529, -28.0, 8.0], [61.47708581858944, 101.35252345396435, -28.0, 8.0], [62.57674288247149, 102.16427473678945, -28.0, 8.0], [63.59309242591419, 102.9959350081117, -28.0, 8.0], [64.50843171146923, 103.85361906274218, -28.0, 8.0], [65.30505800168832, 104.74344169549204, -28.0, 8.0], [65.9652685591232, 105.67151770117235, -28.0, 8.0], [66.47136064632552, 106.64396187459423, -28.0, 8.0], [66.80563152584705, 107.66688901056878, -28.0, 8.0], [66.97002369540287, 108.73354106325999, -28.0, 8.0], [66.98702900871011, 109.83141461057483, -28.0, 8.0], [66.86976876232355, 110.95800638293888, -28.0, 8.0], [66.63136425279787, 112.11081311077771, -28.0, 8.0], [66.28493677668789, 113.28733152451694, -28.0, 8.0], [65.8436076305483, 114.48505835458221, -28.0, 8.0], [65.32049811093388, 115.70149033139901, -28.0, 8.0], [64.72872951439933, 116.93412418539296, -28.0, 8.0], [64.08142313749946, 118.18045664698971, -28.0, 8.0], [63.39170027678894, 119.43798444661478, -28.0, 8.0], [62.67268222882255, 120.7042043146938, -28.0, 8.0], [61.93749029015505, 121.97661298165232, -28.0, 8.0], [61.19924575734113, 123.252707177916, -28.0, 8.0], [60.471069926935584, 124.52998363391035, -28.0, 8.0], [59.766084095493134, 125.80593908006104, -28.0, 8.0], [59.09740955956853, 127.07807024679356, -28.0, 8.0], [58.47816761571653, 128.34387386453363, -28.0, 8.0], [57.921479560491846, 129.6008466637067, -28.0, 8.0], [57.44046669044924, 130.84648537473848, -28.0, 8.0], [56.99704689757258, 132.08615786498387, -28.0, 8.0], [56.54604959822886, 133.32700598039972, -28.0, 8.0], [56.08996337554758, 134.56918741931455, -28.0, 8.0], [55.63127681265814, 135.81285988005666, -28.0, 8.0], [55.1724784926901, 137.0581810609547, -28.0, 8.0], [54.716056998772856, 