{"control_nodes": [[-4.592425496802574e-15, -25.0, -28.0, 8.0], [0.0, 0.0, -28.0, 8.0], [0.43631016093208996, 24.996192378909782, -28.0, 8.0], [0.8726203218641799, 49.992384757819565, -28.0, 8.0], [13.748572194615534, 71.42156727537237, -28.0, 8.0], [25.86881270077396, 93.28705995385727, -28.0, 8.0], [43.54648223043765, 110.96472948352096, -28.0, 8.0], [34.99597864729593, 134.45704500316867, -28.0, 8.0], [11.983357310984918, 144.22532321540052, -28.0, 8.0], [-11.793055596393923, 136.49989835602685, -28.0, 8.0], [-19.932259457822838, 112.86193396604392, -28.0, 8.0], [-27.65768431719652, 89.08552105866508, -28.0, 8.0]], "sample_nodes": [[0.0, 0.0, -28.0, 8.0], [0.012658656076029565, 1.3156790032662282, -28.0, 8.0], [0.02754370894935066, 2.6313385770619515, -28.0, 8.0], [0.044464324608766974, 3.9469803867703668, -28.0, 8.0], [0.06322966904308198, 5.262606097774648, -28.0, 8.0], [0.08364890824109937, 6.578217375457992, -28.0, 8.0], [0.10553120819162266, 7.893815885203578, -28.0, 8.0], [0.12868573488345536, 9.20940329239459, -28.0, 8.0], [0.15292165430540106, 10.524981262414212, -28.0, 8.0], [0.17804813244626355, 11.840551460645646, -28.0, 8.0], [0.20387433529484628, 13.156115552472063, -28.0, 8.0], [0.2302094288399526, 14.471675203276643, -28.0, 8.0], [0.2568625790703865, 15.78723207844259, -28.0, 8.0], [0.28364295197495115, 17.10278784335307, -28.0, 8.0], [0.31035971354245045, 18.418344163391282, -28.0, 8.0], [0.33682202976168785, 19.733902703940412, -28.0, 8.0], [0.36283906662146675, 21.049465130383634, -28.0, 8.0], [0.38821999011059116, 22.36503310810415, -28.0, 8.0], [0.41277396621786433, 23.68060830248514, -28.0, 8.0], [0.43631016093208996, 24.996192378909782, -28.0, 8.0], [0.44295124457257856, 26.316461884309792, -28.0, 8.0], [0.4205743565861377, 27.645052159177894, -28.0, 8.0], [0.3746203666528169, 28.98040305923884, -28.0, 8.0], [0.31053014445266525, 30.32095444021734, -28.0, 8.0], [0.23374455966573193, 31.665146157838144, -28.0, 8.0], [0.14970448197206626, 33.01141806782597, -28.0, 8.0], [0.06385078105171799, 34.35821002590555, -28.0, 8.0], [-0.018375673415264415, 35.70396188780161, -28.0, 8.0], [-0.09153401174883169, 37.04711350923891, -28.0, 8.0], [-0.1501833642689343, 38.38610474594215, -28.0, 8.0], [-0.18888286129552245, 39.719375453636054, -28.0, 8.0], [-0.20219163314854804, 41.04536548804539, -28.0, 8.0], [-0.18466881014796083, 42.36251470489485, -28.0, 8.0], [-0.13087352261371213, 43.66926295990919, -28.0, 8.0], [-0.03536490086575242, 44.964050108813126, -28.0, 8.0], [0.10729792477596654, 46.24531600733141, -28.0, 8.0], [0.3025558239914958, 47.51150051118876, -28.0, 8.0], [0.5558496664608837, 48.7610434761099, -28.0, 8.0], [0.8726203218641799, 49.992384757819565, -28.0, 8.0], [1.2574866392643633, 51.20391175810066, -28.0, 8.0], [1.70759261868221, 52.39621929377722, -28.0, 8.0], [2.217166856234469, 53.57105834313573, -28.0, 8.0], [2.7804379480378834, 54.73017988446266, -28.0, 8.0], [3.3916344902092033, 55.87533489604447, -28.0, 8.0], [4.0449850788651736, 57.00827435616761, -28.0, 8.0], [4.734718310122538, 58.13074924311856, -28.0, 8.0], [5.455062780098045, 59.24451053518378, -28.0, 8.0], [6.200247084908446, 60.35130921064975, -28.0, 8.0], [6.964499820670479, 61.45289624780291, -28.0, 8.0], [7.742049583500892, 62.55102262492973, -28.0, 8.0], [8.52712496951644, 63.64743932031671, -28.0, 8.0], [9.313954574833854, 64.74389731225027, -28.0, 8.0], [10.096766995569894, 65.84214757901691, -28.0, 8.0], [10.869790827841303, 66.94394109890307, -28.0, 8.0], [11.627254667764818, 68.05102885019524, -28.0, 8.0], [12.363387111457204, 69.16516181117987, -28.0, 8.0], [13.072416755035194, 70.28809096014344, -28.0, 8.0], [13.748572194615534, 71.42156727537237, -28.0, 8.0], [14.397036286013657, 72.56757267254419, -28.0, 8.0], [15.028680321688364, 73.72557340810552, -28.0, 8.0], [15.646265552721509, 74.89354697149663, -28.0, 8.0], [16.25255323019491, 76.06947085215779, -28.0, 8.0], [16.85030460519041, 77.25132253952927, -28.0, 8.0], [17.442280928789835, 78.43707952305131, -28.0, 8.0], [18.03124345207502, 79.62471929216417, -28.0, 8.0], [18.619953426127804, 80.81221933630812, -28.0, 8.0], [19.211172102030016, 81.9975571449234, -28.0, 8.0], [19.80766073086349, 83.17871020745031, -28.0, 8.0], [20.41218056371005, 84.35365601332904, -28.0, 8.0], [21.027492851651544, 85.52037205199994, -28.0, 8.0], [21.656358845769795, 86.67683581290318, -28.0, 8.0], [22.301539797146642, 87.8210247854791, -28.0, 8.0], [22.96579695686392, 88.95091645916787, -28.0, 8.0], [23.651891576003454, 90.06448832340983, -28.0, 8.0], [24.36258490564709, 91.15971786764521, -28.0, 8.0], [25.100638196876645, 92.23458258131429, -28.0, 8.0], [25.86881270077396, 93.28705995385727, -28.0, 8.0], [26.70237280522301, 94.30874449043807, -28.0, 8.0], [27.625473773592084, 95.29549563351422, -28.0, 8.0], [28.62421317018958, 96.25168827846643, -28.0, 8.0], [29.68468855932384, 97.18169732067543, -28.0, 8.0], [30.79299750530324, 98.08989765552197, -28.0, 8.0], [31.935237572436137, 98.98066417838675, -28.0, 8.0], [33.09750632503089, 99.8583717846505, -28.0, 8.0], [34.265901327395866, 100.72739536969395, -28.0, 8.0], [35.42652014383945, 101.59210982889786, -28.0, 8.0], [36.565460338669965, 102.45689005764292, -28.0, 8.0], [37.66881947619581, 103.32611095130986, -28.0, 8.0], [38.72269512072534, 104.20414740527943, -28.0, 8.0], [39.7131848365669, 105.09537431493234, -28.0, 8.0], [40.626386188028874, 106.00416657564934, -28.0, 8.0], [41.44839673941962, 106.93489908281114, -28.0, 8.0], [42.16531405504751, 107.89194673179846, -28.0, 8.0], [42.763235699220914, 108.87968441799205, -28.0, 8.0], [43.22825923624817, 109.90248703677265, -28.0, 8.0], [43.54648223043765, 110.96472948352096, -28.0, 8.0], [43.73490493207621, 112.08184124733235, -28.0, 8.0], [43.82322671887329, 113.26063798075559, -28.0, 8.0], [43.816593846271296, 114.49257382435175, -28.0, 8.0], [43.72015256971248, 115.7691029186818, -28.0, 8.0], [43.53904914463919, 117.08167940430675, -28.0, 8.0], [43.27842982649378, 118.42175742178753, -28.0, 8.0], [42.943440870718526, 119.78079111168515, -28.0, 8.0], [42.539228532755786, 121.15023461456057, -28.0, 8.0], [42.07093906804788, 122.52154207097482, -28.0, 8.0], [41.543718732037114, 123.88616762148888, -28.0, 8.0], [40.96271378016584, 125.23556540666368, -28.0, 8.0], [40.33307046787636, 126.5611895670603, -28.0, 8.0], [39.659935050611026, 127.8544942432396, -28.0, 8.0], [38.94845378381214, 129.1069335757627, -28.0, 8.0], [38.203772922922035, 130.3099617051905, -28.0, 8.0], [37.43103872338304, 131.455032772084, -28.0, 8.0], [36.635397440637476, 132.53360091700426, -28.0, 8.0], [35.821995330127656, 133.5371202805121, -28.0, 8.0], [34.99597864729593, 134.45704500316867, -28.0, 8.0], [34.127365277671316, 135.31826177034486, -28.0, 8.0], [33.18673653317808, 136.1502553188866, -28.0, 8.0], [32.18008380885141, 136.9513768665672, -28.0, 8.0], [31.113398499726486, 137.71997763116002, -28.0, 8.0], [29.99267200083849, 138.4544088304384, -28.0, 8.0], [28.823895707222604, 139.15302168217576, -28.0, 8.0], [27.613061013914, 139.81416740414542, -28.0, 8.0], [26.36615931594786, 140.43619721412068, -28.0, 8.0], [25.089182008359373, 141.01746232987495, -28.0, 8.0], [23.78812048618372, 141.5563139691816, -28.0, 8.0], [22.468966144456065, 142.05110334981399, -28.0, 8.0], [21.1377103782116, 142.50018168954534, -28.0, 8.0], [19.800344582485522, 142.90190020614915, -28.0, 8.0], [18.462860152312984, 143.25461011739876, -28.0, 8.0], [17.131248482729184, 143.55666264106748, -28.0, 8.0], [15.811500968769304, 143.8064089949286, -28.0, 8.0], [14.509609005468505, 144.0022003967556, -28.0, 8.0], [13.231563987861984, 144.14238806432178, -28.0, 8.0], [11.983357310984918, 144.22532321540052, -28.0, 8.0], [10.729488568243362, 144.25277829327513, -28.0, 8.0], [9.435245419652185, 144.2280859772123, -28.0, 8.0], [8.107801360159778, 144.1519378389606, -28.0, 8.0], [6.754329884714542, 144.02502545026857, -28.0, 8.0], [5.382004488264869, 