{"control_nodes": [[-4.592425496802574e-15, -25.0, -28.0, 8.0], [0.0, 0.0, -28.0, 8.0], [0.43631016093208996, 24.996192378909782, -28.0, 8.0], [0.8726203218641799, 49.992384757819565, -28.0, 8.0], [3.4858319035555168, 74.8554321420264, -28.0, 8.0], [2.1774329974819207, 99.82117051089075, -28.0, 8.0], [-5.961770863946995, 123.45913490087368, -28.0, 8.0], [-16.921049533673933, 145.92898605835285, -28.0, 8.0], [-2.5816386248977814, 166.40778716557764, -28.0, 8.0], [14.468320376664682, 184.69162970605691, -28.0, 8.0], [1.2203387708345623, 205.89283210996757, -28.0, 8.0], [-12.027642834995557, 227.09403451387823, -28.0, 8.0]], "sample_nodes": [[0.0, 0.0, -28.0, 8.0], [0.012658656076029565, 1.3156790032662282, -28.0, 8.0], [0.02754370894935066, 2.6313385770619515, -28.0, 8.0], [0.044464324608766974, 3.9469803867703668, -28.0, 8.0], [0.06322966904308198, 5.262606097774648, -28.0, 8.0], [0.08364890824109937, 6.578217375457992, -28.0, 8.0], [0.10553120819162266, 7.893815885203578, -28.0, 8.0], [0.12868573488345536, 9.20940329239459, -28.0, 8.0], [0.15292165430540106, 10.524981262414212, -28.0, 8.0], [0.17804813244626355, 11.840551460645646, -28.0, 8.0], [0.20387433529484628, 13.156115552472063, -28.0, 8.0], [0.2302094288399526, 14.471675203276643, -28.0, 8.0], [0.2568625790703865, 15.78723207844259, -28.0, 8.0], [0.28364295197495115, 17.10278784335307, -28.0, 8.0], [0.31035971354245045, 18.418344163391282, -28.0, 8.0], [0.33682202976168785, 19.733902703940412, -28.0, 8.0], [0.36283906662146675, 21.049465130383634, -28.0, 8.0], [0.38821999011059116, 22.36503310810415, -28.0, 8.0], [0.41277396621786433, 23.68060830248514, -28.0, 8.0], [0.43631016093208996, 24.996192378909782, -28.0, 8.0], [0.4564174441088871, 26.311956156973462, -28.0, 8.0], [0.47144666594552537, 27.62803052257398, -28.0, 8.0], [0.48234996294328514, 28.9443572405482, -28.0, 8.0], [0.49007947160344545, 30.26087807573294, -28.0, 8.0], [0.49558732842728664, 31.577534792965068, -28.0, 8.0], [0.499825669916088, 32.894269157081396, -28.0, 8.0], [0.5037466325711296, 34.21102293291878, -28.0, 8.0], [0.508302352893691, 35.527737885314046, -28.0, 8.0], [0.5144449673850517, 36.84435577910406, -28.0, 8.0], [0.5231266125464921, 38.16081837912566, -28.0, 8.0], [0.5352994248792913, 39.47706745021565, -28.0, 8.0], [0.5519155408847293, 40.79304475721092, -28.0, 8.0], [0.5739270970640858, 42.108692064948265, -28.0, 8.0], [0.6022862299186407, 43.42395113826457, -28.0, 8.0], [0.6379450759496734, 44.738763741996635, -28.0, 8.0], [0.681855771658464, 46.05307164098134, -28.0, 8.0], [0.7349704535462922, 47.3668166000555, -28.0, 8.0], [0.7982412581144375, 48.67994038405596, -28.0, 8.0], [0.8726203218641799, 49.992384757819565, -28.0, 8.0], [0.9638881225956948, 51.3039761524804, -28.0, 8.0], [1.0754121294113048, 52.61464858948425, -28.0, 8.0], [1.2045249657655128, 53.92450521913558, -28.0, 8.0], [1.3485592551128194, 55.233649191738806, -28.0, 8.0], [1.5048476209077282, 56.54218365759836, -28.0, 8.0], [1.6707226866047389, 57.85021176701865, -28.0, 8.0], [1.8435170756583534, 59.15783667030412, -28.0, 8.0], [2.0205634115230744, 60.46516151775922, -28.0, 8.0], [2.1991943176534043, 61.772289459688366, -28.0, 8.0], [2.3767424175038436, 63.07932364639597, -28.0, 8.0], [2.5505403345288933, 64.38636722818646, -28.0, 8.0], [2.717920692183058, 65.69352335536429, -28.0, 8.0], [2.8762161139208353, 67.00089517823388, -28.0, 8.0], [3.02275922319673, 68.30858584709966, -28.0, 8.0], [3.154882643465244, 69.61669851226605, -28.0, 8.0], [3.2699189981808767, 70.92533632403749, -28.0, 8.0], [3.365200910798133, 72.23460243271842, -28.0, 8.0], [3.4380610047715123, 73.54459998861326, -28.0, 8.0], [3.4858319035555168, 74.8554321420264, -28.0, 8.0], [3.518554769647302, 76.16873518583098, -28.0, 8.0], [3.5472007312652414, 77.48565954004884, -28.0, 8.0], [3.5704973604456773, 78.80557954570787, -28.0, 8.0], [3.5871722292249415, 80.1278695438357, -28.0, 8.0], [3.5959529096393714, 81.45190387546016, -28.0, 8.0], [3.595566973725302, 82.77705688160901, -28.0, 8.0], [3.58474199351907, 84.10270290330995, -28.0, 8.0], [3.562205541057012, 85.4282162815908, -28.0, 8.0], [3.5266851883754633, 86.7529713574793, -28.0, 8.0], [3.4769085075107595, 88.07634247200318, -28.0, 8.0], [3.411603070499238, 89.39770396619019, -28.0, 8.0], [3.3294964493772325, 90.71643018106815, -28.0, 8.0], [3.2293162161810827, 92.03189545766475, -28.0, 8.0], [3.109789942947121, 93.34347413700777, -28.0, 8.0], [2.969645201711685, 94.65054056012498, -28.0, 8.0], [2.8076095645111128, 95.95246906804412, -28.0, 8.0], [2.622410603381737, 97.24863400179296, -28.0, 8.0], [2.412775890359894, 98.53840970239928, -28.0, 8.0], [2.1774329974819207, 99.82117051089075, -28.0, 8.0], [1.9140882653148996, 101.0981668002121, -28.0, 8.0], [1.6224657992938674, 102.37111260439846, -28.0, 8.0], [1.3043198187570895, 103.64007775611341, -28.0, 8.0], [0.961404543042834, 104.90513208802042, -28.0, 8.0], [0.5954741914893654, 106.16634543278303, -28.0, 8.0], [0.20828298343495286, 107.4237876230648, -28.0, 8.0], [-0.19841486178213713, 108.67752849152919, -28.0, 8.0], [-0.6228651248236373, 109.92763787083982, -28.0, 8.0], [-1.0633135863512844, 111.17418559366014, -28.0, 8.0], [-1.518006027026809, 112.41724149265369, -28.0, 8.0], [-1.9851882275119417, 113.65687540048403, -28.0, 8.0], [-2.4631059684684233, 114.89315714981467, -28.0, 8.0], [-2.9500050305579766, 116.12615657330912, -28.0, 8.0], [-3.444131194442343, 117.35594350363091, -28.0, 8.0], [-3.9437302407832546, 118.5825877734436, -28.0, 8.0], [-4.447047950242438, 119.8061592154107, -28.0, 8.0], [-4.952330103481636, 121.02672766219573, -28.0, 8.0], [-5.457822481162578, 122.2443629464622, -28.0, 8.0], [-5.961770863946995, 123.45913490087368, -28.0, 8.0], [-6.505164315912832, 124.67196039467277, -28.0, 8.0], [-7.1219622950031, 125.88346978374322, -28.0, 8.0], [-7.79986617267714, 127.09330313071035, -28.0, 8.0], [-8.526577320394285, 128.3011004981994, -28.0, 8.0], [-9.289797109613872, 129.50650194883562, -28.0, 8.0], [-10.077226911795249, 130.7091475452444, -28.0, 8.0], [-10.876568098397744, 131.9086773500509, -28.0, 8.0], [-11.675522040880693, 133.1047314258804, -28.0, 8.0], [-12.461790110703438, 134.2969498353582, -28.0, 8.0], [-13.223073679325319, 135.4849726411096, -28.0, 8.0], [-13.947074118205672, 136.66843990575984, -28.0, 8.0], [-14.621492798803828, 137.84699169193416, -28.0, 8.0], [-15.23403109257913, 139.0202680622579, -28.0, 8.0], [-15.772390370990921, 140.1879090793563, -28.0, 8.0], [-16.224272005498534, 141.34955480585467, -28.0, 8.0], [-16.5773773675613, 142.5048453043782, -28.0, 8.0], [-16.81940782863856, 143.65342063755224, -28.0, 8.0], [-16.938064760189672, 144.79492086800204, -28.0, 8.0], [-16.92104953367393, 145.92898605835285, -28.0, 8.0], [-16.76742004052397, 147.05672361994348, -28.0, 8.0], [-16.491019681976272, 148.17942146514818, -28.0, 8.0], [-16.101728094196055, 149.2969904081455, -28.0, 8.0], [-15.609424913348517, 150.409341263114, -28.0, 8.0], [-15.023989775598872, 151.5163848442321, -28.0, 8.0], [-14.355302317112324, 152.61803196567845, -28.0, 8.0], [-13.613242174054074, 153.71419344163152, -28.0, 8.0], [-12.80768898258934, 154.80478008626986, -28.0, 8.0], [-11.948522378883315, 155.88970271377198, -28.0, 8.0], [-11.045621999101208, 156.9688721383164, -28.0, 8.0], [-10.108867479408236, 158.04219917408165, -28.0, 8.0], [-9.148138455969589, 159.10959463524634, -28.0, 8.0], [-8.173314564950491, 160.17096933598884, -28.0, 8.0], [-7.194275442516135, 161.22623409048785, -28.0, 8.0], [-6.220900724831732, 162.27529971292176, -28.0, 8.0], [-5.2630700480624935, 163.31807701746916, -28.0, 8.0], [-4.330663048373617, 164.35447681830863, -28.0, 8.0], [-3.43355936193031, 165.3844099296186, -28.0, 8.0], [-2.5816386248977814, 166.40778716557764, -28.0, 8.0], [-1.7085364417808244, 167.41810852527368, -28.0, 8.0], [-0.7509268621095908, 168.41042415415595, -28.0, 8.0], [0.276752810412683, 169.3869700859454, -28.0, 8.0], [1.3600652720827489, 170.34998235436257,