{"control_nodes": [[-4.592425496802574e-15, -25.0, -28.0, 8.0], [0.0, 0.0, -28.0, 8.0], [0.43631016093208996, 24.996192378909782, -28.0, 8.0], [0.8726203218641799, 49.992384757819565, -28.0, 8.0], [-17.99511918370512, 66.39386048258226, -28.0, 8.0], [-12.797326913261134, 90.8475505009274, -28.0, 8.0], [-11.924839495698608, 115.83232117640479, -28.0, 8.0], [10.350323609010589, 127.18208366989346, -28.0, 8.0], [22.850323609010594, 148.83271876450442, -28.0, 8.0], [39.578588767982055, 167.41133940143928, -28.0, 8.0], [54.97012565112351, 187.1116082416073, -28.0, 8.0], [70.70313542736945, 206.5402572780316, -28.0, 8.0]], "sample_nodes": [[0.0, 0.0, -28.0, 8.0], [0.012658656076029565, 1.3156790032662282, -28.0, 8.0], [0.02754370894935066, 2.6313385770619515, -28.0, 8.0], [0.044464324608766974, 3.9469803867703668, -28.0, 8.0], [0.06322966904308198, 5.262606097774648, -28.0, 8.0], [0.08364890824109937, 6.578217375457992, -28.0, 8.0], [0.10553120819162266, 7.893815885203578, -28.0, 8.0], [0.12868573488345536, 9.20940329239459, -28.0, 8.0], [0.15292165430540106, 10.524981262414212, -28.0, 8.0], [0.17804813244626355, 11.840551460645646, -28.0, 8.0], [0.20387433529484628, 13.156115552472063, -28.0, 8.0], [0.2302094288399526, 14.471675203276643, -28.0, 8.0], [0.2568625790703865, 15.78723207844259, -28.0, 8.0], [0.28364295197495115, 17.10278784335307, -28.0, 8.0], [0.31035971354245045, 18.418344163391282, -28.0, 8.0], [0.33682202976168785, 19.733902703940412, -28.0, 8.0], [0.36283906662146675, 21.049465130383634, -28.0, 8.0], [0.38821999011059116, 22.36503310810415, -28.0, 8.0], [0.41277396621786433, 23.68060830248514, -28.0, 8.0], [0.43631016093208996, 24.996192378909782, -28.0, 8.0], [0.484603558671556, 26.32305896276658, -28.0, 8.0], [0.5779275431822744, 27.669974455570205, -28.0, 8.0], [0.7078388794446362, 29.033179686893146, -28.0, 8.0], [0.86589433243903, 30.408915486307848, -28.0, 8.0], [1.043650667145848, 31.793422683386808, -28.0, 8.0], [1.2326646485454789, 33.182942107702466, -28.0, 8.0], [1.4244930416183121, 34.5737145888273, -28.0, 8.0], [1.6106926113447395, 35.961980956333775, -28.0, 8.0], [1.782820122705151, 37.34398203979438, -28.0, 8.0], [1.932432340679936, 38.71595866878156, -28.0, 8.0], [2.0510860302494835, 40.074151672867785, -28.0, 8.0], [2.130337956394186, 41.414801881625536, -28.0, 8.0], [2.161744884094432, 42.734150124627256, -28.0, 8.0], [2.1368635783306127, 44.02843723144545, -28.0, 8.0], [2.047250804083116, 45.293904031652545, -28.0, 8.0], [1.8844633263323363, 46.52679135482105, -28.0, 8.0], [1.64005791005866, 47.72334003052341, -28.0, 8.0], [1.3055913202424776, 48.87979088833209, -28.0, 8.0], [0.8726203218641799, 49.992384757819565, -28.0, 8.0], [0.30393863334961246, 51.04804985564272, -28.0, 8.0], [-0.41938516724306335, 52.041074552300586, -28.0, 8.0], [-1.2783820254849938, 52.97873990812902, -28.0, 8.0], [-2.2540828869473133, 53.86832698346376, -28.0, 8.0], [-3.3275186972011705, 54.71711683864065, -28.0, 8.0], [-4.479720401817701, 55.532390533995425, -28.0, 8.0], [-5.691718946368045, 56.32142912986392, -28.0, 8.0], [-6.944545276423343, 57.09151368658189, -28.0, 8.0], [-8.219230337554746, 57.84992526448516, -28.0, 8.0], [-9.496805075333386, 58.603944923909495, -28.0, 8.0], [-10.7583004353304, 59.360853725190694, -28.0, 8.0], [-11.984747363116945, 60.12793272866455, -28.0, 8.0], [-13.157176804264138, 60.91246299466683, -28.0, 8.0], [-14.25661970434314, 61.72172558353336, -28.0, 8.0], [-15.264107008925087, 62.56300155559992, -28.0, 8.0], [-16.16066966358111, 63.4435719712023, -28.0, 8.0], [-16.92733861388237, 64.37071789067629, -28.0, 8.0], [-17.545144805399996, 65.35172037435768, -28.0, 8.0], [-17.99511918370512, 66.39386048258226, -28.0, 8.0], [-18.28426999204569, 67.49001788966028, -28.0, 8.0], [-18.440529928567244, 68.62602515965725, -28.0, 8.0], [-18.47631662118738, 69.79859268754196, -28.0, 8.0], [-18.404047697823664, 71.00443086828315, -28.0, 8.0], [-18.236140786393683, 72.24025009684955, -28.0, 8.0], [-17.98501351481502, 73.50276076820994, -28.0, 8.0], [-17.663083511005247, 74.78867327733305, -28.0, 8.0], [-17.28276840288196, 76.09469801918763, -28.0, 8.0], [-16.856485818362724, 77.41754538874244, -28.0, 8.0], [-16.39665338536512, 78.75392578096623, -28.0, 8.0], [-15.915688731806737, 80.1005495908277, -28.0, 8.0], [-15.42600948560515, 81.45412721329566, -28.0, 8.0], [-14.940033274677942, 82.81136904333883, -28.0, 8.0], [-14.47017772694269, 84.16898547592596, -28.0, 8.0], [-14.028860470316982, 85.52368690602584, -28.0, 8.0], [-13.62849913271839, 86.87218372860715, -28.0, 8.0], [-13.2815113420645, 88.2111863386387, -28.0, 8.0], [-13.000314726272888, 89.5374051310892, -28.0, 8.0], [-12.797326913261134, 90.8475505009274, -28.0, 8.0], [-12.677332269330163, 92.16788615058914, -28.0, 8.0], [-12.629334779626507, 93.52273819533927, -28.0, 8.0], [-12.642081500336198, 94.90591064939022, -28.0, 8.0], [-12.70431948764525, 96.31120752695429, -28.0, 8.0], [-12.804795797739686, 97.7324328422439, -28.0, 8.0], [-12.932257486805526, 99.1633906094714, -28.0, 8.0], [-13.07545161102879, 100.59788484284917, -28.0, 8.0], [-13.2231252265955, 102.02971955658955, -28.0, 8.0], [-13.364025389691678, 103.45269876490494, -28.0, 8.0], [-13.486899156503341, 104.86062648200769, -28.0, 8.0], [-13.580493583216509, 106.24730672211018, -28.0, 8.0], [-13.633555726017208, 107.60654349942479, -28.0, 8.0], [-13.634832641091455, 108.93214082816384, -28.0, 8.0], [-13.573071384625269, 110.21790272253975, -28.0, 8.0], [-13.437019012804674, 111.45763319676485, -28.0, 8.0], [-13.215422581815691, 112.64513626505155, -28.0, 8.0], [-12.897029147844341, 113.7742159416122, -28.0, 8.0], [-12.470585767076638, 114.83867624065915, -28.0, 8.0], [-11.924839495698608, 115.83232117640479, -28.0, 8.0], [-11.245137368941846, 116.73820071164631, -28.0, 8.0], [-10.433419458728967, 117.55047487467789, -28.0, 8.0], [-9.50332237628254, 118.27961277795765, -28.0, 8.0], [-8.46848273282513, 118.93608353394347, -28.0, 8.0], [-7.3425371395792975, 119.53035625509341, -28.0, 8.0], [-6.139122207767608, 120.0729000538654, -28.0, 8.0], [-4.87187454861263, 120.5741840427174, -28.0, 8.0], [-3.554430773336925, 121.04467733410748, -28.0, 8.0], [-2.2004274931630503, 121.49484904049362, -28.0, 8.0], [-0.8235013193135745, 121.93516827433373, -28.0, 8.0], [0.5627111369889308, 122.37610414808584, -28.0, 8.0], [1.9445732645219174, 122.82812577420796, -28.0, 8.0], [3.3084484520627977, 123.30170226515807, -28.0, 8.0], [4.64070008838903, 123.80730273339412, -28.0, 8.0], [5.927691562278043, 124.35539629137412, -28.0, 8.0], [7.15578626250726, 124.95645205155608, -28.0, 8.0], [8.31134757785414, 125.62093912639796, -28.0, 8.0], [9.380738897096105, 126.35932662835776, -28.0, 8.0], [10.350323609010589, 127.18208366989346, -28.0, 8.0], [11.233545949954191, 128.08232948384475, -28.0, 8.0], [12.057024457801365, 129.04230452543297, -28.0, 8.0], [12.826883973606359, 130.05615974068883, -28.0, 8.0], [13.54924933842341, 131.11804607564272, -28.0, 8.0], [14.23024539330677, 132.22211447632534, -28.0, 8.0], [14.87599697931067, 133.36251588876715, -28.0, 8.0], [15.492628937489352, 134.53340125899874, -28.0, 8.0], [16.08626610889706, 135.72892153305068, -28.0, 8.0], [16.66303333458804, 136.94322765695352, -28.0, 8.0], [17.229055455616525, 138.1704705767378, -28.0, 8.0], [17.790457313036754, 139.4048012384341, -28.0, 8.0], [18.353363747902982, 140.640370588073, -28.0, 8.0], [18.92389960126944, 141.87132957168507, -28.0, 8.0], [19.50818971419037, 143.09182913530074, -28.0, 8.0], [20.112358927720017, 144.29602022495075, -28.0, 8.0], [20.742532082912614, 145.47805378666555, -28.0, 8.0], [21.404834020822424, 146.63208076647572, -28.0, 8.0], [22.105389582503676, 147.75225211041186, -28.0, 8.0], [22.850323609010594, 148.83271876450442, -28.0, 8.0], [23.632646880787505, 149.88162582941885, -28.0, 8.0], [24.43966426730085, 150.9122405955622, -28.0, 8.0], [25.268941743138136, 151.92639729357793, -28.0, 8.0], [26.11804528288685, 