{"control_nodes": [[-4.592425496802574e-15, -25.0, -28.0, 8.0], [0.0, 0.0, -28.0, 8.0], [0.43631016093208996, 24.996192378909782, -28.0, 8.0], [0.8726203218641799, 49.992384757819565, -28.0, 8.0], [-5.597855805698841, 74.14053041504627, -28.0, 8.0], [-17.718096311857266, 96.00602309353117, -28.0, 8.0], [-36.00193885233653, 113.05598209509364, -28.0, 8.0], [-60.96767722120087, 114.36438100116723, -28.0, 8.0], [-84.74409012857971, 106.63895614179356, -28.0, 8.0], [-109.1033417482106, 112.26273250039019, -28.0, 8.0], [-127.08683675667687, 129.62919176186512, -28.0, 8.0], [-145.07033176514315, 146.99565102334003, -28.0, 8.0]], "sample_nodes": [[0.0, 0.0, -28.0, 8.0], [0.012658656076029565, 1.3156790032662282, -28.0, 8.0], [0.02754370894935066, 2.6313385770619515, -28.0, 8.0], [0.044464324608766974, 3.9469803867703668, -28.0, 8.0], [0.06322966904308198, 5.262606097774648, -28.0, 8.0], [0.08364890824109937, 6.578217375457992, -28.0, 8.0], [0.10553120819162266, 7.893815885203578, -28.0, 8.0], [0.12868573488345536, 9.20940329239459, -28.0, 8.0], [0.15292165430540106, 10.524981262414212, -28.0, 8.0], [0.17804813244626355, 11.840551460645646, -28.0, 8.0], [0.20387433529484628, 13.156115552472063, -28.0, 8.0], [0.2302094288399526, 14.471675203276643, -28.0, 8.0], [0.2568625790703865, 15.78723207844259, -28.0, 8.0], [0.28364295197495115, 17.10278784335307, -28.0, 8.0], [0.31035971354245045, 18.418344163391282, -28.0, 8.0], [0.33682202976168785, 19.733902703940412, -28.0, 8.0], [0.36283906662146675, 21.049465130383634, -28.0, 8.0], [0.38821999011059116, 22.36503310810415, -28.0, 8.0], [0.41277396621786433, 23.68060830248514, -28.0, 8.0], [0.43631016093208996, 24.996192378909782, -28.0, 8.0], [0.46833655613444325, 26.312894211433708, -28.0, 8.0], [0.516474422486515, 27.63157428386824, -28.0, 8.0], [0.5777028591477339, 28.951861676230163, -28.0, 8.0], [0.6490009652775266, 30.27338546853621, -28.0, 8.0], [0.7273478400353218, 31.595774740803165, -28.0, 8.0], [0.8097225825805465, 32.918658573047765, -28.0, 8.0], [0.8931042920726284, 34.241666045286784, -28.0, 8.0], [0.9744720676709956, 35.56442623753696, -28.0, 8.0], [1.0508050085350757, 36.8865682298151, -28.0, 8.0], [1.1190822138242966, 38.20772110213791, -28.0, 8.0], [1.1762827826980853, 39.52751393452216, -28.0, 8.0], [1.2193858143158705, 40.84557580698465, -28.0, 8.0], [1.2453704078370789, 42.16153579954208, -28.0, 8.0], [1.251215662421139, 43.47502299221125, -28.0, 8.0], [1.2339006772274779, 44.7856664650089, -28.0, 8.0], [1.1904045514155241, 46.0930952979518, -28.0, 8.0], [1.1177063841447048, 47.3969385710567, -28.0, 8.0], [1.0127852745744474, 48.69682536434037, -28.0, 8.0], [0.8726203218641799, 49.992384757819565, -28.0, 8.0], [0.7026109000961838, 51.286364642347955, -28.0, 8.0], [0.510536849367727, 52.581341875236284, -28.0, 8.0], [0.29694796786071564, 53.87668898618699, -28.0, 8.0], [0.06239405375705748, 55.17177850490248, -28.0, 8.0], [-0.192575094761342, 56.46598296108517, -28.0, 8.0], [-0.46740967951257484, 57.758674884437426, -28.0, 8.0], [-0.7615599023147339, 59.0492268046617, -28.0, 8.0], [-1.0744759649859124, 60.337011251460396, -28.0, 8.0], [-1.4056080693442055, 61.62140075453591, -28.0, 8.0], [-1.7544064172077047, 62.90176784359065, -28.0, 8.0], [-2.1203212103945015, 64.17748504832703, -28.0, 8.0], [-2.502802650722694, 65.44792489844747, -28.0, 8.0], [-2.901300940010368, 66.71245992365436, -28.0, 8.0], [-3.3152662800756234, 67.97046265365013, -28.0, 8.0], [-3.744148872736551, 69.22130561813715, -28.0, 8.0], [-4.187398919811241, 70.46436134681788, -28.0, 8.0], [-4.644466623117792, 71.6990023693947, -28.0, 8.0], [-5.114802184474295, 72.92460121557004, -28.0, 8.0], [-5.597855805698841, 74.14053041504627, -28.0, 8.0], [-6.094236119896516, 75.35157757098467, -28.0, 8.0], [-6.605068121031309, 76.56221004323373, -28.0, 8.0], [-7.13057655220968, 77.77131999652673, -28.0, 8.0], [-7.670986156538078, 78.97779959559688, -28.0, 8.0], [-8.226521677122964, 80.1805410051775, -28.0, 8.0], [-8.797407857070791, 81.37843639000184, -28.0, 8.0], [-9.383869439488013, 82.57037791480315, -28.0, 8.0], [-9.986131167481084, 83.75525774431469, -28.0, 8.0], [-10.604417784156468, 84.93196804326976, -28.0, 8.0], [-11.23895403262061, 86.09940097640157, -28.0, 8.0], [-11.889964655979965, 87.25644870844344, -28.0, 8.0], [-12.557674397341, 88.40200340412858, -28.0, 8.0], [-13.242307999810155, 89.5349572281903, -28.0, 8.0], [-13.944090206493891, 90.65420234536182, -28.0, 8.0], [-14.663245760498672, 91.75863092037646, -28.0, 8.0], [-15.399999404930941, 92.84713511796744, -28.0, 8.0], [-16.154575882897163, 93.91860710286807, -28.0, 8.0], [-16.927199937503786, 94.97193903981155, -28.0, 8.0], [-17.718096311857266, 96.00602309353117, -28.0, 8.0], [-18.526060528958535, 97.03778073984769, -28.0, 8.0], [-19.349889411163606, 98.08168611656737, -28.0, 8.0], [-20.189809650611622, 99.13296038140193, -28.0, 8.0], [-21.04604793944167, 100.18682469206303, -28.0, 8.0], [-21.918830969792893, 101.2385002062623, -28.0, 8.0], [-22.80838543380439, 102.28320808171142, -28.0, 8.0], [-23.714938023615275, 103.31616947612206, -28.0, 8.0], [-24.63871543136467, 104.33260554720589, -28.0, 8.0], [-25.57994434919169, 105.32773745267457, -28.0, 8.0], [-26.538851469235446, 106.29678635023976, -28.0, 8.0], [-27.51566348363505, 107.23497339761309, -28.0, 8.0], [-28.510607084529635, 108.13751975250628, -28.0, 8.0], [-29.523908964058293, 108.99964657263095, -28.0, 8.0], [-30.55579581436016, 109.81657501569879, -28.0, 8.0], [-31.606494327574342, 110.58352623942145, -28.0, 8.0], [-32.67623119583995, 111.29572140151058, -28.0, 8.0], [-33.76523311129611, 111.94838165967792, -28.0, 8.0], [-34.87372676608194, 112.53672817163505, -28.0, 8.0], [-36.00193885233653, 113.05598209509364, -28.0, 8.0], [-37.15966860246264, 113.5084925418717, -28.0, 8.0], [-38.354268969497525, 113.90175041202127, -28.0, 8.0], [-39.58229722653207, 114.23868954560504, -28.0, 8.0], [-40.840310646657144, 114.5222437826857, -28.0, 8.0], [-42.12486650296364, 114.75534696332598, -28.0, 8.0], [-43.43252206854247, 114.94093292758859, -28.0, 8.0], [-44.75983461648448, 115.08193551553623, -28.0, 8.0], [-46.10336141988059, 115.18128856723165, -28.0, 8.0], [-47.45965975182167, 115.2419259227375, -28.0, 8.0], [-48.825286885398604, 115.26678142211651, -28.0, 8.0], [-50.196800093702294, 115.2587889054314, -28.0, 8.0], [-51.57075664982359, 115.2208822127449, -28.0, 8.0], [-52.94371382685341, 115.15599518411966, -28.0, 8.0], [-54.31222889788265, 115.06706165961843, -28.0, 8.0], [-55.672859136002174, 114.95701547930395, -28.0, 8.0], [-57.02216181430286, 114.82879048323883, -28.0, 8.0], [-58.356694205875606, 114.68532051148587, -28.0, 8.0], [-59.67301358381134, 114.52953940410778, -28.0, 8.0], [-60.967677221200866, 114.36438100116722, -28.0, 8.0], [-62.24639281179925, 114.15362990987212, -28.0, 8.0], [-63.51767994190071, 113.8656414587172, -28.0, 8.0], [-64.78231372340522, 113.5102055696956, -28.0, 8.0], [-66.04106926821257, 113.0971121648003, -28.0, 8.0], [-67.29472168822268, 112.63615116602432, -28.0, 8.0], [-68.54404609533542, 112.13711249536077, -28.0, 8.0], [-69.78981760145061, 111.60978607480257, -28.0, 8.0], [-71.03281131846816, 111.06396182634288, -28.0, 8.0], [-72.27380235828795, 110.50942967197467, -28.0, 8.0], [-73.51356583280983, 109.95597953369102, -28.0, 8.0], [-74.75287685393367, 109.4134013334849, -28.0, 8.0], [-75.99251053355937, 108.89148499334944, -28.0, 8.0], [-77.23324198358675, 108.40002043527761, -28.0, 8.0], [-78.47584631591572, 107.94879758126247, -28.0, 8.0], [-79.72109864244614, 107.54760635329706, -28.0, 8.0], [-80.96977407507786, 107.20623667337443, -28.0, 8.0], [-82.22264772571081, 106.93447846348762, -28.0, 8.0], [-83.4804947062448, 106.74212164562965, -28.0, 8.0], [-84.74409012857971, 106.63895614179356, -28.0, 8.0], [-86.02075608175109, 106.60424678503838, -28.0, 8.0], [-87.31526887275702, 106.61026335278866, -28.0, 8.0], [-88.6245849404414, 106.65630318358569, -28.0, 8.0], 