,Seed id,Fog density of successful version,Fog density of failure version
0,0,0.40625,0.421875
1,1,0.46875,0.484375
2,2,0.3125,0.328125
3,3,0.75,0.765625
4,4,0.5,0.515625
5,5,0.34375,0.359375
6,6,0.5,0.515625
7,7,0.71875,0.734375
8,8,0.53125,0.546875
9,9,0.25,0.265625
