{"archive_len": 8, "radius": 0.06875, "diameter_out": 0.18537258942169468, "diameter_in": 0.22823753751786247}