{"archive_len": 4, "radius": 0.24214614399648257, "diameter_out": 0.21157390067314857, "diameter_in": 0.010936037341615468}