{"amount for successful fog densities": [0.15625, 0.1796875, 0.1796875, 0.4921875, 0.15625, 0.140625, 0.2265625, 0.0859375, 0.1796875, 0.2890625, 0.265625, 0.1640625, 0.1640625, 0.1796875, 0.1640625, 0.1796875, 0.1796875, 0.0859375, 0.1796875, 0.1328125], "amount for failure fog densities": [0.16015625, 0.1875, 0.1875, 0.5, 0.16015625, 0.14453125, 0.234375, 0.09375, 0.1875, 0.296875, 0.26953125, 0.171875, 0.171875, 0.1875, 0.171875, 0.1875, 0.1875, 0.09375, 0.1875, 0.140625]}