{"archive_len": 4, "radius": 0.23446559543882287, "diameter_out": 0.19014621755635439, "diameter_in": 0.01747856215744098}