{"archive_len": 24, "radius": 0.10208333333333335, "diameter_out": 0.22503111513710783, "diameter_in": 0.2561405912616572}