,archive_size,min_fog_failure,max_fog_failure,avg_fog_failure,std_fog_failure
0,25,0.11136065422568192,0.47222626338308854,0.2801648465713677,0.08729049928927399
