{"archive_len": 40, "radius": 0.10375000000000001, "diameter_out": 0.27112588817985195, "diameter_in": 0.30120311329886906}