,Seed id,Fog density of successful version,Fog density of failure version
0,0,0.1875,0.203125
1,1,0.15625,0.171875
2,2,0.15625,0.171875
3,3,0.03125,0.046875
4,4,0.21875,0.234375
5,5,0.15625,0.171875
6,6,0.15625,0.171875
7,7,0.15625,0.171875
8,8,0.03125,0.046875
9,9,0.15625,0.171875
