,Seed id,Fog density of successful version,Fog density of failure version
0,0,0.28125,0.296875
1,1,0.34375,0.359375
2,2,0.28125,0.296875
3,3,0.46875,0.484375
4,4,0.3125,0.328125
5,5,0.375,0.390625
6,6,0.40625,0.421875
