,archive_size,min_fog_failure,max_fog_failure,avg_fog_failure,std_fog_failure
0,12,0.08490455070797882,0.29577479625329506,0.1802675348813799,0.05980456196595172
