,archive_size,min_fog_failure,max_fog_failure,avg_fog_failure,std_fog_failure
0,8,0.05922532697604907,0.2514328874805304,0.19620967794855781,0.04718436298426053
