{"archive_len": 2, "radius": 0.26693818770316274, "diameter_out": 0.0003456214938001301, "diameter_in": 0.0003456214938001301}