,archive_size,min_fog_failure,max_fog_failure,avg_fog_failure,std_fog_failure
0,6,0.13386217074425802,0.21539814769744783,0.1665701355158282,0.02758688388219754
