{"archive_len": 24, "radius": 0.1125, "diameter_out": 0.30000000000000004, "diameter_in": 0.4708333333333334}