,Seed id,Fog density of successful version,Fog density of failure version
0,0,0.21875,0.234375
1,1,0.125,0.140625
2,2,0.15625,0.171875
3,3,0.15625,0.171875
4,4,0.1875,0.203125
5,5,0.15625,0.171875
6,6,0.125,0.140625
7,7,0.0625,0.078125
8,8,0.125,0.140625
