,archive_size,min_fog_failure,max_fog_failure,avg_fog_failure,std_fog_failure
0,7,0.0796001128629108,0.3286036110363748,0.18490609302964328,0.09148027892050486
