timer	damage	pos	dir	vel	gforces	gforces2	steering	steering_input	brake	brake_input	throttle	throttle_input	throttleFactor	engineThrottle	wheelspeed	vel_kmh	is_oob	oob_counter	max_oob_percentage	oob_distance
0	0	(2.0239598751068115, 2.480642318725586, -28)	(0.009620939381420612, 0.9999536871910095, 0)	(0, 0, 0)	(0, 0, 0)	(0, 0, 0)	0	None	0	None	0	None	None	None	0	0	False	0	nan	1.9979954041038714
0.04000000283122063	0	(2.023895740509033, 2.4807169437408447, -27.996498107910156)	(0.009606482461094856, 0.9999538064002991, -0.0003566279774531722)	(0.001565784215927124, -0.019607948139309883, 0.08786231279373169)	(0.45377230644226074, 0.9916479587554932, -7.291672706604004)	(0.036814038180067954, -0.07561807245264318, -1.988868583915913)	-10.240090614013516	0.02488618159650037	0	0	0.990760404204815	0.990760404204815	1	0.990760404204815	0.029033260208011676	0	False	0	nan	1.997930429509827
0.09000000637024641	0	(2.0239293575286865, 2.4811415672302246, -27.990829467773438)	(0.009438871406018734, 0.9999544620513916, -0.0013939673081040382)	(0.0030345297418534756, 0.04498296231031418, 0.09929993003606796)	(-0.24798917770385742, -0.919975757598877, -10.848417282104492)	(-0.03663296951156647, -0.13880171264184646, -4.539768716601149)	-22.107331250654287	0.0477645617079275	0	0	0.9905937729874683	0.9905937729874683	1	0.9905937729874683	0.04636560626146369	0	False	0	nan	1.9979592413735274
0.1400000099092722	0	(2.023996353149414, 2.4853909015655518, -27.983776092529297)	(0.009549800306558609, 0.9999525547027588, -0.0019156107446178794)	(-0.0020186614710837603, 0.1181037649512291, 0.1603412628173828)	(-0.07066745311021805, -1.6226274967193604, -10.242517471313477)	(-0.03072325024226771, -0.5439885095282627, -6.280652295596199)	-32.88557988642198	0.06847686242591612	0	0	0.9912705055971296	0.9912705055971296	1	0.9912705055971296	0.1109292774212079	1	False	0	nan	1.997978167596407
0.19000001344829798	0	(2.0223171710968018, 2.4931998252868652, -27.975112915039062)	(0.008394814096391201, 0.9999633431434631, -0.0016853316919878125)	(-0.06825337558984756, 0.18294066190719604, 0.1869966983795166)	(1.2712957859039307, -1.3579795360565186, -9.982723236083984)	(0.20438106721714855, -0.8066612542752419, -7.522900924318083)	-42.64389628034417	0.08722945618162388	0	0	0.9901457719791948	0.9901457719791948	1	0.9901457719791948	0.16398923335096538	1	False	0	nan	1.9962107645934297
