,Seed id,Fog density of successful version,Fog density of failure version
0,0,0.125,0.140625
1,1,0.21875,0.234375
2,2,0.03125,0.046875
3,3,0.25,0.265625
4,4,0.15625,0.171875
5,5,0.125,0.140625
6,6,0.15625,0.171875
7,7,0.15625,0.171875
8,8,0.28125,0.296875
9,9,0.03125,0.046875
