{"archive_len": 24, "radius": 0.08750000000000001, "diameter_out": 0.2344904424631444, "diameter_in": 0.30736056421005903}