{"archive_len": 24, "radius": 0.06666666666666667, "diameter_out": 0.2602088006896881, "diameter_in": 0.2694885577167697}